base	base_tr	variation	type	variant1	variant2	resp1	resp2	log_odds	derivational	nsyl	vowel	suffix	carrier_sentence	target_sentence	cat1_weight	baseline_gcm_info
aglik	aglik	lakok/lakom	nonce word response	aglok	aglom	12	15	-0.2076393647782445	-lik	1	NA	NA	Te bizony sokat aglasz.	Én is sokat...	0.5859767649053986	q: thirty, s: 0.9, r: 0.5
bihánylik	bihá¥lik	lakok/lakom	nonce word response	bihánylok	bihánylom	21	5	1.2992829841302609	-lik	2	NA	NA	Te bizony sokat bihánylasz.	Én is sokat...	0.45697654005561517	q: thirty, s: 0.9, r: 0.5
bivégszik	bivégßik	lakok/lakom	nonce word response	bivégszek	bivégszem	7	22	-1.0560526742493137	-szik	2	NA	NA	Te bizony sokat bivégszel.	Én is sokat...	0.42045972532442893	q: thirty, s: 0.9, r: 0.5
bivejlik	bivejlik	lakok/lakom	nonce word response	bivejlek	bivejlem	18	8	0.7472144018302211	-lik	2	NA	NA	Te bizony sokat bivejlesz.	Én is sokat...	0.5180080788500805	q: thirty, s: 0.9, r: 0.5
böjzik	böjzik	lakok/lakom	nonce word response	böjzök	böjzöm	14	12	0.14310084364067324	-zik	1	NA	NA	Te bizony sokat böjzöl.	Én is sokat...	0.5556160044343936	q: thirty, s: 0.9, r: 0.5
bölszik	bölßik	lakok/lakom	nonce word response	bölszök	bölszöm	16	11	0.3483066942682158	-szik	1	NA	NA	Te bizony sokat bölszöl.	Én is sokat...	0.49295123844873	q: thirty, s: 0.9, r: 0.5
brágaklik	brágaklik	lakok/lakom	nonce word response	brágaklok	brágaklom	12	17	-0.325422400434628	-lik	2	NA	NA	Te bizony sokat brágaklasz.	Én is sokat...	0.406709791763515	q: thirty, s: 0.9, r: 0.5
brarlik	brarlik	lakok/lakom	nonce word response	brarlok	brarlom	21	6	1.1451323043030026	-lik	1	NA	NA	Te bizony sokat brarlasz.	Én is sokat...	0.5190114919639445	q: thirty, s: 0.9, r: 0.5
brivegzik	brivegzik	lakok/lakom	nonce word response	brivegzek	brivegzem	8	21	-0.8938178760220964	-zik	2	NA	NA	Te bizony sokat brivegzel.	Én is sokat...	0.5223766000634664	q: thirty, s: 0.9, r: 0.5
brobódzik	brobódzik	lakok/lakom	nonce word response	brobódzok	brobódzom	9	18	-0.6418538861723948	-zik	2	NA	NA	Te bizony sokat brobódzol.	Én is sokat...	0.4760764420131411	q: thirty, s: 0.9, r: 0.5
brubzik	brubzik	lakok/lakom	nonce word response	brubzok	brubzom	16	11	0.3483066942682158	-zik	1	NA	NA	Te bizony sokat brubzol.	Én is sokat...	0.5178587615012066	q: thirty, s: 0.9, r: 0.5
brüjlik	brüjlik	lakok/lakom	nonce word response	brüjlök	brüjlöm	18	8	0.7472144018302211	-lik	1	NA	NA	Te bizony sokat brüjlesz.	Én is sokat...	0.5303502637248096	q: thirty, s: 0.9, r: 0.5
büglik	büglik	lakok/lakom	nonce word response	büglök	büglöm	19	7	0.9162907318741552	-lik	1	NA	NA	Te bizony sokat büglesz.	Én is sokat...	0.5594229213687474	q: thirty, s: 0.9, r: 0.5
bűtszik	bűtßik	lakok/lakom	nonce word response	bűtszök	bűtszöm	14	12	0.14310084364067324	-szik	1	NA	NA	Te bizony sokat bűtszöl.	Én is sokat...	0.47165369888122044	q: thirty, s: 0.9, r: 0.5
csíszlik	çíßlik	lakok/lakom	nonce word response	csíszlok	csíszlom	20	9	0.7419373447293773	-lik	1	NA	NA	Te bizony sokat csíszlasz.	Én is sokat...	0.6585757615916884	q: thirty, s: 0.9, r: 0.5
csólorzik	çólorzik	lakok/lakom	nonce word response	csólorzok	csólorzom	10	19	-0.5978370007556204	-zik	2	NA	NA	Te bizony sokat csólorzol.	Én is sokat...	0.5032252294711161	q: thirty, s: 0.9, r: 0.5
driládzik	driládzik	lakok/lakom	nonce word response	driládzok	driládzom	10	19	-0.5978370007556204	-zik	2	NA	NA	Te bizony sokat driládzol.	Én is sokat...	0.5276429192336859	q: thirty, s: 0.9, r: 0.5
drubódzik	drubódzik	lakok/lakom	nonce word response	drubódzok	drubódzom	10	16	-0.4353180712578455	-zik	2	NA	NA	Te bizony sokat drubódzol.	Én is sokat...	0.5078569995296922	q: thirty, s: 0.9, r: 0.5
drügzik	drügzik	lakok/lakom	nonce word response	drügzök	drügzöm	14	13	0.06899287148695142	-zik	1	NA	NA	Te bizony sokat drügzöl.	Én is sokat...	0.4766840989369363	q: thirty, s: 0.9, r: 0.5
düjzik	düjzik	lakok/lakom	nonce word response	düjzök	düjzöm	13	13	0	-zik	1	NA	NA	Te bizony sokat düjzöl.	Én is sokat...	0.5572018501698975	q: thirty, s: 0.9, r: 0.5
féjzik	féjzik	lakok/lakom	nonce word response	féjzek	féjzem	16	10	0.4353180712578455	-zik	1	NA	NA	Te bizony sokat féjzel.	Én is sokat...	0.5356971155888519	q: thirty, s: 0.9, r: 0.5
femlik	femlik	lakok/lakom	nonce word response	femlek	femlem	25	4	1.6486586255873816	-lik	1	NA	NA	Te bizony sokat femlesz.	Én is sokat...	0.5832151498426307	q: thirty, s: 0.9, r: 0.5
feténylik	feté¥lik	lakok/lakom	nonce word response	feténylek	feténylem	23	4	1.5686159179138452	-lik	2	NA	NA	Te bizony sokat feténylesz.	Én is sokat...	0.5081771590989604	q: thirty, s: 0.9, r: 0.5
fibamlik	fibamlik	lakok/lakom	nonce word response	fibamlok	fibamlom	26	3	1.9095425048844383	-lik	2	NA	NA	Te bizony sokat fibamlasz.	Én is sokat...	0.5294935725863933	q: thirty, s: 0.9, r: 0.5
figlik	figlik	lakok/lakom	nonce word response	figlok	figlom	20	9	0.7419373447293773	-lik	1	NA	NA	Te bizony sokat figlasz.	Én is sokat...	0.5537417407632637	q: thirty, s: 0.9, r: 0.5
filágzik	filágzik	lakok/lakom	nonce word response	filágzok	filágzom	7	20	-0.9650808960435872	-zik	2	NA	NA	Te bizony sokat filágzol.	Én is sokat...	0.4750587831795569	q: thirty, s: 0.9, r: 0.5
fivénylik	fivé¥lik	lakok/lakom	nonce word response	fivénylek	fivénylem	20	9	0.7419373447293773	-lik	2	NA	NA	Te bizony sokat fivénylesz.	Én is sokat...	0.527629964040292	q: thirty, s: 0.9, r: 0.5
flagánylik	flagá¥lik	lakok/lakom	nonce word response	flagánylok	flagánylom	22	7	1.0560526742493137	-lik	2	NA	NA	Te bizony sokat flagánylasz.	Én is sokat...	0.4717118273462823	q: thirty, s: 0.9, r: 0.5
flagárzik	flagárzik	lakok/lakom	nonce word response	flagárzok	flagárzom	12	15	-0.2076393647782445	-zik	2	NA	NA	Te bizony sokat flagárzol.	Én is sokat...	0.48236596078902794	q: thirty, s: 0.9, r: 0.5
flátszik	flátßik	lakok/lakom	nonce word response	flátszok	flátszom	11	18	-0.4595323293784402	-szik	1	NA	NA	Te bizony sokat flátszol.	Én is sokat...	0.3118598390423687	q: thirty, s: 0.9, r: 0.5
flehékszik	flehékßik	lakok/lakom	nonce word response	flehékszek	flehékszem	10	19	-0.5978370007556204	-szik	2	NA	NA	Te bizony sokat flehékszel.	Én is sokat...	0.3996223567017229	q: thirty, s: 0.9, r: 0.5
flehénylik	flehé¥lik	lakok/lakom	nonce word response	flehénylek	flehénylem	23	4	1.5686159179138452	-lik	2	NA	NA	Te bizony sokat flehénylesz.	Én is sokat...	0.5442008502118763	q: thirty, s: 0.9, r: 0.5
flérlik	flérlik	lakok/lakom	nonce word response	flérlek	flérlem	23	4	1.5686159179138452	-lik	1	NA	NA	Te bizony sokat flérlesz.	Én is sokat...	0.5058526282051713	q: thirty, s: 0.9, r: 0.5
flibekszik	flibekßik	lakok/lakom	nonce word response	flibekszek	flibekszem	11	18	-0.4595323293784402	-szik	2	NA	NA	Te bizony sokat flibekszel.	Én is sokat...	0.3746237951538336	q: thirty, s: 0.9, r: 0.5
fligzik	fligzik	lakok/lakom	nonce word response	fligzok	fligzom	10	19	-0.5978370007556204	-zik	1	NA	NA	Te bizony sokat fligzol.	Én is sokat...	0.5156493327006837	q: thirty, s: 0.9, r: 0.5
fliraklik	fliraklik	lakok/lakom	nonce word response	fliraklok	fliraklom	13	13	0	-lik	2	NA	NA	Te bizony sokat fliraklasz.	Én is sokat...	0.4297311422431594	q: thirty, s: 0.9, r: 0.5
flitlik	flitlik	lakok/lakom	nonce word response	flitlok	flitlom	25	4	1.6486586255873816	-lik	1	NA	NA	Te bizony sokat flitlasz.	Én is sokat...	0.5101238198667392	q: thirty, s: 0.9, r: 0.5
floglik	floglik	lakok/lakom	nonce word response	floglok	floglom	18	11	0.4595323293784402	-lik	1	NA	NA	Te bizony sokat floglasz.	Én is sokat...	0.5031230689649454	q: thirty, s: 0.9, r: 0.5
flözlik	flözlik	lakok/lakom	nonce word response	flözlök	flözlöm	20	7	0.965080896043587	-lik	1	NA	NA	Te bizony sokat flözlesz.	Én is sokat...	0.5135249770837346	q: thirty, s: 0.9, r: 0.5
flűmlik	flűmlik	lakok/lakom	nonce word response	flűmlök	flűmlöm	24	5	1.4271163556401458	-lik	1	NA	NA	Te bizony sokat flűmlesz.	Én is sokat...	0.5182868348569227	q: thirty, s: 0.9, r: 0.5
flűröklik	flűröklik	lakok/lakom	nonce word response	flűröklök	flűröklöm	17	12	0.32542240043462795	-lik	2	NA	NA	Te bizony sokat flűröklesz.	Én is sokat...	0.5025238114242445	q: thirty, s: 0.9, r: 0.5
flüröslik	flüröslik	lakok/lakom	nonce word response	flüröslök	flüröslöm	20	9	0.7419373447293773	-lik	2	NA	NA	Te bizony sokat flüröslesz.	Én is sokat...	0.5653620257447176	q: thirty, s: 0.9, r: 0.5
frágapszik	frágapßik	lakok/lakom	nonce word response	frágapszok	frágapszom	11	16	-0.3483066942682157	-szik	2	NA	NA	Te bizony sokat frágapszol.	Én is sokat...	0.36957495326635403	q: thirty, s: 0.9, r: 0.5
fretszik	fretßik	lakok/lakom	nonce word response	fretszek	fretszem	13	13	0	-szik	1	NA	NA	Te bizony sokat fretszel.	Én is sokat...	0.4101517095754021	q: thirty, s: 0.9, r: 0.5
frilegszik	frilegßik	lakok/lakom	nonce word response	frilegszek	frilegszem	11	15	-0.2876820724517809	-szik	2	NA	NA	Te bizony sokat frilegszel.	Én is sokat...	0.3931805716215892	q: thirty, s: 0.9, r: 0.5
friszlik	frißlik	lakok/lakom	nonce word response	friszlok	friszlom	15	14	0.06453852113757116	-lik	1	NA	NA	Te bizony sokat friszlasz.	Én is sokat...	0.552931650634572	q: thirty, s: 0.9, r: 0.5
frivajlik	frivajlik	lakok/lakom	nonce word response	frivajlok	frivajlom	21	5	1.2992829841302609	-lik	2	NA	NA	Te bizony sokat frivajlasz.	Én is sokat...	0.5267650877444696	q: thirty, s: 0.9, r: 0.5
frodlik	frodlik	lakok/lakom	nonce word response	frodlok	frodlom	20	9	0.7419373447293773	-lik	1	NA	NA	Te bizony sokat frodlasz.	Én is sokat...	0.5461418967301815	q: thirty, s: 0.9, r: 0.5
gerénylik	geré¥lik	lakok/lakom	nonce word response	gerénylek	gerénylem	23	3	1.791759469228055	-lik	2	NA	NA	Te bizony sokat gerénylesz.	Én is sokat...	0.5324161364180354	q: thirty, s: 0.9, r: 0.5
gilárzik	gilárzik	lakok/lakom	nonce word response	gilárzok	gilárzom	8	21	-0.8938178760220964	-zik	2	NA	NA	Te bizony sokat gilárzol.	Én is sokat...	0.5228663561145064	q: thirty, s: 0.9, r: 0.5
gyibakszik	©ibakßik	lakok/lakom	nonce word response	gyibakszok	gyibakszom	9	17	-0.587786664902119	-szik	2	NA	NA	Te bizony sokat gyibakszol.	Én is sokat...	0.32273179690248116	q: thirty, s: 0.9, r: 0.5
gyibeslik	©ibeslik	lakok/lakom	nonce word response	gyibeslek	gyibeslem	18	9	0.6418538861723947	-lik	2	NA	NA	Te bizony sokat gyibeslesz.	Én is sokat...	0.5609443031434498	q: thirty, s: 0.9, r: 0.5
gyivádzik	©ivádzik	lakok/lakom	nonce word response	gyivádzok	gyivádzom	9	18	-0.6418538861723948	-zik	2	NA	NA	Te bizony sokat gyivádzol.	Én is sokat...	0.5345018776320164	q: thirty, s: 0.9, r: 0.5
herégszik	herégßik	lakok/lakom	nonce word response	herégszek	herégszem	9	18	-0.6418538861723948	-szik	2	NA	NA	Te bizony sokat herégszel.	Én is sokat...	0.3569092697684242	q: thirty, s: 0.9, r: 0.5
hilarzik	hilarzik	lakok/lakom	nonce word response	hilarzok	hilarzom	14	13	0.06899287148695142	-zik	2	NA	NA	Te bizony sokat hilarzol.	Én is sokat...	0.5189885228390589	q: thirty, s: 0.9, r: 0.5
hűgzik	hűgzik	lakok/lakom	nonce word response	hűgzök	hűgzöm	13	13	0	-zik	1	NA	NA	Te bizony sokat hűgzöl.	Én is sokat...	0.5517146394452714	q: thirty, s: 0.9, r: 0.5
huklik	huklik	lakok/lakom	nonce word response	huklok	huklom	13	14	-0.06899287148695143	-lik	1	NA	NA	Te bizony sokat huklasz.	Én is sokat...	0.6062312768571236	q: thirty, s: 0.9, r: 0.5
hurjorzik	hurjorzik	lakok/lakom	nonce word response	hurjorzok	hurjorzom	14	13	0.06899287148695142	-zik	2	NA	NA	Te bizony sokat hurjorzol.	Én is sokat...	0.5585210444201288	q: thirty, s: 0.9, r: 0.5
huroslik	huroslik	lakok/lakom	nonce word response	huroslok	huroslom	22	7	1.0560526742493137	-lik	2	NA	NA	Te bizony sokat huroslasz.	Én is sokat...	0.5784637192339162	q: thirty, s: 0.9, r: 0.5
ibáglik	ibáglik	lakok/lakom	nonce word response	ibáglok	ibáglom	18	9	0.6418538861723947	-lik	2	NA	NA	Te bizony sokat ibáglasz.	Én is sokat...	0.4937061816110235	q: thirty, s: 0.9, r: 0.5
ibékszik	ibékßik	lakok/lakom	nonce word response	ibékszek	ibékszem	10	16	-0.4353180712578455	-szik	2	NA	NA	Te bizony sokat ibékszel.	Én is sokat...	0.40371185426715417	q: thirty, s: 0.9, r: 0.5
jonylik	jo¥lik	lakok/lakom	nonce word response	jonylok	jonylom	21	8	0.8938178760220965	-lik	1	NA	NA	Te bizony sokat jonylasz.	Én is sokat...	0.5904042721984248	q: thirty, s: 0.9, r: 0.5
jüslik	jüslik	lakok/lakom	nonce word response	jüslök	jüslöm	20	7	0.965080896043587	-lik	1	NA	NA	Te bizony sokat jüslesz.	Én is sokat...	0.5888709549075136	q: thirty, s: 0.9, r: 0.5
juszlik	jußlik	lakok/lakom	nonce word response	juszlok	juszlom	18	11	0.4595323293784402	-lik	1	NA	NA	Te bizony sokat juszlasz.	Én is sokat...	0.6158693439338677	q: thirty, s: 0.9, r: 0.5
klaráglik	klaráglik	lakok/lakom	nonce word response	klaráglok	klaráglom	20	7	0.965080896043587	-lik	2	NA	NA	Te bizony sokat klaráglasz.	Én is sokat...	0.514823653509375	q: thirty, s: 0.9, r: 0.5
klárzik	klárzik	lakok/lakom	nonce word response	klárzok	klárzom	13	13	0	-zik	1	NA	NA	Te bizony sokat klárzol.	Én is sokat...	0.5369837582206182	q: thirty, s: 0.9, r: 0.5
klétszik	klétßik	lakok/lakom	nonce word response	klétszek	klétszem	11	15	-0.2876820724517809	-szik	1	NA	NA	Te bizony sokat klétszel.	Én is sokat...	0.38596001003467867	q: thirty, s: 0.9, r: 0.5
klibamlik	klibamlik	lakok/lakom	nonce word response	klibamlok	klibamlom	16	10	0.4353180712578455	-lik	2	NA	NA	Te bizony sokat klibamlasz.	Én is sokat...	0.5509869631010949	q: thirty, s: 0.9, r: 0.5
klidlik	klidlik	lakok/lakom	nonce word response	klidlok	klidlom	21	8	0.8938178760220965	-lik	1	NA	NA	Te bizony sokat klidlasz.	Én is sokat...	0.5802496162642746	q: thirty, s: 0.9, r: 0.5
klivaslik	klivaslik	lakok/lakom	nonce word response	klivaslok	klivaslom	19	7	0.9162907318741552	-lik	2	NA	NA	Te bizony sokat klivaslasz.	Én is sokat...	0.5660210900281959	q: thirty, s: 0.9, r: 0.5
klörlik	klörlik	lakok/lakom	nonce word response	klörlök	klörlöm	18	9	0.6418538861723947	-lik	1	NA	NA	Te bizony sokat klörlesz.	Én is sokat...	0.5518939738874131	q: thirty, s: 0.9, r: 0.5
kumlik	kumlik	lakok/lakom	nonce word response	kumlok	kumlom	25	4	1.6486586255873816	-lik	1	NA	NA	Te bizony sokat kumlasz.	Én is sokat...	0.6081079881972336	q: thirty, s: 0.9, r: 0.5
lihadzik	lihadzik	lakok/lakom	nonce word response	lihadzok	lihadzom	16	13	0.1941560144409574	-zik	2	NA	NA	Te bizony sokat lihadzol.	Én is sokat...	0.5184348152223581	q: thirty, s: 0.9, r: 0.5
livaklik	livaklik	lakok/lakom	nonce word response	livaklok	livaklom	7	20	-0.9650808960435872	-lik	2	NA	NA	Te bizony sokat livaklasz.	Én is sokat...	0.42065507072365454	q: thirty, s: 0.9, r: 0.5
lorjódzik	lorjódzik	lakok/lakom	nonce word response	lorjódzok	lorjódzom	13	16	-0.1941560144409575	-zik	2	NA	NA	Te bizony sokat lorjódzol.	Én is sokat...	0.5191082013393498	q: thirty, s: 0.9, r: 0.5
lörűdzik	lörűdzik	lakok/lakom	nonce word response	lörűdzök	lörűdzöm	12	15	-0.2076393647782445	-zik	2	NA	NA	Te bizony sokat lörűdzöl.	Én is sokat...	0.5157067280296594	q: thirty, s: 0.9, r: 0.5
málapszik	málapßik	lakok/lakom	nonce word response	málapszok	málapszom	13	14	-0.06899287148695143	-szik	2	NA	NA	Te bizony sokat málapszol.	Én is sokat...	0.3749071961890436	q: thirty, s: 0.9, r: 0.5
marzik	marzik	lakok/lakom	nonce word response	marzok	marzom	19	8	0.7985076962177716	-zik	1	NA	NA	Te bizony sokat marzol.	Én is sokat...	0.5941111502573353	q: thirty, s: 0.9, r: 0.5
mékszik	mékßik	lakok/lakom	nonce word response	mékszek	mékszem	12	14	-0.1431008436406733	-szik	1	NA	NA	Te bizony sokat mékszel.	Én is sokat...	0.4683607083675979	q: thirty, s: 0.9, r: 0.5
narádzik	narádzik	lakok/lakom	nonce word response	narádzok	narádzom	9	18	-0.6418538861723948	-zik	2	NA	NA	Te bizony sokat narádzol.	Én is sokat...	0.5481799616728322	q: thirty, s: 0.9, r: 0.5
narjárzik	narjárzik	lakok/lakom	nonce word response	narjárzok	narjárzom	13	13	0	-zik	2	NA	NA	Te bizony sokat narjárzol.	Én is sokat...	0.5661222933029422	q: thirty, s: 0.9, r: 0.5
nűröklik	nűröklik	lakok/lakom	nonce word response	nűröklök	nűröklöm	13	16	-0.1941560144409575	-lik	2	NA	NA	Te bizony sokat nűröklesz.	Én is sokat...	0.4842343438576456	q: thirty, s: 0.9, r: 0.5
nyáslik	¥áslik	lakok/lakom	nonce word response	nyáslok	nyáslom	17	9	0.5877866649021191	-lik	1	NA	NA	Te bizony sokat nyáslasz.	Én is sokat...	0.5371091692627377	q: thirty, s: 0.9, r: 0.5
pebzik	pebzik	lakok/lakom	nonce word response	pebzek	pebzem	17	10	0.49247648509779424	-zik	1	NA	NA	Te bizony sokat pebzel.	Én is sokat...	0.6064226273802834	q: thirty, s: 0.9, r: 0.5
péleslik	péleslik	lakok/lakom	nonce word response	péleslek	péleslem	20	9	0.7419373447293773	-lik	2	NA	NA	Te bizony sokat péleslesz.	Én is sokat...	0.5833196012745269	q: thirty, s: 0.9, r: 0.5
píjlik	píjlik	lakok/lakom	nonce word response	píjlok	píjlom	18	9	0.6418538861723947	-lik	1	NA	NA	Te bizony sokat píjlasz.	Én is sokat...	0.5970595844864396	q: thirty, s: 0.9, r: 0.5
piragszik	piragßik	lakok/lakom	nonce word response	piragszok	piragszom	9	17	-0.587786664902119	-szik	2	NA	NA	Te bizony sokat piragszol.	Én is sokat...	0.37010477360468	q: thirty, s: 0.9, r: 0.5
pítszik	pítßik	lakok/lakom	nonce word response	pítszok	pítszom	10	17	-0.49247648509779407	-szik	1	NA	NA	Te bizony sokat pítszol.	Én is sokat...	0.46269974279348247	q: thirty, s: 0.9, r: 0.5
pivegszik	pivegßik	lakok/lakom	nonce word response	pivegszek	pivegszem	8	21	-0.8938178760220964	-szik	2	NA	NA	Te bizony sokat pivegszel.	Én is sokat...	0.42861115487819595	q: thirty, s: 0.9, r: 0.5
plágadzik	plágadzik	lakok/lakom	nonce word response	plágadzok	plágadzom	10	16	-0.4353180712578455	-zik	2	NA	NA	Te bizony sokat plágadzol.	Én is sokat...	0.4822263340207172	q: thirty, s: 0.9, r: 0.5
plövőrzik	plövőrzik	lakok/lakom	nonce word response	plövőrzök	plövőrzöm	14	13	0.06899287148695142	-zik	2	NA	NA	Te bizony sokat plövőrzöl.	Én is sokat...	0.5622269255682798	q: thirty, s: 0.9, r: 0.5
plűbzik	plűbzik	lakok/lakom	nonce word response	plűbzök	plűbzöm	17	10	0.49247648509779424	-zik	1	NA	NA	Te bizony sokat plűbzöl.	Én is sokat...	0.5557139053547387	q: thirty, s: 0.9, r: 0.5
plugzik	plugzik	lakok/lakom	nonce word response	plugzok	plugzom	12	17	-0.325422400434628	-zik	1	NA	NA	Te bizony sokat plugzol.	Én is sokat...	0.5255089996028319	q: thirty, s: 0.9, r: 0.5
praslik	praslik	lakok/lakom	nonce word response	praslok	praslom	24	5	1.4271163556401458	-lik	1	NA	NA	Te bizony sokat praslasz.	Én is sokat...	0.5427286932181247	q: thirty, s: 0.9, r: 0.5
pratánylik	pratá¥lik	lakok/lakom	nonce word response	pratánylok	pratánylom	23	6	1.2321436812926323	-lik	2	NA	NA	Te bizony sokat pratánylasz.	Én is sokat...	0.5012273548614621	q: thirty, s: 0.9, r: 0.5
préleglik	préleglik	lakok/lakom	nonce word response	préleglek	préleglem	18	9	0.6418538861723947	-lik	2	NA	NA	Te bizony sokat préleglesz.	Én is sokat...	0.5570210080370525	q: thirty, s: 0.9, r: 0.5
prezlik	prezlik	lakok/lakom	nonce word response	prezlek	prezlem	19	7	0.9162907318741552	-lik	1	NA	NA	Te bizony sokat prezlesz.	Én is sokat...	0.5466130529042332	q: thirty, s: 0.9, r: 0.5
pribagszik	pribagßik	lakok/lakom	nonce word response	pribagszok	pribagszom	9	17	-0.587786664902119	-szik	2	NA	NA	Te bizony sokat pribagszol.	Én is sokat...	0.43187068205399554	q: thirty, s: 0.9, r: 0.5
pribemlik	pribemlik	lakok/lakom	nonce word response	pribemlek	pribemlem	26	3	1.9095425048844383	-lik	2	NA	NA	Te bizony sokat pribemlesz.	Én is sokat...	0.5558291284609862	q: thirty, s: 0.9, r: 0.5
prihekszik	prihekßik	lakok/lakom	nonce word response	prihekszek	prihekszem	13	16	-0.1941560144409575	-szik	2	NA	NA	Te bizony sokat prihekszel.	Én is sokat...	0.38482062275106604	q: thirty, s: 0.9, r: 0.5
prilegzik	prilegzik	lakok/lakom	nonce word response	prilegzek	prilegzem	11	16	-0.3483066942682157	-zik	2	NA	NA	Te bizony sokat prilegzel.	Én is sokat...	0.5282607249293513	q: thirty, s: 0.9, r: 0.5
prínylik	prí¥lik	lakok/lakom	nonce word response	prínylok	prínylom	17	9	0.5877866649021191	-lik	1	NA	NA	Te bizony sokat prínylasz.	Én is sokat...	0.5368449589621505	q: thirty, s: 0.9, r: 0.5
prohódzik	prohódzik	lakok/lakom	nonce word response	prohódzok	prohódzom	7	22	-1.0560526742493137	-zik	2	NA	NA	Te bizony sokat prohódzol.	Én is sokat...	0.5211742575718047	q: thirty, s: 0.9, r: 0.5
prűrlik	prűrlik	lakok/lakom	nonce word response	prűrlök	prűrlöm	19	7	0.9162907318741552	-lik	1	NA	NA	Te bizony sokat prűrlesz.	Én is sokat...	0.552615464536901	q: thirty, s: 0.9, r: 0.5
pugoslik	pugoslik	lakok/lakom	nonce word response	pugoslok	pugoslom	20	7	0.965080896043587	-lik	2	NA	NA	Te bizony sokat pugoslasz.	Én is sokat...	0.578003841561972	q: thirty, s: 0.9, r: 0.5
rájzik	rájzik	lakok/lakom	nonce word response	rájzok	rájzom	13	13	0	-zik	1	NA	NA	Te bizony sokat rájzol.	Én is sokat...	0.5058534620115432	q: thirty, s: 0.9, r: 0.5
ribegzik	ribegzik	lakok/lakom	nonce word response	ribegzek	ribegzem	13	16	-0.1941560144409575	-zik	2	NA	NA	Te bizony sokat ribegzel.	Én is sokat...	0.5361636908907609	q: thirty, s: 0.9, r: 0.5
ribzik	ribzik	lakok/lakom	nonce word response	ribzok	ribzom	10	19	-0.5978370007556204	-zik	1	NA	NA	Te bizony sokat ribzol.	Én is sokat...	0.589427115816873	q: thirty, s: 0.9, r: 0.5
rokszik	rokßik	lakok/lakom	nonce word response	rokszok	rokszom	11	16	-0.3483066942682157	-szik	1	NA	NA	Te bizony sokat rokszol.	Én is sokat...	0.44398725333909594	q: thirty, s: 0.9, r: 0.5
ruslik	ruslik	lakok/lakom	nonce word response	ruslok	ruslom	21	8	0.8938178760220965	-lik	1	NA	NA	Te bizony sokat ruslasz.	Én is sokat...	0.5880299003933657	q: thirty, s: 0.9, r: 0.5
salárzik	salárzik	lakok/lakom	nonce word response	salárzok	salárzom	15	12	0.20763936477824457	-zik	2	NA	NA	Te bizony sokat salárzol.	Én is sokat...	0.5431709573763087	q: thirty, s: 0.9, r: 0.5
siladzik	siladzik	lakok/lakom	nonce word response	siladzok	siladzom	10	16	-0.4353180712578455	-zik	2	NA	NA	Te bizony sokat siladzol.	Én is sokat...	0.5351369263501529	q: thirty, s: 0.9, r: 0.5
sojzik	sojzik	lakok/lakom	nonce word response	sojzok	sojzom	11	18	-0.4595323293784402	-zik	1	NA	NA	Te bizony sokat sojzol.	Én is sokat...	0.5503679272043959	q: thirty, s: 0.9, r: 0.5
spáraklik	spáraklik	lakok/lakom	nonce word response	spáraklok	spáraklom	18	11	0.4595323293784402	-lik	2	NA	NA	Te bizony sokat spáraklasz.	Én is sokat...	0.46874075526863285	q: thirty, s: 0.9, r: 0.5
spatárzik	spatárzik	lakok/lakom	nonce word response	spatárzok	spatárzom	14	15	-0.06453852113757118	-zik	2	NA	NA	Te bizony sokat spatárzol.	Én is sokat...	0.4897746694430245	q: thirty, s: 0.9, r: 0.5
spatszik	spatßik	lakok/lakom	nonce word response	spatszok	spatszom	11	16	-0.3483066942682157	-szik	1	NA	NA	Te bizony sokat spatszol.	Én is sokat...	0.4256031781893004	q: thirty, s: 0.9, r: 0.5
spélszik	spélßik	lakok/lakom	nonce word response	spélszek	spélszem	16	11	0.3483066942682158	-szik	1	NA	NA	Te bizony sokat spélszel.	Én is sokat...	0.4677541436354019	q: thirty, s: 0.9, r: 0.5
spéslik	spéslik	lakok/lakom	nonce word response	spéslek	spéslem	21	6	1.1451323043030026	-lik	1	NA	NA	Te bizony sokat spéslesz.	Én is sokat...	0.5445821991268232	q: thirty, s: 0.9, r: 0.5
spibádzik	spibádzik	lakok/lakom	nonce word response	spibádzok	spibádzom	12	15	-0.2076393647782445	-zik	2	NA	NA	Te bizony sokat spibádzol.	Én is sokat...	0.5861757376974926	q: thirty, s: 0.9, r: 0.5
spibaklik	spibaklik	lakok/lakom	nonce word response	spibaklok	spibaklom	14	13	0.06899287148695142	-lik	2	NA	NA	Te bizony sokat spibaklasz.	Én is sokat...	0.4823776157776593	q: thirty, s: 0.9, r: 0.5
spihegzik	spihegzik	lakok/lakom	nonce word response	spihegzek	spihegzem	14	15	-0.06453852113757118	-zik	2	NA	NA	Te bizony sokat spihegzel.	Én is sokat...	0.5749085351695022	q: thirty, s: 0.9, r: 0.5
spihemlik	spihemlik	lakok/lakom	nonce word response	spihemlek	spihemlem	25	2	2.159484249353372	-lik	2	NA	NA	Te bizony sokat spihemlesz.	Én is sokat...	0.5709821859512679	q: thirty, s: 0.9, r: 0.5
spilágzik	spilágzik	lakok/lakom	nonce word response	spilágzok	spilágzom	7	20	-0.9650808960435872	-zik	2	NA	NA	Te bizony sokat spilágzol.	Én is sokat...	0.5281876585778715	q: thirty, s: 0.9, r: 0.5
spírzik	spírzik	lakok/lakom	nonce word response	spírzok	spírzom	13	13	0	-zik	1	NA	NA	Te bizony sokat spírzol.	Én is sokat...	0.5549908505163214	q: thirty, s: 0.9, r: 0.5
sprálszik	sprálßik	lakok/lakom	nonce word response	sprálszok	sprálszom	11	15	-0.2876820724517809	-szik	1	NA	NA	Te bizony sokat sprálszol.	Én is sokat...	0.42687593117403594	q: thirty, s: 0.9, r: 0.5
sprédlik	sprédlik	lakok/lakom	nonce word response	sprédlek	sprédlem	25	2	2.159484249353372	-lik	1	NA	NA	Te bizony sokat sprédlesz.	Én is sokat...	0.5403191744557196	q: thirty, s: 0.9, r: 0.5
spröbzik	spröbzik	lakok/lakom	nonce word response	spröbzök	spröbzöm	15	11	0.28768207245178085	-zik	1	NA	NA	Te bizony sokat spröbzöl.	Én is sokat...	0.5374048456625201	q: thirty, s: 0.9, r: 0.5
sprogzik	sprogzik	lakok/lakom	nonce word response	sprogzok	sprogzom	9	20	-0.7419373447293773	-zik	1	NA	NA	Te bizony sokat sprogzol.	Én is sokat...	0.5167531418772009	q: thirty, s: 0.9, r: 0.5
sprökszik	sprökßik	lakok/lakom	nonce word response	sprökszök	sprökszöm	11	15	-0.2876820724517809	-szik	1	NA	NA	Te bizony sokat sprökszöl.	Én is sokat...	0.3771458153987823	q: thirty, s: 0.9, r: 0.5
spubonylik	spubo¥lik	lakok/lakom	nonce word response	spubonylok	spubonylom	23	6	1.2321436812926323	-lik	2	NA	NA	Te bizony sokat spubonylasz.	Én is sokat...	0.5766946831096271	q: thirty, s: 0.9, r: 0.5
spüjzik	spüjzik	lakok/lakom	nonce word response	spüjzök	spüjzöm	21	8	0.8938178760220965	-zik	1	NA	NA	Te bizony sokat spüjzöl.	Én is sokat...	0.5369689275956625	q: thirty, s: 0.9, r: 0.5
spülöklik	spülöklik	lakok/lakom	nonce word response	spülöklök	spülöklöm	15	11	0.28768207245178085	-lik	2	NA	NA	Te bizony sokat spülöklesz.	Én is sokat...	0.5042631204559602	q: thirty, s: 0.9, r: 0.5
spülőrzik	spülőrzik	lakok/lakom	nonce word response	spülőrzök	spülőrzöm	17	9	0.5877866649021191	-zik	2	NA	NA	Te bizony sokat spülőrzöl.	Én is sokat...	0.5356322339731889	q: thirty, s: 0.9, r: 0.5
spülűdzik	spülűdzik	lakok/lakom	nonce word response	spülűdzök	spülűdzöm	13	16	-0.1941560144409575	-zik	2	NA	NA	Te bizony sokat spülűdzöl.	Én is sokat...	0.544515306101522	q: thirty, s: 0.9, r: 0.5
spűmlik	spűmlik	lakok/lakom	nonce word response	spűmlök	spűmlöm	23	4	1.5686159179138452	-lik	1	NA	NA	Te bizony sokat spűmlesz.	Én is sokat...	0.5504210221084497	q: thirty, s: 0.9, r: 0.5
spüszlik	spüßlik	lakok/lakom	nonce word response	spüszlök	spüszlöm	14	12	0.14310084364067324	-lik	1	NA	NA	Te bizony sokat spüszlesz.	Én is sokat...	0.5195380455235536	q: thirty, s: 0.9, r: 0.5
sűzlik	sűzlik	lakok/lakom	nonce word response	sűzlök	sűzlöm	14	12	0.14310084364067324	-lik	1	NA	NA	Te bizony sokat sűzlesz.	Én is sokat...	0.5661232565227546	q: thirty, s: 0.9, r: 0.5
szibánylik	ßibá¥lik	lakok/lakom	nonce word response	szibánylok	szibánylom	19	8	0.7985076962177716	-lik	2	NA	NA	Te bizony sokat szibánylasz.	Én is sokat...	0.5126014602878912	q: thirty, s: 0.9, r: 0.5
szirlik	ßirlik	lakok/lakom	nonce word response	szirlok	szirlom	20	9	0.7419373447293773	-lik	1	NA	NA	Te bizony sokat szirlasz.	Én is sokat...	0.6185735910595745	q: thirty, s: 0.9, r: 0.5
sztremlik	ßtremlik	lakok/lakom	nonce word response	sztremlek	sztremlem	22	5	1.3437347467010947	-lik	1	NA	NA	Te bizony sokat sztremlesz.	Én is sokat...	0.5510419068678243	q: thirty, s: 0.9, r: 0.5
sztrijzik	ßtrijzik	lakok/lakom	nonce word response	sztrijzok	sztrijzom	14	12	0.14310084364067324	-zik	1	NA	NA	Te bizony sokat sztrijzol.	Én is sokat...	0.532448293683855	q: thirty, s: 0.9, r: 0.5
sztrozlik	ßtrozlik	lakok/lakom	nonce word response	sztrozlok	sztrozlom	16	10	0.4353180712578455	-lik	1	NA	NA	Te bizony sokat sztrozlasz.	Én is sokat...	0.5035831584666766	q: thirty, s: 0.9, r: 0.5
sztruglik	ßtruglik	lakok/lakom	nonce word response	sztruglok	sztruglom	16	10	0.4353180712578455	-lik	1	NA	NA	Te bizony sokat sztruglasz.	Én is sokat...	0.5128313992867126	q: thirty, s: 0.9, r: 0.5
sztrűkszik	ßtrűkßik	lakok/lakom	nonce word response	sztrűkszök	sztrűkszöm	11	15	-0.2876820724517809	-szik	1	NA	NA	Te bizony sokat sztrűkszöl.	Én is sokat...	0.38947231961117473	q: thirty, s: 0.9, r: 0.5
szűslik	ßűslik	lakok/lakom	nonce word response	szűslök	szűslöm	21	8	0.8938178760220965	-lik	1	NA	NA	Te bizony sokat szűslesz.	Én is sokat...	0.6185051058711382	q: thirty, s: 0.9, r: 0.5
táklik	táklik	lakok/lakom	nonce word response	táklok	táklom	11	15	-0.2876820724517809	-lik	1	NA	NA	Te bizony sokat táklasz.	Én is sokat...	0.5232490167017946	q: thirty, s: 0.9, r: 0.5
tínylik	tí¥lik	lakok/lakom	nonce word response	tínylok	tínylom	16	10	0.4353180712578455	-lik	1	NA	NA	Te bizony sokat tínylasz.	Én is sokat...	0.6017508367202966	q: thirty, s: 0.9, r: 0.5
tiregzik	tiregzik	lakok/lakom	nonce word response	tiregzek	tiregzem	15	14	0.06453852113757116	-zik	2	NA	NA	Te bizony sokat tiregzel.	Én is sokat...	0.4846885445319247	q: thirty, s: 0.9, r: 0.5
tomlik	tomlik	lakok/lakom	nonce word response	tomlok	tomlom	27	2	2.2335922215070942	-lik	1	NA	NA	Te bizony sokat tomlasz.	Én is sokat...	0.6041041796462502	q: thirty, s: 0.9, r: 0.5
trádlik	trádlik	lakok/lakom	nonce word response	trádlok	trádlom	16	10	0.4353180712578455	-lik	1	NA	NA	Te bizony sokat trádlasz.	Én is sokat...	0.5258759012053336	q: thirty, s: 0.9, r: 0.5
tragzik	tragzik	lakok/lakom	nonce word response	tragzok	tragzom	13	14	-0.06899287148695143	-zik	1	NA	NA	Te bizony sokat tragzol.	Én is sokat...	0.5041457915882556	q: thirty, s: 0.9, r: 0.5
treglik	treglik	lakok/lakom	nonce word response	treglek	treglem	18	8	0.7472144018302211	-lik	1	NA	NA	Te bizony sokat treglesz.	Én is sokat...	0.5127407256599348	q: thirty, s: 0.9, r: 0.5
trehégszik	trehégßik	lakok/lakom	nonce word response	trehégszek	trehégszem	8	18	-0.7472144018302211	-szik	2	NA	NA	Te bizony sokat trehégszel.	Én is sokat...	0.40653226990410773	q: thirty, s: 0.9, r: 0.5
trihagzik	trihagzik	lakok/lakom	nonce word response	trihagzok	trihagzom	9	18	-0.6418538861723948	-zik	2	NA	NA	Te bizony sokat trihagzol.	Én is sokat...	0.524620548120256	q: thirty, s: 0.9, r: 0.5
trilszik	trilßik	lakok/lakom	nonce word response	trilszok	trilszom	15	11	0.28768207245178085	-szik	1	NA	NA	Te bizony sokat trilszol.	Én is sokat...	0.4945902104456473	q: thirty, s: 0.9, r: 0.5
tuboklik	tuboklik	lakok/lakom	nonce word response	tuboklok	tuboklom	16	10	0.4353180712578455	-lik	2	NA	NA	Te bizony sokat tuboklasz.	Én is sokat...	0.5455384302965365	q: thirty, s: 0.9, r: 0.5
vanylik	va¥lik	lakok/lakom	nonce word response	vanylok	vanylom	21	6	1.1451323043030026	-lik	1	NA	NA	Te bizony sokat vanylasz.	Én is sokat...	0.5723044626167161	q: thirty, s: 0.9, r: 0.5
vihepszik	vihepßik	lakok/lakom	nonce word response	vihepszek	vihepszem	8	18	-0.7472144018302211	-szik	2	NA	NA	Te bizony sokat vihepszel.	Én is sokat...	0.4410189032009817	q: thirty, s: 0.9, r: 0.5
vilakszik	vilakßik	lakok/lakom	nonce word response	vilakszok	vilakszom	8	19	-0.7985076962177716	-szik	2	NA	NA	Te bizony sokat vilakszol.	Én is sokat...	0.32393578785243266	q: thirty, s: 0.9, r: 0.5
vűjlik	vűjlik	lakok/lakom	nonce word response	vűjlök	vűjlöm	20	6	1.0986122886681098	-lik	1	NA	NA	Te bizony sokat vűjlesz.	Én is sokat...	0.5847495243694633	q: thirty, s: 0.9, r: 0.5
vülődzik	vülődzik	lakok/lakom	nonce word response	vülődzök	vülődzöm	14	13	0.06899287148695142	-zik	2	NA	NA	Te bizony sokat vülődzöl.	Én is sokat...	0.49780274016516923	q: thirty, s: 0.9, r: 0.5
zödlik	zödlik	lakok/lakom	nonce word response	zödlök	zödlöm	18	8	0.7472144018302211	-lik	1	NA	NA	Te bizony sokat zödlesz.	Én is sokat...	0.5804822168946724	q: thirty, s: 0.9, r: 0.5
bejzik / bejezik	bejzik / bejezik	cselekszenek/cselekednek	nonce word response	bejzünk	bejezünk	13	14	-0.06899287148695143	-zik	1	NA	ünk	János imád bejezni, ezért sokat bejzik.	Mi ritkán...	0.08674004499182085	q: NA, s: 0.9, type: all -ik, r: 0.26
bötőrzik / bötőrözik	bötőrzik / bötőrözik	cselekszenek/cselekednek	nonce word response	bötőrzünk	bötőrözünk	16	11	0.3483066942682158	-zik	2	NA	ünk	János imád bötőrözni, ezért sokat bötőrzik.	Mi ritkán...	0.04396255873244786	q: NA, s: 0.9, type: all -ik, r: 0.26
brálamlik / brálamozik	brálamlik / brálamozik	cselekszenek/cselekednek	nonce word response	brálamlanak	brálamoznak	16	10	0.4353180712578455	-lik	2	NA	nek	János imád brálamozni, ezért sokat brálamlik.	Ők ritkán...	0.15854516395024598	q: NA, s: 0.9, type: all -ik, r: 0.26
branylik / branyozik	bra¥lik / bra¥ozik	cselekszenek/cselekednek	nonce word response	branylanak	branyoznak	17	12	0.32542240043462795	-lik	1	NA	nek	János imád branyozni, ezért sokat branylik.	Ők ritkán...	0.12165037727678095	q: NA, s: 0.9, type: all -ik, r: 0.26
brárlik / brározik	brárlik / brározik	cselekszenek/cselekednek	nonce word response	brárlanak	brároznak	14	12	0.14310084364067324	-lik	1	NA	nek	János imád brározni, ezért sokat brárlik.	Ők ritkán...	0.12564716558552538	q: NA, s: 0.9, type: all -ik, r: 0.26
bratárzik / bratározik	bratárzik / bratározik	cselekszenek/cselekednek	nonce word response	bratárzanak	bratároznak	5	21	-1.2992829841302609	-zik	2	NA	nek	János imád bratározni, ezért sokat bratárzik.	Ők ritkán...	0.030297696038504653	q: NA, s: 0.9, type: all -ik, r: 0.26
bregzik / bregezik	bregzik / bregezik	cselekszenek/cselekednek	nonce word response	bregzünk	bregezünk	17	10	0.49247648509779424	-zik	1	NA	ünk	János imád bregezni, ezért sokat bregzik.	Mi ritkán...	0.05930190998422402	q: NA, s: 0.9, type: all -ik, r: 0.26
breslik / bresezik	breslik / bresezik	cselekszenek/cselekednek	nonce word response	breslenek	breseznek	14	13	0.06899287148695142	-lik	1	NA	nek	János imád bresezni, ezért sokat breslik.	Ők ritkán...	0.10644184551101077	q: NA, s: 0.9, type: all -ik, r: 0.26
bribaslik / bribasozik	bribaslik / bribasozik	cselekszenek/cselekednek	nonce word response	bribaslanak	bribasoznak	11	16	-0.3483066942682157	-lik	2	NA	nek	János imád bribasozni, ezért sokat bribaslik.	Ők ritkán...	0.12890309128634375	q: NA, s: 0.9, type: all -ik, r: 0.26
bribékszik / bribékedik	bribékßik / bribékedik	cselekszenek/cselekednek	nonce word response	bribékszetek	bribékedtek	13	16	-0.1941560144409575	-szik	2	NA	tek	János imád bribékedni, ezért sokat bribékszik.	Ti ritkán...	0.04553405241243372	q: NA, s: 0.9, type: all -ik, r: 0.26
brilegzik / brilegezik	brilegzik / brilegezik	cselekszenek/cselekednek	nonce word response	brilegzünk	brilegezünk	15	11	0.28768207245178085	-zik	2	NA	ünk	János imád brilegezni, ezért sokat brilegzik.	Mi ritkán...	0.057770629657224466	q: NA, s: 0.9, type: all -ik, r: 0.26
briváglik / brivágozik	briváglik / brivágozik	cselekszenek/cselekednek	nonce word response	briváglanak	brivágoznak	11	15	-0.2876820724517809	-lik	2	NA	nek	János imád brivágozni, ezért sokat briváglik.	Ők ritkán...	0.09519597467568958	q: NA, s: 0.9, type: all -ik, r: 0.26
brivaklik / brivakozik	brivaklik / brivakozik	cselekszenek/cselekednek	nonce word response	brivaklotok	brivakoztok	12	15	-0.2076393647782445	-lik	2	NA	tek	János imád brivakozni, ezért sokat brivaklik.	Ti ritkán...	0.10713742452010598	q: NA, s: 0.9, type: all -ik, r: 0.26
brivepszik / brivepedik	brivepßik / brivepedik	cselekszenek/cselekednek	nonce word response	brivepszünk	brivepedünk	19	7	0.9162907318741552	-szik	2	NA	ünk	János imád brivepedni, ezért sokat brivepszik.	Mi ritkán...	0.06713928060133964	q: NA, s: 0.9, type: all -ik, r: 0.26
brözlik / brözözik	brözlik / brözözik	cselekszenek/cselekednek	nonce word response	brözlötök	brözöztök	14	13	0.06899287148695142	-lik	1	NA	tek	János imád brözözni, ezért sokat brözlik.	Ti ritkán...	0.08682717681964619	q: NA, s: 0.9, type: all -ik, r: 0.26
brűklik / brűközik	brűklik / brűközik	cselekszenek/cselekednek	nonce word response	brűklötök	brűköztök	14	12	0.14310084364067324	-lik	1	NA	tek	János imád brűközni, ezért sokat brűklik.	Ti ritkán...	0.07981211693668462	q: NA, s: 0.9, type: all -ik, r: 0.26
brülöslik / brülösözik	brülöslik / brülösözik	cselekszenek/cselekednek	nonce word response	brülöslünk	brülösözünk	13	14	-0.06899287148695143	-lik	2	NA	ünk	János imád brülösözni, ezért sokat brülöslik.	Mi ritkán...	0.08842569842017903	q: NA, s: 0.9, type: all -ik, r: 0.26
brürzik / brürözik	brürzik / brürözik	cselekszenek/cselekednek	nonce word response	brürzenek	brüröznek	12	14	-0.1431008436406733	-zik	1	NA	nek	János imád brürözni, ezért sokat brürzik.	Ők ritkán...	0.050314694338345005	q: NA, s: 0.9, type: all -ik, r: 0.26
brüszlik / brüszözik	brüßlik / brüßözik	cselekszenek/cselekednek	nonce word response	brüszlötök	brüszöztök	12	15	-0.2076393647782445	-lik	1	NA	tek	János imád brüszözni, ezért sokat brüszlik.	Ti ritkán...	0.10724733100138184	q: NA, s: 0.9, type: all -ik, r: 0.26
bügzik / bügözik	bügzik / bügözik	cselekszenek/cselekednek	nonce word response	bügzenek	bügöznek	18	9	0.6418538861723947	-zik	1	NA	nek	János imád bügözni, ezért sokat bügzik.	Ők ritkán...	0.06405331734462821	q: NA, s: 0.9, type: all -ik, r: 0.26
csibagzik / csibagozik	çibagzik / çibagozik	cselekszenek/cselekednek	nonce word response	csibagzotok	csibagoztok	8	19	-0.7985076962177716	-zik	2	NA	tek	János imád csibagozni, ezért sokat csibagzik.	Ti ritkán...	0.07898844115941336	q: NA, s: 0.9, type: all -ik, r: 0.26
csubzik / csubozik	çubzik / çubozik	cselekszenek/cselekednek	nonce word response	csubzunk	csubozunk	20	9	0.7419373447293773	-zik	1	NA	ünk	János imád csubozni, ezért sokat csubzik.	Mi ritkán...	0.06643740214129097	q: NA, s: 0.9, type: all -ik, r: 0.26
dabzik / dabozik	dabzik / dabozik	cselekszenek/cselekednek	nonce word response	dabzotok	daboztok	13	16	-0.1941560144409575	-zik	1	NA	tek	János imád dabozni, ezért sokat dabzik.	Ti ritkán...	0.0658860595770119	q: NA, s: 0.9, type: all -ik, r: 0.26
dárakszik / dárakodik	dárakßik / dárakodik	cselekszenek/cselekednek	nonce word response	dárakszunk	dárakodunk	15	14	0.06453852113757116	-szik	2	NA	ünk	János imád dárakodni, ezért sokat dárakszik.	Mi ritkán...	0.0713438895694949	q: NA, s: 0.9, type: all -ik, r: 0.26
dibáglik / dibágozik	dibáglik / dibágozik	cselekszenek/cselekednek	nonce word response	dibáglotok	dibágoztok	16	13	0.1941560144409574	-lik	2	NA	tek	János imád dibágozni, ezért sokat dibáglik.	Ti ritkán...	0.12701994992751492	q: NA, s: 0.9, type: all -ik, r: 0.26
dilaklik / dilakozik	dilaklik / dilakozik	cselekszenek/cselekednek	nonce word response	dilaklotok	dilakoztok	11	18	-0.4595323293784402	-lik	2	NA	tek	János imád dilakozni, ezért sokat dilaklik.	Ti ritkán...	0.13175081095133237	q: NA, s: 0.9, type: all -ik, r: 0.26
diránylik / dirányozik	dirá¥lik / dirá¥ozik	cselekszenek/cselekednek	nonce word response	diránylanak	dirányoznak	13	14	-0.06899287148695143	-lik	2	NA	nek	János imád dirányozni, ezért sokat diránylik.	Ők ritkán...	0.12121878781310783	q: NA, s: 0.9, type: all -ik, r: 0.26
dirlik / dirozik	dirlik / dirozik	cselekszenek/cselekednek	nonce word response	dirlotok	diroztok	13	13	0	-lik	1	NA	tek	János imád dirozni, ezért sokat dirlik.	Ti ritkán...	0.17123034914468024	q: NA, s: 0.9, type: all -ik, r: 0.26
döjlik / döjözik	döjlik / döjözik	cselekszenek/cselekednek	nonce word response	döjlenek	döjöznek	17	9	0.5877866649021191	-lik	1	NA	nek	János imád döjözni, ezért sokat döjlik.	Ők ritkán...	0.16837036391860122	q: NA, s: 0.9, type: all -ik, r: 0.26
dralágzik / dralágozik	dralágzik / dralágozik	cselekszenek/cselekednek	nonce word response	dralágzunk	dralágozunk	16	10	0.4353180712578455	-zik	2	NA	ünk	János imád dralágozni, ezért sokat dralágzik.	Mi ritkán...	0.03724628452614072	q: NA, s: 0.9, type: all -ik, r: 0.26
drilarzik / drilarozik	drilarzik / drilarozik	cselekszenek/cselekednek	nonce word response	drilarzunk	drilarozunk	10	16	-0.4353180712578455	-zik	2	NA	ünk	János imád drilarozni, ezért sokat drilarzik.	Mi ritkán...	0.06128737697386809	q: NA, s: 0.9, type: all -ik, r: 0.26
drivegzik / drivegezik	drivegzik / drivegezik	cselekszenek/cselekednek	nonce word response	drivegzetek	drivegeztek	10	16	-0.4353180712578455	-zik	2	NA	tek	János imád drivegezni, ezért sokat drivegzik.	Ti ritkán...	0.06422217312038722	q: NA, s: 0.9, type: all -ik, r: 0.26
drojzik / drojozik	drojzik / drojozik	cselekszenek/cselekednek	nonce word response	drojzunk	drojozunk	17	12	0.32542240043462795	-zik	1	NA	ünk	János imád drojozni, ezért sokat drojzik.	Mi ritkán...	0.05526729927686486	q: NA, s: 0.9, type: all -ik, r: 0.26
drűrzik / drűrözik	drűrzik / drűrözik	cselekszenek/cselekednek	nonce word response	drűrzenek	drűröznek	11	16	-0.3483066942682157	-zik	1	NA	nek	János imád drűrözni, ezért sokat drűrzik.	Ők ritkán...	0.04825128019853627	q: NA, s: 0.9, type: all -ik, r: 0.26
dujzik / dujozik	dujzik / dujozik	cselekszenek/cselekednek	nonce word response	dujzanak	dujoznak	16	11	0.3483066942682158	-zik	1	NA	nek	János imád dujozni, ezért sokat dujzik.	Ők ritkán...	0.0723657616762979	q: NA, s: 0.9, type: all -ik, r: 0.26
filánylik / filányozik	filá¥lik / filá¥ozik	cselekszenek/cselekednek	nonce word response	filánylunk	filányozunk	13	13	0	-lik	2	NA	ünk	János imád filányozni, ezért sokat filánylik.	Mi ritkán...	0.1347937243527886	q: NA, s: 0.9, type: all -ik, r: 0.26
flátlik / flátozik	flátlik / flátozik	cselekszenek/cselekednek	nonce word response	flátlotok	flátoztok	11	15	-0.2876820724517809	-lik	1	NA	tek	János imád flátozni, ezért sokat flátlik.	Ti ritkán...	0.16970370320561018	q: NA, s: 0.9, type: all -ik, r: 0.26
flemlik / flemezik	flemlik / flemezik	cselekszenek/cselekednek	nonce word response	flemlünk	flemezünk	10	19	-0.5978370007556204	-lik	1	NA	ünk	János imád flemezni, ezért sokat flemlik.	Mi ritkán...	0.13700502867890946	q: NA, s: 0.9, type: all -ik, r: 0.26
flerékszik / flerékedik	flerékßik / flerékedik	cselekszenek/cselekednek	nonce word response	flerékszünk	flerékedünk	17	12	0.32542240043462795	-szik	2	NA	ünk	János imád flerékedni, ezért sokat flerékszik.	Mi ritkán...	0.05350186972248708	q: NA, s: 0.9, type: all -ik, r: 0.26
flézlik / flézezik	flézlik / flézezik	cselekszenek/cselekednek	nonce word response	flézletek	flézeztek	11	18	-0.4595323293784402	-lik	1	NA	tek	János imád flézezni, ezért sokat flézlik.	Ti ritkán...	0.11266725820113976	q: NA, s: 0.9, type: all -ik, r: 0.26
flivegzik / flivegezik	flivegzik / flivegezik	cselekszenek/cselekednek	nonce word response	flivegzenek	flivegeznek	11	16	-0.3483066942682157	-zik	2	NA	nek	János imád flivegezni, ezért sokat flivegzik.	Ők ritkán...	0.09617025886790163	q: NA, s: 0.9, type: all -ik, r: 0.26
flodlik / flodozik	flodlik / flodozik	cselekszenek/cselekednek	nonce word response	flodlotok	flodoztok	12	17	-0.325422400434628	-lik	1	NA	tek	János imád flodozni, ezért sokat flodlik.	Ti ritkán...	0.13620185523124295	q: NA, s: 0.9, type: all -ik, r: 0.26
flöklik / flöközik	flöklik / flöközik	cselekszenek/cselekednek	nonce word response	flöklötök	flököztök	12	14	-0.1431008436406733	-lik	1	NA	tek	János imád flöközni, ezért sokat flöklik.	Ti ritkán...	0.1062885084387181	q: NA, s: 0.9, type: all -ik, r: 0.26
fluboklik / flubokozik	fluboklik / flubokozik	cselekszenek/cselekednek	nonce word response	fluboklotok	flubokoztok	10	19	-0.5978370007556204	-lik	2	NA	tek	János imád flubokozni, ezért sokat fluboklik.	Ti ritkán...	0.08170521282681335	q: NA, s: 0.9, type: all -ik, r: 0.26
flugonylik / flugonyozik	flugo¥lik / flugo¥ozik	cselekszenek/cselekednek	nonce word response	flugonylanak	flugonyoznak	13	13	0	-lik	2	NA	nek	János imád flugonyozni, ezért sokat flugonylik.	Ők ritkán...	0.09393554037439886	q: NA, s: 0.9, type: all -ik, r: 0.26
flűgzik / flűgözik	flűgzik / flűgözik	cselekszenek/cselekednek	nonce word response	flűgzünk	flűgözünk	17	12	0.32542240043462795	-zik	1	NA	ünk	János imád flűgözni, ezért sokat flűgzik.	Mi ritkán...	0.0647059102689279	q: NA, s: 0.9, type: all -ik, r: 0.26
flüröklik / flüröközik	flüröklik / flüröközik	cselekszenek/cselekednek	nonce word response	flüröklötök	flürököztök	16	13	0.1941560144409574	-lik	2	NA	tek	János imád flüröközni, ezért sokat flüröklik.	Ti ritkán...	0.0849292029643819	q: NA, s: 0.9, type: all -ik, r: 0.26
fökszik / föködik	fökßik / föködik	cselekszenek/cselekednek	nonce word response	fökszenek	föködnek	18	9	0.6418538861723947	-szik	1	NA	nek	János imád föködni, ezért sokat fökszik.	Ők ritkán...	0.0880400103067451	q: NA, s: 0.9, type: all -ik, r: 0.26
fraklik / frakozik	fraklik / frakozik	cselekszenek/cselekednek	nonce word response	fraklunk	frakozunk	15	12	0.20763936477824457	-lik	1	NA	ünk	János imád frakozni, ezért sokat fraklik.	Mi ritkán...	0.10388819514268977	q: NA, s: 0.9, type: all -ik, r: 0.26
frálapszik / frálapodik	frálapßik / frálapodik	cselekszenek/cselekednek	nonce word response	frálapszotok	frálapodtok	16	10	0.4353180712578455	-szik	2	NA	tek	János imád frálapodni, ezért sokat frálapszik.	Ti ritkán...	0.11547148901222047	q: NA, s: 0.9, type: all -ik, r: 0.26
frálaslik / frálasozik	frálaslik / frálasozik	cselekszenek/cselekednek	nonce word response	frálaslanak	frálasoznak	18	11	0.4595323293784402	-lik	2	NA	nek	János imád frálasozni, ezért sokat frálaslik.	Ők ritkán...	0.14779456598039845	q: NA, s: 0.9, type: all -ik, r: 0.26
frélegzik / frélegezik	frélegzik / frélegezik	cselekszenek/cselekednek	nonce word response	frélegzünk	frélegezünk	19	8	0.7985076962177716	-zik	2	NA	ünk	János imád frélegezni, ezért sokat frélegzik.	Mi ritkán...	0.06184388818086278	q: NA, s: 0.9, type: all -ik, r: 0.26
fréslik / frésezik	fréslik / frésezik	cselekszenek/cselekednek	nonce word response	fréslünk	frésezünk	19	10	0.5978370007556204	-lik	1	NA	ünk	János imád frésezni, ezért sokat fréslik.	Mi ritkán...	0.09489901618968435	q: NA, s: 0.9, type: all -ik, r: 0.26
friheglik / frihegezik	friheglik / frihegezik	cselekszenek/cselekednek	nonce word response	friheglünk	frihegezünk	14	13	0.06899287148695142	-lik	2	NA	ünk	János imád frihegezni, ezért sokat friheglik.	Mi ritkán...	0.14812688824112158	q: NA, s: 0.9, type: all -ik, r: 0.26
frinylik / frinyozik	fri¥lik / fri¥ozik	cselekszenek/cselekednek	nonce word response	frinylunk	frinyozunk	13	14	-0.06899287148695143	-lik	1	NA	ünk	János imád frinyozni, ezért sokat frinylik.	Mi ritkán...	0.11943481301705379	q: NA, s: 0.9, type: all -ik, r: 0.26
frirzik / frirozik	frirzik / frirozik	cselekszenek/cselekednek	nonce word response	frirzunk	frirozunk	11	16	-0.3483066942682157	-zik	1	NA	ünk	János imád frirozni, ezért sokat frirzik.	Mi ritkán...	0.06638160526353364	q: NA, s: 0.9, type: all -ik, r: 0.26
frivamlik / frivamozik	frivamlik / frivamozik	cselekszenek/cselekednek	nonce word response	frivamlunk	frivamozunk	20	9	0.7419373447293773	-lik	2	NA	ünk	János imád frivamozni, ezért sokat frivamlik.	Mi ritkán...	0.13507503228571513	q: NA, s: 0.9, type: all -ik, r: 0.26
fröjlik / fröjözik	fröjlik / fröjözik	cselekszenek/cselekednek	nonce word response	fröjlünk	fröjözünk	17	12	0.32542240043462795	-lik	1	NA	ünk	János imád fröjözni, ezért sokat fröjlik.	Mi ritkán...	0.1261497977659881	q: NA, s: 0.9, type: all -ik, r: 0.26
fröjzik / fröjözik	fröjzik / fröjözik	cselekszenek/cselekednek	nonce word response	fröjzötök	fröjöztök	8	21	-0.8938178760220964	-zik	1	NA	tek	János imád fröjözni, ezért sokat fröjzik.	Ti ritkán...	0.05947424645995667	q: NA, s: 0.9, type: all -ik, r: 0.26
frorlik / frorozik	frorlik / frorozik	cselekszenek/cselekednek	nonce word response	frorlanak	froroznak	17	10	0.49247648509779424	-lik	1	NA	nek	János imád frorozni, ezért sokat frorlik.	Ők ritkán...	0.13404575488386852	q: NA, s: 0.9, type: all -ik, r: 0.26
galárzik / galározik	galárzik / galározik	cselekszenek/cselekednek	nonce word response	galárzanak	galároznak	10	17	-0.49247648509779407	-zik	2	NA	nek	János imád galározni, ezért sokat galárzik.	Ők ritkán...	0.046219888220112956	q: NA, s: 0.9, type: all -ik, r: 0.26
gatáglik / gatágozik	gatáglik / gatágozik	cselekszenek/cselekednek	nonce word response	gatáglunk	gatágozunk	8	19	-0.7985076962177716	-lik	2	NA	ünk	János imád gatágozni, ezért sokat gatáglik.	Mi ritkán...	0.0913613475842035	q: NA, s: 0.9, type: all -ik, r: 0.26
géreglik / géregezik	géreglik / géregezik	cselekszenek/cselekednek	nonce word response	géregletek	géregeztek	9	18	-0.6418538861723948	-lik	2	NA	tek	János imád géregezni, ezért sokat géreglik.	Ti ritkán...	0.13894419877851216	q: NA, s: 0.9, type: all -ik, r: 0.26
gibemlik / gibemezik	gibemlik / gibemezik	cselekszenek/cselekednek	nonce word response	gibemlünk	gibemezünk	16	10	0.4353180712578455	-lik	2	NA	ünk	János imád gibemezni, ezért sokat gibemlik.	Mi ritkán...	0.1330799664070354	q: NA, s: 0.9, type: all -ik, r: 0.26
gihamlik / gihamozik	gihamlik / gihamozik	cselekszenek/cselekednek	nonce word response	gihamlanak	gihamoznak	17	12	0.32542240043462795	-lik	2	NA	nek	János imád gihamozni, ezért sokat gihamlik.	Ők ritkán...	0.25387546507574255	q: NA, s: 0.9, type: all -ik, r: 0.26
gihejlik / gihejezik	gihejlik / gihejezik	cselekszenek/cselekednek	nonce word response	gihejlünk	gihejezünk	17	10	0.49247648509779424	-lik	2	NA	ünk	János imád gihejezni, ezért sokat gihejlik.	Mi ritkán...	0.2713104908432981	q: NA, s: 0.9, type: all -ik, r: 0.26
gyihegzik / gyihegezik	©ihegzik / ©ihegezik	cselekszenek/cselekednek	nonce word response	gyihegzetek	gyihegeztek	12	17	-0.325422400434628	-zik	2	NA	tek	János imád gyihegezni, ezért sokat gyihegzik.	Ti ritkán...	0.08335345115856775	q: NA, s: 0.9, type: all -ik, r: 0.26
gyivepszik / gyivepedik	©ivepßik / ©ivepedik	cselekszenek/cselekednek	nonce word response	gyivepszenek	gyivepednek	15	12	0.20763936477824457	-szik	2	NA	nek	János imád gyivepedni, ezért sokat gyivepszik.	Ők ritkán...	0.09160078932034876	q: NA, s: 0.9, type: all -ik, r: 0.26
hákszik / hákodik	hákßik / hákodik	cselekszenek/cselekednek	nonce word response	hákszanak	hákodnak	15	14	0.06453852113757116	-szik	1	NA	nek	János imád hákodni, ezért sokat hákszik.	Ők ritkán...	0.11894014055009822	q: NA, s: 0.9, type: all -ik, r: 0.26
hiragzik / hiragozik	hiragzik / hiragozik	cselekszenek/cselekednek	nonce word response	hiragzanak	hiragoznak	15	12	0.20763936477824457	-zik	2	NA	nek	János imád hiragozni, ezért sokat hiragzik.	Ők ritkán...	0.07887038333837089	q: NA, s: 0.9, type: all -ik, r: 0.26
hubonylik / hubonyozik	hubo¥lik / hubo¥ozik	cselekszenek/cselekednek	nonce word response	hubonylotok	hubonyoztok	10	19	-0.5978370007556204	-lik	2	NA	tek	János imád hubonyozni, ezért sokat hubonylik.	Ti ritkán...	0.10963576563974706	q: NA, s: 0.9, type: all -ik, r: 0.26
játlik / játozik	játlik / játozik	cselekszenek/cselekednek	nonce word response	játlunk	játozunk	19	10	0.5978370007556204	-lik	1	NA	ünk	János imád játozni, ezért sokat játlik.	Mi ritkán...	0.23527330028255822	q: NA, s: 0.9, type: all -ik, r: 0.26
jurlik / jurozik	jurlik / jurozik	cselekszenek/cselekednek	nonce word response	jurlunk	jurozunk	14	13	0.06899287148695142	-lik	1	NA	ünk	János imád jurozni, ezért sokat jurlik.	Mi ritkán...	0.17306089226316831	q: NA, s: 0.9, type: all -ik, r: 0.26
kláragszik / kláragodik	kláragßik / kláragodik	cselekszenek/cselekednek	nonce word response	kláragszotok	kláragodtok	15	11	0.28768207245178085	-szik	2	NA	tek	János imád kláragodni, ezért sokat kláragszik.	Ti ritkán...	0.09612668939947676	q: NA, s: 0.9, type: all -ik, r: 0.26
klarágzik / klarágozik	klarágzik / klarágozik	cselekszenek/cselekednek	nonce word response	klarágzotok	klarágoztok	7	19	-0.916290731874155	-zik	2	NA	tek	János imád klarágozni, ezért sokat klarágzik.	Ti ritkán...	0.04766443924230845	q: NA, s: 0.9, type: all -ik, r: 0.26
kléglik / klégezik	kléglik / klégezik	cselekszenek/cselekednek	nonce word response	kléglünk	klégezünk	16	10	0.4353180712578455	-lik	1	NA	ünk	János imád klégezni, ezért sokat kléglik.	Mi ritkán...	0.11628005307681757	q: NA, s: 0.9, type: all -ik, r: 0.26
klehénylik / klehényezik	klehé¥lik / klehé¥ezik	cselekszenek/cselekednek	nonce word response	klehényletek	klehényeztek	17	12	0.32542240043462795	-lik	2	NA	tek	János imád klehényezni, ezért sokat klehénylik.	Ti ritkán...	0.16539063949863034	q: NA, s: 0.9, type: all -ik, r: 0.26
klihaslik / klihasozik	klihaslik / klihasozik	cselekszenek/cselekednek	nonce word response	klihaslotok	klihasoztok	12	15	-0.2076393647782445	-lik	2	NA	tek	János imád klihasozni, ezért sokat klihaslik.	Ti ritkán...	0.28881511928717074	q: NA, s: 0.9, type: all -ik, r: 0.26
klűmlik / klűmözik	klűmlik / klűmözik	cselekszenek/cselekednek	nonce word response	klűmlötök	klűmöztök	11	18	-0.4595323293784402	-lik	1	NA	tek	János imád klűmözni, ezért sokat klűmlik.	Ti ritkán...	0.11708452446987468	q: NA, s: 0.9, type: all -ik, r: 0.26
kluzlik / kluzozik	kluzlik / kluzozik	cselekszenek/cselekednek	nonce word response	kluzlotok	kluzoztok	12	17	-0.325422400434628	-lik	1	NA	tek	János imád kluzozni, ezért sokat kluzlik.	Ti ritkán...	0.1105805698883855	q: NA, s: 0.9, type: all -ik, r: 0.26
köszlik / köszözik	kößlik / kößözik	cselekszenek/cselekednek	nonce word response	köszlötök	köszöztök	11	16	-0.3483066942682157	-lik	1	NA	tek	János imád köszözni, ezért sokat köszlik.	Ti ritkán...	0.12212764557493579	q: NA, s: 0.9, type: all -ik, r: 0.26
kűdlik / kűdözik	kűdlik / kűdözik	cselekszenek/cselekednek	nonce word response	kűdlenek	kűdöznek	19	8	0.7985076962177716	-lik	1	NA	nek	János imád kűdözni, ezért sokat kűdlik.	Ők ritkán...	0.1495988005107294	q: NA, s: 0.9, type: all -ik, r: 0.26
küslik / küsözik	küslik / küsözik	cselekszenek/cselekednek	nonce word response	küslünk	küsözünk	18	9	0.6418538861723947	-lik	1	NA	ünk	János imád küsözni, ezért sokat küslik.	Mi ritkán...	0.15263281643430082	q: NA, s: 0.9, type: all -ik, r: 0.26
lájzik / lájozik	lájzik / lájozik	cselekszenek/cselekednek	nonce word response	lájzotok	lájoztok	16	10	0.4353180712578455	-zik	1	NA	tek	János imád lájozni, ezért sokat lájzik.	Ti ritkán...	0.09825554901868408	q: NA, s: 0.9, type: all -ik, r: 0.26
lírlik / lírozik	lírlik / lírozik	cselekszenek/cselekednek	nonce word response	lírlanak	líroznak	14	15	-0.06453852113757118	-lik	1	NA	nek	János imád lírozni, ezért sokat lírlik.	Ők ritkán...	0.15107869859792153	q: NA, s: 0.9, type: all -ik, r: 0.26
livénylik / livényezik	livé¥lik / livé¥ezik	cselekszenek/cselekednek	nonce word response	livénylünk	livényezünk	18	11	0.4595323293784402	-lik	2	NA	ünk	János imád livényezni, ezért sokat livénylik.	Mi ritkán...	0.11475561906012817	q: NA, s: 0.9, type: all -ik, r: 0.26
lűklik / lűközik	lűklik / lűközik	cselekszenek/cselekednek	nonce word response	lűklenek	lűköznek	11	15	-0.2876820724517809	-lik	1	NA	nek	János imád lűközni, ezért sokat lűklik.	Ők ritkán...	0.12094565446493848	q: NA, s: 0.9, type: all -ik, r: 0.26
lumlik / lumozik	lumlik / lumozik	cselekszenek/cselekednek	nonce word response	lumlotok	lumoztok	11	15	-0.2876820724517809	-lik	1	NA	tek	János imád lumozni, ezért sokat lumlik.	Ti ritkán...	0.15991469823874185	q: NA, s: 0.9, type: all -ik, r: 0.26
mágamlik / mágamozik	mágamlik / mágamozik	cselekszenek/cselekednek	nonce word response	mágamlunk	mágamozunk	17	9	0.5877866649021191	-lik	2	NA	ünk	János imád mágamozni, ezért sokat mágamlik.	Mi ritkán...	0.1800737242570685	q: NA, s: 0.9, type: all -ik, r: 0.26
metégszik / metégedik	metégßik / metégedik	cselekszenek/cselekednek	nonce word response	metégszenek	metégednek	15	14	0.06453852113757116	-szik	2	NA	nek	János imád metégedni, ezért sokat metégszik.	Ők ritkán...	0.08770113804740318	q: NA, s: 0.9, type: all -ik, r: 0.26
mihágzik / mihágozik	mihágzik / mihágozik	cselekszenek/cselekednek	nonce word response	mihágzotok	mihágoztok	9	20	-0.7419373447293773	-zik	2	NA	tek	János imád mihágozni, ezért sokat mihágzik.	Ti ritkán...	0.07598663893011538	q: NA, s: 0.9, type: all -ik, r: 0.26
míjzik / míjozik	míjzik / míjozik	cselekszenek/cselekednek	nonce word response	míjzunk	míjozunk	16	13	0.1941560144409574	-zik	1	NA	ünk	János imád míjozni, ezért sokat míjzik.	Mi ritkán...	0.07999407083275513	q: NA, s: 0.9, type: all -ik, r: 0.26
míslik / mísozik	míslik / mísozik	cselekszenek/cselekednek	nonce word response	míslunk	mísozunk	16	11	0.3483066942682158	-lik	1	NA	ünk	János imád mísozni, ezért sokat míslik.	Mi ritkán...	0.16584042037823635	q: NA, s: 0.9, type: all -ik, r: 0.26
molszik / molodik	molßik / molodik	cselekszenek/cselekednek	nonce word response	molszotok	molodtok	21	8	0.8938178760220965	-szik	1	NA	tek	János imád molodni, ezért sokat molszik.	Ti ritkán...	0.1405421326400055	q: NA, s: 0.9, type: all -ik, r: 0.26
mülőrzik / mülőrözik	mülőrzik / mülőrözik	cselekszenek/cselekednek	nonce word response	mülőrzünk	mülőrözünk	15	11	0.28768207245178085	-zik	2	NA	ünk	János imád mülőrözni, ezért sokat mülőrzik.	Mi ritkán...	0.05753552540116004	q: NA, s: 0.9, type: all -ik, r: 0.26
nágapszik / nágapodik	nágapßik / nágapodik	cselekszenek/cselekednek	nonce word response	nágapszanak	nágapodnak	15	11	0.28768207245178085	-szik	2	NA	nek	János imád nágapodni, ezért sokat nágapszik.	Ők ritkán...	0.09984135450442923	q: NA, s: 0.9, type: all -ik, r: 0.26
nivárzik / nivározik	nivárzik / nivározik	cselekszenek/cselekednek	nonce word response	nivárzotok	nivároztok	7	19	-0.916290731874155	-zik	2	NA	tek	János imád nivározni, ezért sokat nivárzik.	Ti ritkán...	0.06445947545680825	q: NA, s: 0.9, type: all -ik, r: 0.26
nuroklik / nurokozik	nuroklik / nurokozik	cselekszenek/cselekednek	nonce word response	nuroklunk	nurokozunk	20	9	0.7419373447293773	-lik	2	NA	ünk	János imád nurokozni, ezért sokat nuroklik.	Mi ritkán...	0.08204833314214802	q: NA, s: 0.9, type: all -ik, r: 0.26
nyádlik / nyádozik	¥ádlik / ¥ádozik	cselekszenek/cselekednek	nonce word response	nyádlanak	nyádoznak	18	11	0.4595323293784402	-lik	1	NA	nek	János imád nyádozni, ezért sokat nyádlik.	Ők ritkán...	0.18969946925144812	q: NA, s: 0.9, type: all -ik, r: 0.26
nyivágzik / nyivágozik	¥ivágzik / ¥ivágozik	cselekszenek/cselekednek	nonce word response	nyivágzunk	nyivágozunk	20	7	0.965080896043587	-zik	2	NA	ünk	János imád nyivágozni, ezért sokat nyivágzik.	Mi ritkán...	0.06757944351760811	q: NA, s: 0.9, type: all -ik, r: 0.26
nyizlik / nyizozik	¥izlik / ¥izozik	cselekszenek/cselekednek	nonce word response	nyizlunk	nyizozunk	18	9	0.6418538861723947	-lik	1	NA	ünk	János imád nyizozni, ezért sokat nyizlik.	Mi ritkán...	0.16491577651072328	q: NA, s: 0.9, type: all -ik, r: 0.26
nyöbzik / nyöbözik	¥öbzik / ¥öbözik	cselekszenek/cselekednek	nonce word response	nyöbzenek	nyöböznek	14	15	-0.06453852113757118	-zik	1	NA	nek	János imád nyöbözni, ezért sokat nyöbzik.	Ők ritkán...	0.06975875920473423	q: NA, s: 0.9, type: all -ik, r: 0.26
nyülöklik / nyülöközik	¥ülöklik / ¥ülöközik	cselekszenek/cselekednek	nonce word response	nyülöklenek	nyülököznek	16	11	0.3483066942682158	-lik	2	NA	nek	János imád nyülöközni, ezért sokat nyülöklik.	Ők ritkán...	0.10982081624996372	q: NA, s: 0.9, type: all -ik, r: 0.26
nyürzik / nyürözik	¥ürzik / ¥ürözik	cselekszenek/cselekednek	nonce word response	nyürzenek	nyüröznek	14	15	-0.06453852113757118	-zik	1	NA	nek	János imád nyürözni, ezért sokat nyürzik.	Ők ritkán...	0.07781810115674419	q: NA, s: 0.9, type: all -ik, r: 0.26
pehégszik / pehégedik	pehégßik / pehégedik	cselekszenek/cselekednek	nonce word response	pehégszetek	pehégedtek	16	10	0.4353180712578455	-szik	2	NA	tek	János imád pehégedni, ezért sokat pehégszik.	Ti ritkán...	0.09188127769358323	q: NA, s: 0.9, type: all -ik, r: 0.26
pekszik / pekedik	pekßik / pekedik	cselekszenek/cselekednek	nonce word response	pekszünk	pekedünk	19	8	0.7985076962177716	-szik	1	NA	ünk	János imád pekedni, ezért sokat pekszik.	Mi ritkán...	0.10211433342029208	q: NA, s: 0.9, type: all -ik, r: 0.26
pibegzik / pibegezik	pibegzik / pibegezik	cselekszenek/cselekednek	nonce word response	pibegzenek	pibegeznek	8	18	-0.7472144018302211	-zik	2	NA	nek	János imád pibegezni, ezért sokat pibegzik.	Ők ritkán...	0.07999194307055252	q: NA, s: 0.9, type: all -ik, r: 0.26
pilégszik / pilégedik	pilégßik / pilégedik	cselekszenek/cselekednek	nonce word response	pilégszenek	pilégednek	18	9	0.6418538861723947	-szik	2	NA	nek	János imád pilégedni, ezért sokat pilégszik.	Ők ritkán...	0.08432562271663803	q: NA, s: 0.9, type: all -ik, r: 0.26
plibzik / plibozik	plibzik / plibozik	cselekszenek/cselekednek	nonce word response	plibzotok	pliboztok	10	17	-0.49247648509779407	-zik	1	NA	tek	János imád plibozni, ezért sokat plibzik.	Ti ritkán...	0.055835984205939083	q: NA, s: 0.9, type: all -ik, r: 0.26
pörzik / pörözik	pörzik / pörözik	cselekszenek/cselekednek	nonce word response	pörzötök	pöröztök	11	16	-0.3483066942682157	-zik	1	NA	tek	János imád pörözni, ezért sokat pörzik.	Ti ritkán...	0.08120389852558077	q: NA, s: 0.9, type: all -ik, r: 0.26
poslik / posozik	poslik / posozik	cselekszenek/cselekednek	nonce word response	poslotok	posoztok	20	9	0.7419373447293773	-lik	1	NA	tek	János imád posozni, ezért sokat poslik.	Ti ritkán...	0.19598888491074964	q: NA, s: 0.9, type: all -ik, r: 0.26
pragánylik / pragányozik	pragá¥lik / pragá¥ozik	cselekszenek/cselekednek	nonce word response	pragánylotok	pragányoztok	13	13	0	-lik	2	NA	tek	János imád pragányozni, ezért sokat pragánylik.	Ti ritkán...	0.09034873660568364	q: NA, s: 0.9, type: all -ik, r: 0.26
prazlik / prazozik	prazlik / prazozik	cselekszenek/cselekednek	nonce word response	prazlunk	prazozunk	13	16	-0.1941560144409575	-lik	1	NA	ünk	János imád prazozni, ezért sokat prazlik.	Mi ritkán...	0.12336498082104569	q: NA, s: 0.9, type: all -ik, r: 0.26
prélemlik / prélemezik	prélemlik / prélemezik	cselekszenek/cselekednek	nonce word response	prélemlenek	prélemeznek	15	12	0.20763936477824457	-lik	2	NA	nek	János imád prélemezni, ezért sokat prélemlik.	Ők ritkán...	0.11389565842166137	q: NA, s: 0.9, type: all -ik, r: 0.26
prihegszik / prihegedik	prihegßik / prihegedik	cselekszenek/cselekednek	nonce word response	prihegszenek	prihegednek	13	16	-0.1941560144409575	-szik	2	NA	nek	János imád prihegedni, ezért sokat prihegszik.	Ők ritkán...	0.08512013408879446	q: NA, s: 0.9, type: all -ik, r: 0.26
prilepszik / prilepedik	prilepßik / prilepedik	cselekszenek/cselekednek	nonce word response	prilepszünk	prilepedünk	21	8	0.8938178760220965	-szik	2	NA	ünk	János imád prilepedni, ezért sokat prilepszik.	Mi ritkán...	0.08074549344128065	q: NA, s: 0.9, type: all -ik, r: 0.26
privékszik / privékedik	privékßik / privékedik	cselekszenek/cselekednek	nonce word response	privékszenek	privékednek	14	13	0.06899287148695142	-szik	2	NA	nek	János imád privékedni, ezért sokat privékszik.	Ők ritkán...	0.043849249255357034	q: NA, s: 0.9, type: all -ik, r: 0.26
prögzik / prögözik	prögzik / prögözik	cselekszenek/cselekednek	nonce word response	prögzötök	prögöztök	9	18	-0.6418538861723948	-zik	1	NA	tek	János imád prögözni, ezért sokat prögzik.	Ti ritkán...	0.04884852313462073	q: NA, s: 0.9, type: all -ik, r: 0.26
prugorzik / prugorozik	prugorzik / prugorozik	cselekszenek/cselekednek	nonce word response	prugorzotok	prugoroztok	8	19	-0.7985076962177716	-zik	2	NA	tek	János imád prugorozni, ezért sokat prugorzik.	Ti ritkán...	0.038055262773930704	q: NA, s: 0.9, type: all -ik, r: 0.26
püzlik / püzözik	püzlik / püzözik	cselekszenek/cselekednek	nonce word response	püzlötök	püzöztök	13	14	-0.06899287148695143	-lik	1	NA	tek	János imád püzözni, ezért sokat püzlik.	Ti ritkán...	0.1822074297673731	q: NA, s: 0.9, type: all -ik, r: 0.26
ribegszik / ribegedik	ribegßik / ribegedik	cselekszenek/cselekednek	nonce word response	ribegszetek	ribegedtek	11	15	-0.2876820724517809	-szik	2	NA	tek	János imád ribegedni, ezért sokat ribegszik.	Ti ritkán...	0.0857109287414676	q: NA, s: 0.9, type: all -ik, r: 0.26
riványlik / riványozik	rivá¥lik / rivá¥ozik	cselekszenek/cselekednek	nonce word response	riványlotok	riványoztok	14	13	0.06899287148695142	-lik	2	NA	tek	János imád riványozni, ezért sokat riványlik.	Ti ritkán...	0.12098024217986819	q: NA, s: 0.9, type: all -ik, r: 0.26
spalárzik / spalározik	spalárzik / spalározik	cselekszenek/cselekednek	nonce word response	spalárzanak	spalároznak	12	14	-0.1431008436406733	-zik	2	NA	nek	János imád spalározni, ezért sokat spalárzik.	Ők ritkán...	0.03954629499976246	q: NA, s: 0.9, type: all -ik, r: 0.26
spibamlik / spibamozik	spibamlik / spibamozik	cselekszenek/cselekednek	nonce word response	spibamlanak	spibamoznak	17	9	0.5877866649021191	-lik	2	NA	nek	János imád spibamozni, ezért sokat spibamlik.	Ők ritkán...	0.142339859441849	q: NA, s: 0.9, type: all -ik, r: 0.26
spibeglik / spibegezik	spibeglik / spibegezik	cselekszenek/cselekednek	nonce word response	spibeglünk	spibegezünk	19	10	0.5978370007556204	-lik	2	NA	ünk	János imád spibegezni, ezért sokat spibeglik.	Mi ritkán...	0.11098543271454954	q: NA, s: 0.9, type: all -ik, r: 0.26
spiharzik / spiharozik	spiharzik / spiharozik	cselekszenek/cselekednek	nonce word response	spiharzotok	spiharoztok	10	19	-0.5978370007556204	-zik	2	NA	tek	János imád spiharozni, ezért sokat spiharzik.	Ti ritkán...	0.08935300299511356	q: NA, s: 0.9, type: all -ik, r: 0.26
spiráglik / spirágozik	spiráglik / spirágozik	cselekszenek/cselekednek	nonce word response	spiráglotok	spirágoztok	11	15	-0.2876820724517809	-lik	2	NA	tek	János imád spirágozni, ezért sokat spiráglik.	Ti ritkán...	0.1244368677450883	q: NA, s: 0.9, type: all -ik, r: 0.26
spivejlik / spivejezik	spivejlik / spivejezik	cselekszenek/cselekednek	nonce word response	spivejlenek	spivejeznek	11	16	-0.3483066942682157	-lik	2	NA	nek	János imád spivejezni, ezért sokat spivejlik.	Ők ritkán...	0.14752082784152012	q: NA, s: 0.9, type: all -ik, r: 0.26
spöklik / spöközik	spöklik / spöközik	cselekszenek/cselekednek	nonce word response	spöklünk	spöközünk	19	10	0.5978370007556204	-lik	1	NA	ünk	János imád spöközni, ezért sokat spöklik.	Mi ritkán...	0.09324646990739678	q: NA, s: 0.9, type: all -ik, r: 0.26
sponylik / sponyozik	spo¥lik / spo¥ozik	cselekszenek/cselekednek	nonce word response	sponylanak	sponyoznak	20	9	0.7419373447293773	-lik	1	NA	nek	János imád sponyozni, ezért sokat sponylik.	Ők ritkán...	0.13576101095200035	q: NA, s: 0.9, type: all -ik, r: 0.26
sprebzik / sprebezik	sprebzik / sprebezik	cselekszenek/cselekednek	nonce word response	sprebzenek	sprebeznek	16	13	0.1941560144409574	-zik	1	NA	nek	János imád sprebezni, ezért sokat sprebzik.	Ők ritkán...	0.07036235494450614	q: NA, s: 0.9, type: all -ik, r: 0.26
sprigzik / sprigozik	sprigzik / sprigozik	cselekszenek/cselekednek	nonce word response	sprigzotok	sprigoztok	5	24	-1.4271163556401458	-zik	1	NA	tek	János imád sprigozni, ezért sokat sprigzik.	Ti ritkán...	0.04952747329311657	q: NA, s: 0.9, type: all -ik, r: 0.26
sprimlik / sprimozik	sprimlik / sprimozik	cselekszenek/cselekednek	nonce word response	sprimlunk	sprimozunk	15	12	0.20763936477824457	-lik	1	NA	ünk	János imád sprimozni, ezért sokat sprimlik.	Mi ritkán...	0.10002049020703689	q: NA, s: 0.9, type: all -ik, r: 0.26
sprozlik / sprozozik	sprozlik / sprozozik	cselekszenek/cselekednek	nonce word response	sprozlanak	sprozoznak	14	12	0.14310084364067324	-lik	1	NA	nek	János imád sprozozni, ezért sokat sprozlik.	Ők ritkán...	0.07865458379696781	q: NA, s: 0.9, type: all -ik, r: 0.26
sprudlik / sprudozik	sprudlik / sprudozik	cselekszenek/cselekednek	nonce word response	sprudlunk	sprudozunk	12	15	-0.2076393647782445	-lik	1	NA	ünk	János imád sprudozni, ezért sokat sprudlik.	Mi ritkán...	0.10702539806002735	q: NA, s: 0.9, type: all -ik, r: 0.26
sprűrlik / sprűrözik	sprűrlik / sprűrözik	cselekszenek/cselekednek	nonce word response	sprűrlenek	sprűröznek	16	13	0.1941560144409574	-lik	1	NA	nek	János imád sprűrözni, ezért sokat sprűrlik.	Ők ritkán...	0.1094424647539677	q: NA, s: 0.9, type: all -ik, r: 0.26
spuborzik / spuborozik	spuborzik / spuborozik	cselekszenek/cselekednek	nonce word response	spuborzanak	spuboroznak	10	16	-0.4353180712578455	-zik	2	NA	nek	János imád spuborozni, ezért sokat spuborzik.	Ők ritkán...	0.043828968727028614	q: NA, s: 0.9, type: all -ik, r: 0.26
spügzik / spügözik	spügzik / spügözik	cselekszenek/cselekednek	nonce word response	spügzünk	spügözünk	18	11	0.4595323293784402	-zik	1	NA	ünk	János imád spügözni, ezért sokat spügzik.	Mi ritkán...	0.05234612672899262	q: NA, s: 0.9, type: all -ik, r: 0.26
sűjlik / sűjözik	sűjlik / sűjözik	cselekszenek/cselekednek	nonce word response	sűjlünk	sűjözünk	17	9	0.5877866649021191	-lik	1	NA	ünk	János imád sűjözni, ezért sokat sűjlik.	Mi ritkán...	0.16502551818658223	q: NA, s: 0.9, type: all -ik, r: 0.26
sztrajlik / sztrajozik	ßtrajlik / ßtrajozik	cselekszenek/cselekednek	nonce word response	sztrajlanak	sztrajoznak	17	10	0.49247648509779424	-lik	1	NA	nek	János imád sztrajozni, ezért sokat sztrajlik.	Ők ritkán...	0.1998881405137215	q: NA, s: 0.9, type: all -ik, r: 0.26
sztredlik / sztredezik	ßtredlik / ßtredezik	cselekszenek/cselekednek	nonce word response	sztredletek	sztredeztek	15	11	0.28768207245178085	-lik	1	NA	tek	János imád sztredezni, ezért sokat sztredlik.	Ti ritkán...	0.13249940960385767	q: NA, s: 0.9, type: all -ik, r: 0.26
sztritlik / sztritozik	ßtritlik / ßtritozik	cselekszenek/cselekednek	nonce word response	sztritlanak	sztritoznak	14	12	0.14310084364067324	-lik	1	NA	nek	János imád sztritozni, ezért sokat sztritlik.	Ők ritkán...	0.10375230670363564	q: NA, s: 0.9, type: all -ik, r: 0.26
tágarzik / tágarozik	tágarzik / tágarozik	cselekszenek/cselekednek	nonce word response	tágarzunk	tágarozunk	13	14	-0.06899287148695143	-zik	2	NA	ünk	János imád tágarozni, ezért sokat tágarzik.	Mi ritkán...	0.056614342673037	q: NA, s: 0.9, type: all -ik, r: 0.26
tibarzik / tibarozik	tibarzik / tibarozik	cselekszenek/cselekednek	nonce word response	tibarzanak	tibaroznak	13	13	0	-zik	2	NA	nek	János imád tibarozni, ezért sokat tibarzik.	Ők ritkán...	0.07204197147969153	q: NA, s: 0.9, type: all -ik, r: 0.26
töglik / tögözik	töglik / tögözik	cselekszenek/cselekednek	nonce word response	töglenek	tögöznek	23	6	1.2321436812926323	-lik	1	NA	nek	János imád tögözni, ezért sokat töglik.	Ők ritkán...	0.133139590071531	q: NA, s: 0.9, type: all -ik, r: 0.26
trálaklik / trálakozik	trálaklik / trálakozik	cselekszenek/cselekednek	nonce word response	trálaklanak	trálakoznak	13	13	0	-lik	2	NA	nek	János imád trálakozni, ezért sokat trálaklik.	Ők ritkán...	0.1369857329623352	q: NA, s: 0.9, type: all -ik, r: 0.26
trálszik / trálodik	trálßik / trálodik	cselekszenek/cselekednek	nonce word response	trálszunk	trálodunk	19	7	0.9162907318741552	-szik	1	NA	ünk	János imád trálodni, ezért sokat trálszik.	Mi ritkán...	0.11816153781319177	q: NA, s: 0.9, type: all -ik, r: 0.26
tribejlik / tribejezik	tribejlik / tribejezik	cselekszenek/cselekednek	nonce word response	tribejletek	tribejeztek	10	19	-0.5978370007556204	-lik	2	NA	tek	János imád tribejezni, ezért sokat tribejlik.	Ti ritkán...	0.133057222345216	q: NA, s: 0.9, type: all -ik, r: 0.26
triklik / trikozik	triklik / trikozik	cselekszenek/cselekednek	nonce word response	triklotok	trikoztok	17	9	0.5877866649021191	-lik	1	NA	tek	János imád trikozni, ezért sokat triklik.	Ti ritkán...	0.09031555013120084	q: NA, s: 0.9, type: all -ik, r: 0.26
trilekszik / trilekedik	trilekßik / trilekedik	cselekszenek/cselekednek	nonce word response	trilekszetek	trilekedtek	14	12	0.14310084364067324	-szik	2	NA	tek	János imád trilekedni, ezért sokat trilekszik.	Ti ritkán...	0.06263003876488106	q: NA, s: 0.9, type: all -ik, r: 0.26
trírzik / trírozik	trírzik / trírozik	cselekszenek/cselekednek	nonce word response	trírzunk	trírozunk	14	15	-0.06453852113757118	-zik	1	NA	ünk	János imád trírozni, ezért sokat trírzik.	Mi ritkán...	0.04539344718952456	q: NA, s: 0.9, type: all -ik, r: 0.26
trivakszik / trivakodik	trivakßik / trivakodik	cselekszenek/cselekednek	nonce word response	trivakszunk	trivakodunk	13	13	0	-szik	2	NA	ünk	János imád trivakodni, ezért sokat trivakszik.	Mi ritkán...	0.05830498834280046	q: NA, s: 0.9, type: all -ik, r: 0.26
trugoklik / trugokozik	trugoklik / trugokozik	cselekszenek/cselekednek	nonce word response	trugoklanak	trugokoznak	14	12	0.14310084364067324	-lik	2	NA	nek	János imád trugokozni, ezért sokat trugoklik.	Ők ritkán...	0.07150319172848524	q: NA, s: 0.9, type: all -ik, r: 0.26
trugzik / trugozik	trugzik / trugozik	cselekszenek/cselekednek	nonce word response	trugzanak	trugoznak	11	18	-0.4595323293784402	-zik	1	NA	nek	János imád trugozni, ezért sokat trugzik.	Ők ritkán...	0.04579932142645748	q: NA, s: 0.9, type: all -ik, r: 0.26
trukszik / trukodik	trukßik / trukodik	cselekszenek/cselekednek	nonce word response	trukszotok	trukodtok	14	13	0.06899287148695142	-szik	1	NA	tek	János imád trukodni, ezért sokat trukszik.	Ti ritkán...	0.058450235249282716	q: NA, s: 0.9, type: all -ik, r: 0.26
trűnylik / trűnyözik	trű¥lik / trű¥özik	cselekszenek/cselekednek	nonce word response	trűnylenek	trűnyöznek	13	13	0	-lik	1	NA	nek	János imád trűnyözni, ezért sokat trűnylik.	Ők ritkán...	0.09455376506008699	q: NA, s: 0.9, type: all -ik, r: 0.26
tűgzik / tűgözik	tűgzik / tűgözik	cselekszenek/cselekednek	nonce word response	tűgzötök	tűgöztök	14	12	0.14310084364067324	-zik	1	NA	tek	János imád tűgözni, ezért sokat tűgzik.	Ti ritkán...	0.05895291616881471	q: NA, s: 0.9, type: all -ik, r: 0.26
vehékszik / vehékedik	vehékßik / vehékedik	cselekszenek/cselekednek	nonce word response	vehékszünk	vehékedünk	18	8	0.7472144018302211	-szik	2	NA	ünk	János imád vehékedni, ezért sokat vehékszik.	Mi ritkán...	0.07099688712278746	q: NA, s: 0.9, type: all -ik, r: 0.26
vihapszik / vihapodik	vihapßik / vihapodik	cselekszenek/cselekednek	nonce word response	vihapszunk	vihapodunk	17	10	0.49247648509779424	-szik	2	NA	ünk	János imád vihapodni, ezért sokat vihapszik.	Mi ritkán...	0.13115820555983757	q: NA, s: 0.9, type: all -ik, r: 0.26
vileslik / vilesezik	vileslik / vilesezik	cselekszenek/cselekednek	nonce word response	vileslünk	vilesezünk	13	13	0	-lik	2	NA	ünk	János imád vilesezni, ezért sokat vileslik.	Mi ritkán...	0.12438907916097622	q: NA, s: 0.9, type: all -ik, r: 0.26
virzik / virozik	virzik / virozik	cselekszenek/cselekednek	nonce word response	virzanak	viroznak	13	13	0	-zik	1	NA	nek	János imád virozni, ezért sokat virzik.	Ők ritkán...	0.09067325114288512	q: NA, s: 0.9, type: all -ik, r: 0.26
vobzik / vobozik	vobzik / vobozik	cselekszenek/cselekednek	nonce word response	vobzotok	voboztok	11	15	-0.2876820724517809	-zik	1	NA	tek	János imád vobozni, ezért sokat vobzik.	Ti ritkán...	0.075385795408888	q: NA, s: 0.9, type: all -ik, r: 0.26
