file_name	list_number	word	cat_1
lakok_1_high_reversed	0	bihá¥lik	0.48279769173764614
lakok_1_high_reversed	0	bivégßik	0.5571358371757004
lakok_1_high_reversed	0	brivegzik	0.70496374244575
lakok_1_high_reversed	0	brobódzik	0.573138377906451
lakok_1_high_reversed	0	brubzik	0.5741384402179874
lakok_1_high_reversed	0	bűtßik	0.5198794275356808
lakok_1_high_reversed	0	düjzik	0.5934969351947849
lakok_1_high_reversed	0	figlik	0.5474175864313782
lakok_1_high_reversed	0	filágzik	0.5979826400546087
lakok_1_high_reversed	0	flátßik	0.39331152771218203
lakok_1_high_reversed	0	flehékßik	0.45101802674271985
lakok_1_high_reversed	0	flehé¥lik	0.4245635002769806
lakok_1_high_reversed	0	flitlik	0.5425101112426286
lakok_1_high_reversed	0	flűmlik	0.4605311919862793
lakok_1_high_reversed	0	frodlik	0.5262911532936545
lakok_1_high_reversed	0	©ibeslik	0.5745631474128943
lakok_1_high_reversed	0	hűgzik	0.581055694389917
lakok_1_high_reversed	0	hurjorzik	0.619092418986123
lakok_1_high_reversed	0	huroslik	0.562050415491039
lakok_1_high_reversed	0	ibékßik	0.4696416047915009
lakok_1_high_reversed	0	jo¥lik	0.5743526159250214
lakok_1_high_reversed	0	klaráglik	0.5634204576851205
lakok_1_high_reversed	0	klétßik	0.4434968149477908
lakok_1_high_reversed	0	klivaslik	0.6817903718266015
lakok_1_high_reversed	0	lörűdzik	0.5616133789196676
lakok_1_high_reversed	0	narádzik	0.5927641030246044
lakok_1_high_reversed	0	nűröklik	0.5770869481729906
lakok_1_high_reversed	0	píjlik	0.6056913696935292
lakok_1_high_reversed	0	pítßik	0.515553988167443
lakok_1_high_reversed	0	plűbzik	0.6080704923524579
lakok_1_high_reversed	0	plugzik	0.5863755674501918
lakok_1_high_reversed	0	pribagßik	0.6868286623898734
lakok_1_high_reversed	0	pribemlik	0.6121489739021676
lakok_1_high_reversed	0	prí¥lik	0.5287057759104096
lakok_1_high_reversed	0	rájzik	0.5730937864123692
lakok_1_high_reversed	0	rokßik	0.49239579634344127
lakok_1_high_reversed	0	salárzik	0.6272927849511951
lakok_1_high_reversed	0	spáraklik	0.621841700748151
lakok_1_high_reversed	0	spihegzik	0.7459632841836624
lakok_1_high_reversed	0	spihemlik	0.5769599327740342
lakok_1_high_reversed	0	spröbzik	0.6560300967674063
lakok_1_high_reversed	0	spubo¥lik	0.6052597152865109
lakok_1_high_reversed	0	spüjzik	0.584156016341877
lakok_1_high_reversed	0	spülűdzik	0.6267759984609965
lakok_1_high_reversed	0	ßibá¥lik	0.5395077795234559
lakok_1_high_reversed	0	ßtrijzik	0.5708521610839147
lakok_1_high_reversed	0	ßtrozlik	0.47947270844545326
lakok_1_high_reversed	0	ßtrűkßik	0.45381977158508224
lakok_1_high_reversed	0	trádlik	0.5260574175034677
lakok_1_high_reversed	0	tragzik	0.5637926721825908
lakok_1_high_reversed	0	treglik	0.5221751695916556
lakok_1_high_reversed	0	trehégßik	0.5040790095234704
lakok_1_high_reversed	0	va¥lik	0.575354709885265
lakok_1_high_reversed	0	vülődzik	0.5360299034248673
lakok_1_high_typical	1	bihá¥lik	0.5545232270650747
lakok_1_high_typical	1	bivégßik	0.3923062146210557
lakok_1_high_typical	1	brivegzik	0.49260649630902026
lakok_1_high_typical	1	brobódzik	0.43629094646947614
lakok_1_high_typical	1	brubzik	0.54236455834214925
lakok_1_high_typical	1	bűtßik	0.5554998674140074
lakok_1_high_typical	1	düjzik	0.6043411814569393
lakok_1_high_typical	1	figlik	0.6815534868464463
lakok_1_high_typical	1	filágzik	0.45468094554400773
lakok_1_high_typical	1	flátßik	0.3961028227592016
lakok_1_high_typical	1	flehékßik	0.44473955183483055
lakok_1_high_typical	1	flehé¥lik	0.7257309238718147
lakok_1_high_typical	1	flitlik	0.6335402471536437
lakok_1_high_typical	1	flűmlik	0.7068410370253763
lakok_1_high_typical	1	frodlik	0.6434120614711873
lakok_1_high_typical	1	©ibeslik	0.6528264090744469
lakok_1_high_typical	1	hűgzik	0.59410506461049
lakok_1_high_typical	1	hurjorzik	0.5963868393523731
lakok_1_high_typical	1	huroslik	0.6448431388566577
lakok_1_high_typical	1	ibékßik	0.4476851717277175
lakok_1_high_typical	1	jo¥lik	0.7253943044047905
lakok_1_high_typical	1	klaráglik	0.6382792394572014
lakok_1_high_typical	1	klétßik	0.44297225352275515
lakok_1_high_typical	1	klivaslik	0.7035140480019387
lakok_1_high_typical	1	lörűdzik	0.5514604003013486
lakok_1_high_typical	1	narádzik	0.5893297464667425
lakok_1_high_typical	1	nűröklik	0.5954034673229885
lakok_1_high_typical	1	píjlik	0.7358158574233191
lakok_1_high_typical	1	pítßik	0.5333366205427759
lakok_1_high_typical	1	plűbzik	0.5933029321029065
lakok_1_high_typical	1	plugzik	0.5329570418406786
lakok_1_high_typical	1	pribagßik	0.37832778435755243
lakok_1_high_typical	1	pribemlik	0.6348978307345947
lakok_1_high_typical	1	prí¥lik	0.6862846408348257
lakok_1_high_typical	1	rájzik	0.5440242108931519
lakok_1_high_typical	1	rokßik	0.48810563877211083
lakok_1_high_typical	1	salárzik	0.591803650991885
lakok_1_high_typical	1	spáraklik	0.5569734264181403
lakok_1_high_typical	1	spihegzik	0.4727923897086353
lakok_1_high_typical	1	spihemlik	0.6677138655385698
lakok_1_high_typical	1	spröbzik	0.48426503461348197
lakok_1_high_typical	1	spubo¥lik	0.6643540654145997
lakok_1_high_typical	1	spüjzik	0.56113442322336
lakok_1_high_typical	1	spülűdzik	0.5081492143430816
lakok_1_high_typical	1	ßibá¥lik	0.6263878744862568
lakok_1_high_typical	1	ßtrijzik	0.5644207412378255
lakok_1_high_typical	1	ßtrozlik	0.6176236394842863
lakok_1_high_typical	1	ßtrűkßik	0.44325669145061986
lakok_1_high_typical	1	trádlik	0.6317221920935097
lakok_1_high_typical	1	tragzik	0.5449483200184926
lakok_1_high_typical	1	treglik	0.6366470652008756
lakok_1_high_typical	1	trehégßik	0.4273879609682744
lakok_1_high_typical	1	va¥lik	0.6820534597640835
lakok_1_high_typical	1	vülődzik	0.49656436162979684
lakok_1_low_reversed	2	bihá¥lik	0.38184452751625136
lakok_1_low_reversed	2	bivégßik	0.49511891559467514
lakok_1_low_reversed	2	brivegzik	0.533300902016719
lakok_1_low_reversed	2	brobódzik	0.5261270316277442
lakok_1_low_reversed	2	brubzik	0.4843802779690628
lakok_1_low_reversed	2	bűtßik	0.398860717642743
lakok_1_low_reversed	2	düjzik	0.47886059780838475
lakok_1_low_reversed	2	figlik	0.3842504412326471
lakok_1_low_reversed	2	filágzik	0.5091945091692607
lakok_1_low_reversed	2	flátßik	0.28947894969354493
lakok_1_low_reversed	2	flehékßik	0.38448563449053064
lakok_1_low_reversed	2	flehé¥lik	0.3234514980982789
lakok_1_low_reversed	2	flitlik	0.38053596491804326
lakok_1_low_reversed	2	flűmlik	0.31392691314781823
lakok_1_low_reversed	2	frodlik	0.4207853874347971
lakok_1_low_reversed	2	©ibeslik	0.42845979497491177
lakok_1_low_reversed	2	hűgzik	0.4885149463945946
lakok_1_low_reversed	2	hurjorzik	0.4982239805123903
lakok_1_low_reversed	2	huroslik	0.4703112551690042
lakok_1_low_reversed	2	ibékßik	0.39335927369927587
lakok_1_low_reversed	2	jo¥lik	0.383090339196755
lakok_1_low_reversed	2	klaráglik	0.3810009736812853
lakok_1_low_reversed	2	klétßik	0.36131045339150997
lakok_1_low_reversed	2	klivaslik	0.3715733649545169
lakok_1_low_reversed	2	lörűdzik	0.4747710088107943
lakok_1_low_reversed	2	narádzik	0.48989211443723873
lakok_1_low_reversed	2	nűröklik	0.38357573520192334
lakok_1_low_reversed	2	píjlik	0.374017854329592
lakok_1_low_reversed	2	pítßik	0.4062124974863563
lakok_1_low_reversed	2	plűbzik	0.4927319561705344
lakok_1_low_reversed	2	plugzik	0.5074251431047317
lakok_1_low_reversed	2	pribagßik	0.5559795392471556
lakok_1_low_reversed	2	pribemlik	0.4184369644669089
lakok_1_low_reversed	2	prí¥lik	0.35612350991533365
lakok_1_low_reversed	2	rájzik	0.4646730597724279
lakok_1_low_reversed	2	rokßik	0.4197463865347939
lakok_1_low_reversed	2	salárzik	0.4714916033399322
lakok_1_low_reversed	2	spáraklik	0.40826754703686313
lakok_1_low_reversed	2	spihegzik	0.6097481170087091
lakok_1_low_reversed	2	spihemlik	0.4069283484942854
lakok_1_low_reversed	2	spröbzik	0.5634976757376368
lakok_1_low_reversed	2	spubo¥lik	0.4257890639278528
lakok_1_low_reversed	2	spüjzik	0.489720290112802
lakok_1_low_reversed	2	spülűdzik	0.5566812855849443
lakok_1_low_reversed	2	ßibá¥lik	0.3904432583082922
lakok_1_low_reversed	2	ßtrijzik	0.48682131339241497
lakok_1_low_reversed	2	ßtrozlik	0.3874779806632504
lakok_1_low_reversed	2	ßtrűkßik	0.37946542578261216
lakok_1_low_reversed	2	trádlik	0.40442877926519516
lakok_1_low_reversed	2	tragzik	0.4615060242584825
lakok_1_low_reversed	2	treglik	0.37994958020125685
lakok_1_low_reversed	2	trehégßik	0.42606390860523186
lakok_1_low_reversed	2	va¥lik	0.4168497755068378
lakok_1_low_reversed	2	vülődzik	0.4995114528241223
lakok_1_low_typical	3	bihá¥lik	0.4535700628436799
lakok_1_low_typical	3	bivégßik	0.33028929304003046
lakok_1_low_typical	3	brivegzik	0.3209436558799892
lakok_1_low_typical	3	brobódzik	0.38927960019076935
lakok_1_low_typical	3	brubzik	0.4526063960932245
lakok_1_low_typical	3	bűtßik	0.43448115752106964
lakok_1_low_typical	3	düjzik	0.4897048440705392
lakok_1_low_typical	3	figlik	0.5183863416477152
lakok_1_low_typical	3	filágzik	0.3658928146586597
lakok_1_low_typical	3	flátßik	0.29227024474056457
lakok_1_low_typical	3	flehékßik	0.37820715958264134
lakok_1_low_typical	3	flehé¥lik	0.6246189216931132
lakok_1_low_typical	3	flitlik	0.47156610082905837
lakok_1_low_typical	3	flűmlik	0.5602367581869152
lakok_1_low_typical	3	frodlik	0.53790629561233
lakok_1_low_typical	3	©ibeslik	0.5067230566364644
lakok_1_low_typical	3	hűgzik	0.5015643166151674
lakok_1_low_typical	3	hurjorzik	0.47551840087864056
lakok_1_low_typical	3	huroslik	0.553103978534623
lakok_1_low_typical	3	ibékßik	0.3714028406354924
lakok_1_low_typical	3	jo¥lik	0.534132027676524
lakok_1_low_typical	3	klaráglik	0.4558597554533663
lakok_1_low_typical	3	klétßik	0.36078589196647426
lakok_1_low_typical	3	klivaslik	0.3932970411298542
lakok_1_low_typical	3	lörűdzik	0.46461803019247533
lakok_1_low_typical	3	narádzik	0.4864577578793769
lakok_1_low_typical	3	nűröklik	0.4018922543519214
lakok_1_low_typical	3	píjlik	0.5041423420593819
lakok_1_low_typical	3	pítßik	0.42399512986168925
lakok_1_low_typical	3	plűbzik	0.47796439592098305
lakok_1_low_typical	3	plugzik	0.45400661749521853
lakok_1_low_typical	3	pribagßik	0.2474786612148346
lakok_1_low_typical	3	pribemlik	0.4411858212993361
lakok_1_low_typical	3	prí¥lik	0.5137023748397497
lakok_1_low_typical	3	rájzik	0.4356034842532106
lakok_1_low_typical	3	rokßik	0.41545622896346346
lakok_1_low_typical	3	salárzik	0.4360024693806221
lakok_1_low_typical	3	spáraklik	0.34339927270685233
lakok_1_low_typical	3	spihegzik	0.33657722253368205
lakok_1_low_typical	3	spihemlik	0.4976822812588211
lakok_1_low_typical	3	spröbzik	0.3917326135837125
lakok_1_low_typical	3	spubo¥lik	0.48488341405594165
lakok_1_low_typical	3	spüjzik	0.466698696994285
lakok_1_low_typical	3	spülűdzik	0.43805450146702934
lakok_1_low_typical	3	ßibá¥lik	0.47732335327109293
lakok_1_low_typical	3	ßtrijzik	0.4803898935463258
lakok_1_low_typical	3	ßtrozlik	0.5256289117020834
lakok_1_low_typical	3	ßtrűkßik	0.3689023456481498
lakok_1_low_typical	3	trádlik	0.5100935538552371
lakok_1_low_typical	3	tragzik	0.4426616720943843
lakok_1_low_typical	3	treglik	0.49442147581047685
lakok_1_low_typical	3	trehégßik	0.3493728600500358
lakok_1_low_typical	3	va¥lik	0.5235485253856562
lakok_1_low_typical	3	vülődzik	0.4600459110290518
lakok_2_high_reversed	4	aglik	0.5936209334156776
lakok_2_high_reversed	4	bivejlik	0.5489842228016906
lakok_2_high_reversed	4	brarlik	0.5733957335068157
lakok_2_high_reversed	4	çólorzik	0.5578332215972056
lakok_2_high_reversed	4	drügzik	0.5912360495263876
lakok_2_high_reversed	4	féjzik	0.6117029020019907
lakok_2_high_reversed	4	fivé¥lik	0.5042684193789777
lakok_2_high_reversed	4	flérlik	0.501850464836292
lakok_2_high_reversed	4	flibekßik	0.4718291873509911
lakok_2_high_reversed	4	fligzik	0.6034809518958073
lakok_2_high_reversed	4	fliraklik	0.464388618505842
lakok_2_high_reversed	4	floglik	0.5371977565649368
lakok_2_high_reversed	4	flözlik	0.5128194756526402
lakok_2_high_reversed	4	frágapßik	0.46219206566066584
lakok_2_high_reversed	4	frißlik	0.5921038590214565
lakok_2_high_reversed	4	frivajlik	0.5206848234251379
lakok_2_high_reversed	4	geré¥lik	0.543843097416195
lakok_2_high_reversed	4	gilárzik	0.6140779709890888
lakok_2_high_reversed	4	©ibakßik	0.4400883687655618
lakok_2_high_reversed	4	©ivádzik	0.5904047799441763
lakok_2_high_reversed	4	huklik	0.6147318605120525
lakok_2_high_reversed	4	ibáglik	0.5257770083212273
lakok_2_high_reversed	4	klárzik	0.6122381852940676
lakok_2_high_reversed	4	klidlik	0.5659383311435825
lakok_2_high_reversed	4	kumlik	0.6052108954800011
lakok_2_high_reversed	4	lihadzik	0.5616872885972379
lakok_2_high_reversed	4	livaklik	0.41525807124390374
lakok_2_high_reversed	4	mékßik	0.5416695061729966
lakok_2_high_reversed	4	péleslik	0.5909792054126035
lakok_2_high_reversed	4	plágadzik	0.5514799127272969
lakok_2_high_reversed	4	plövőrzik	0.612158164098602
lakok_2_high_reversed	4	praslik	0.6085149853549815
lakok_2_high_reversed	4	préleglik	0.5486191800192585
lakok_2_high_reversed	4	prezlik	0.5863550971055846
lakok_2_high_reversed	4	prihekßik	0.4727353269087254
lakok_2_high_reversed	4	prohódzik	0.6107265955992914
lakok_2_high_reversed	4	pugoslik	0.5228611338546046
lakok_2_high_reversed	4	spatßik	0.5269652723441413
lakok_2_high_reversed	4	spélßik	0.5421494267619565
lakok_2_high_reversed	4	spibádzik	0.6393231025382088
lakok_2_high_reversed	4	spírzik	0.5963468047983677
lakok_2_high_reversed	4	sprálßik	0.5335099459395538
lakok_2_high_reversed	4	sprédlik	0.6294711947580528
lakok_2_high_reversed	4	spülöklik	0.5889344884304163
lakok_2_high_reversed	4	spülőrzik	0.6564484885283376
lakok_2_high_reversed	4	spüßlik	0.5218157058955873
lakok_2_high_reversed	4	ßtruglik	0.5946203943710648
lakok_2_high_reversed	4	ßűslik	0.6286804354559287
lakok_2_high_reversed	4	táklik	0.5683819196614437
lakok_2_high_reversed	4	trihagzik	0.6791856966313172
lakok_2_high_reversed	4	tuboklik	0.539212450061183
lakok_2_high_reversed	4	vihepßik	0.4801701069686253
lakok_2_high_reversed	4	vűjlik	0.6053810238641969
lakok_2_high_reversed	4	zödlik	0.6113699888864673
lakok_2_high_typical	5	aglik	0.6551624376368311
lakok_2_high_typical	5	bivejlik	0.5863919834017467
lakok_2_high_typical	5	brarlik	0.6383151195628605
lakok_2_high_typical	5	çólorzik	0.5430578004531746
lakok_2_high_typical	5	drügzik	0.5831379874885007
lakok_2_high_typical	5	féjzik	0.6105227799993325
lakok_2_high_typical	5	fivé¥lik	0.6376288049083797
lakok_2_high_typical	5	flérlik	0.6168262950861487
lakok_2_high_typical	5	flibekßik	0.3855742055185268
lakok_2_high_typical	5	fligzik	0.5573908495436395
lakok_2_high_typical	5	fliraklik	0.5875285741224212
lakok_2_high_typical	5	floglik	0.6436649737338067
lakok_2_high_typical	5	flözlik	0.6328153962788065
lakok_2_high_typical	5	frágapßik	0.39453911691370624
lakok_2_high_typical	5	frißlik	0.6865798800125414
lakok_2_high_typical	5	frivajlik	0.6414893673060288
lakok_2_high_typical	5	geré¥lik	0.634616281618344
lakok_2_high_typical	5	gilárzik	0.5419584844156571
lakok_2_high_typical	5	©ibakßik	0.333407650162445
lakok_2_high_typical	5	©ivádzik	0.5442087653987007
lakok_2_high_typical	5	huklik	0.6490775187166258
lakok_2_high_typical	5	ibáglik	0.6043391331104667
lakok_2_high_typical	5	klárzik	0.571466687299232
lakok_2_high_typical	5	klidlik	0.6658348164836811
lakok_2_high_typical	5	kumlik	0.6664665309285751
lakok_2_high_typical	5	lihadzik	0.5594308311529644
lakok_2_high_typical	5	livaklik	0.5415815728157812
lakok_2_high_typical	5	mékßik	0.4471757391163339
lakok_2_high_typical	5	péleslik	0.6490537445695926
lakok_2_high_typical	5	plágadzik	0.493513135485503
lakok_2_high_typical	5	plövőrzik	0.5887854160310292
lakok_2_high_typical	5	praslik	0.6749292822821734
lakok_2_high_typical	5	préleglik	0.6193806230679048
lakok_2_high_typical	5	prezlik	0.6745945112776356
lakok_2_high_typical	5	prihekßik	0.41027307385521194
lakok_2_high_typical	5	prohódzik	0.48974677570793435
lakok_2_high_typical	5	pugoslik	0.6919679482966185
lakok_2_high_typical	5	spatßik	0.4447646157819582
lakok_2_high_typical	5	spélßik	0.488225953757502
lakok_2_high_typical	5	spibádzik	0.6445209936023882
lakok_2_high_typical	5	spírzik	0.6335428220752701
lakok_2_high_typical	5	sprálßik	0.5069002552548322
lakok_2_high_typical	5	sprédlik	0.6724447172077671
lakok_2_high_typical	5	spülöklik	0.6640829660211878
lakok_2_high_typical	5	spülőrzik	0.6887303891466126
lakok_2_high_typical	5	spüßlik	0.6434341013578693
lakok_2_high_typical	5	ßtruglik	0.6722600428298346
lakok_2_high_typical	5	ßűslik	0.6916341571591074
lakok_2_high_typical	5	táklik	0.5933449907211478
lakok_2_high_typical	5	trihagzik	0.5686567256538466
lakok_2_high_typical	5	tuboklik	0.6227968860176666
lakok_2_high_typical	5	vihepßik	0.46680068897930443
lakok_2_high_typical	5	vűjlik	0.6989165930453445
lakok_2_high_typical	5	zödlik	0.6574271839089726
lakok_2_low_reversed	6	aglik	0.4781321813963049
lakok_2_low_reversed	6	bivejlik	0.43777746855533844
lakok_2_low_reversed	6	brarlik	0.3874486310095935
lakok_2_low_reversed	6	çólorzik	0.46239743315944554
lakok_2_low_reversed	6	drügzik	0.3844878496955935
lakok_2_low_reversed	6	féjzik	0.4433977183335501
lakok_2_low_reversed	6	fivé¥lik	0.3944979385167261
lakok_2_low_reversed	6	flérlik	0.3902897650576656
lakok_2_low_reversed	6	flibekßik	0.42583598718687116
lakok_2_low_reversed	6	fligzik	0.4631344841114496
lakok_2_low_reversed	6	fliraklik	0.32455456247626524
lakok_2_low_reversed	6	floglik	0.35980331684204186
lakok_2_low_reversed	6	flözlik	0.38451935283542366
lakok_2_low_reversed	6	frágapßik	0.39560456444583536
lakok_2_low_reversed	6	frißlik	0.37896300671525457
lakok_2_low_reversed	6	frivajlik	0.38966137750258284
lakok_2_low_reversed	6	geré¥lik	0.4107987833780231
lakok_2_low_reversed	6	gilárzik	0.49237942049418354
lakok_2_low_reversed	6	©ibakßik	0.3862927091761418
lakok_2_low_reversed	6	©ivádzik	0.5120860953148795
lakok_2_low_reversed	6	huklik	0.519916088891407
lakok_2_low_reversed	6	ibáglik	0.38797402975038614
lakok_2_low_reversed	6	klárzik	0.4856251823463441
lakok_2_low_reversed	6	klidlik	0.44231789302807534
lakok_2_low_reversed	6	kumlik	0.49896891589927944
lakok_2_low_reversed	6	lihadzik	0.47138391060554446
lakok_2_low_reversed	6	livaklik	0.3445882704828029
lakok_2_low_reversed	6	mékßik	0.49999343712893574
lakok_2_low_reversed	6	péleslik	0.4769408927281547
lakok_2_low_reversed	6	plágadzik	0.4769258284695223
lakok_2_low_reversed	6	plövőrzik	0.5134651244628677
lakok_2_low_reversed	6	praslik	0.3780765020939174
lakok_2_low_reversed	6	préleglik	0.4567519602638838
lakok_2_low_reversed	6	prezlik	0.38495408995959207
lakok_2_low_reversed	6	prihekßik	0.42207867740565164
lakok_2_low_reversed	6	prohódzik	0.5433013568500261
lakok_2_low_reversed	6	pugoslik	0.4098959173853459
lakok_2_low_reversed	6	spatßik	0.44583525048256284
lakok_2_low_reversed	6	spélßik	0.4634461134796542
lakok_2_low_reversed	6	spibádzik	0.4758724703174309
lakok_2_low_reversed	6	spírzik	0.4461099730416178
lakok_2_low_reversed	6	sprálßik	0.3873006878908113
lakok_2_low_reversed	6	sprédlik	0.37764475548880133
lakok_2_low_reversed	6	spülöklik	0.3411474828970414
lakok_2_low_reversed	6	spülőrzik	0.353986582623064
lakok_2_low_reversed	6	spüßlik	0.38273326145806147
lakok_2_low_reversed	6	ßtruglik	0.3417777792821829
lakok_2_low_reversed	6	ßűslik	0.48074994818420697
lakok_2_low_reversed	6	táklik	0.44266339187890447
lakok_2_low_reversed	6	trihagzik	0.4604534317036767
lakok_2_low_reversed	6	tuboklik	0.445065461419572
lakok_2_low_reversed	6	vihepßik	0.4318699661720432
lakok_2_low_reversed	6	vűjlik	0.4131896299306425
lakok_2_low_reversed	6	zödlik	0.46307461431367
lakok_2_low_typical	7	aglik	0.5396736856174584
lakok_2_low_typical	7	bivejlik	0.47518522915539463
lakok_2_low_typical	7	brarlik	0.4523680170656382
lakok_2_low_typical	7	çólorzik	0.44762201201541457
lakok_2_low_typical	7	drügzik	0.37638978765770653
lakok_2_low_typical	7	féjzik	0.44221759633089186
lakok_2_low_typical	7	fivé¥lik	0.527858324046128
lakok_2_low_typical	7	flérlik	0.5052655953075224
lakok_2_low_typical	7	flibekßik	0.33958100535440683
lakok_2_low_typical	7	fligzik	0.41704438175928177
lakok_2_low_typical	7	fliraklik	0.4476945180928445
lakok_2_low_typical	7	floglik	0.4662705340109117
lakok_2_low_typical	7	flözlik	0.5045152734615899
lakok_2_low_typical	7	frágapßik	0.3279516156988757
lakok_2_low_typical	7	frißlik	0.47343902770633944
lakok_2_low_typical	7	frivajlik	0.5104659213834738
lakok_2_low_typical	7	geré¥lik	0.5015719675801722
lakok_2_low_typical	7	gilárzik	0.4202599339207519
lakok_2_low_typical	7	©ibakßik	0.27961199057302505
lakok_2_low_typical	7	©ivádzik	0.4658900807694038
lakok_2_low_typical	7	huklik	0.5542617470959803
lakok_2_low_typical	7	ibáglik	0.4665361545396255
lakok_2_low_typical	7	klárzik	0.4448536843515086
lakok_2_low_typical	7	klidlik	0.542214378368174
lakok_2_low_typical	7	kumlik	0.5602245513478534
lakok_2_low_typical	7	lihadzik	0.46912745316127097
lakok_2_low_typical	7	livaklik	0.4709117720546804
lakok_2_low_typical	7	mékßik	0.4054996700722731
lakok_2_low_typical	7	péleslik	0.5350154318851439
lakok_2_low_typical	7	plágadzik	0.4189590512277284
lakok_2_low_typical	7	plövőrzik	0.4900923763952949
lakok_2_low_typical	7	praslik	0.4444907990211093
lakok_2_low_typical	7	préleglik	0.52751340331253
lakok_2_low_typical	7	prezlik	0.4731935041316431
lakok_2_low_typical	7	prihekßik	0.3596164243521382
lakok_2_low_typical	7	prohódzik	0.42232153695866903
lakok_2_low_typical	7	pugoslik	0.5790027318273597
lakok_2_low_typical	7	spatßik	0.3636345939203798
lakok_2_low_typical	7	spélßik	0.40952264047519965
lakok_2_low_typical	7	spibádzik	0.4810703613816105
lakok_2_low_typical	7	spírzik	0.48330599031852034
lakok_2_low_typical	7	sprálßik	0.3606909972060897
lakok_2_low_typical	7	sprédlik	0.42061827793851553
lakok_2_low_typical	7	spülöklik	0.41629596048781276
lakok_2_low_typical	7	spülőrzik	0.38626848324133894
lakok_2_low_typical	7	spüßlik	0.5043516569203433
lakok_2_low_typical	7	ßtruglik	0.4194174277409528
lakok_2_low_typical	7	ßűslik	0.5437036698873856
lakok_2_low_typical	7	táklik	0.46762646293860854
lakok_2_low_typical	7	trihagzik	0.34992446072620614
lakok_2_low_typical	7	tuboklik	0.5286498973760555
lakok_2_low_typical	7	vihepßik	0.41850054818272237
lakok_2_low_typical	7	vűjlik	0.5067251991117901
lakok_2_low_typical	7	zödlik	0.5091318093361752
lakok_3_high_reversed	8	böjzik	0.5712200352352134
lakok_3_high_reversed	8	bölßik	0.5268673240834248
lakok_3_high_reversed	8	brágaklik	0.4963122640976295
lakok_3_high_reversed	8	brüjlik	0.4845608878945285
lakok_3_high_reversed	8	büglik	0.5985402684739222
lakok_3_high_reversed	8	çíßlik	0.6364236965772518
lakok_3_high_reversed	8	driládzik	0.6216348733782541
lakok_3_high_reversed	8	drubódzik	0.5656779611899182
lakok_3_high_reversed	8	femlik	0.5516217426344044
lakok_3_high_reversed	8	feté¥lik	0.511021738274796
lakok_3_high_reversed	8	fibamlik	0.6014865030060951
lakok_3_high_reversed	8	flagá¥lik	0.5580256110442998
lakok_3_high_reversed	8	flagárzik	0.5776935382887808
lakok_3_high_reversed	8	flűröklik	0.5766352310641952
lakok_3_high_reversed	8	flüröslik	0.541242467577469
lakok_3_high_reversed	8	fretßik	0.4561685407679249
lakok_3_high_reversed	8	frilegßik	0.5453503014503823
lakok_3_high_reversed	8	herégßik	0.397189610806228
lakok_3_high_reversed	8	hilarzik	0.6027135083583892
lakok_3_high_reversed	8	jüslik	0.5461716872175365
lakok_3_high_reversed	8	jußlik	0.5966403394923535
lakok_3_high_reversed	8	klibamlik	0.6085275164304544
lakok_3_high_reversed	8	klörlik	0.49336727448254364
lakok_3_high_reversed	8	lorjódzik	0.5453037113109768
lakok_3_high_reversed	8	málapßik	0.44588900169687007
lakok_3_high_reversed	8	marzik	0.6114160113242035
lakok_3_high_reversed	8	narjárzik	0.6011961929014297
lakok_3_high_reversed	8	¥áslik	0.5327263457735223
lakok_3_high_reversed	8	pebzik	0.6186319690780254
lakok_3_high_reversed	8	piragßik	0.4536299478148869
lakok_3_high_reversed	8	pivegßik	0.5044584433594679
lakok_3_high_reversed	8	pratá¥lik	0.5005727662014592
lakok_3_high_reversed	8	prilegzik	0.6547222757332017
lakok_3_high_reversed	8	prűrlik	0.4434582663274574
lakok_3_high_reversed	8	ribegzik	0.6093432396636904
lakok_3_high_reversed	8	ribzik	0.6164269820100184
lakok_3_high_reversed	8	ruslik	0.5185252998274644
lakok_3_high_reversed	8	siladzik	0.6147822939877104
lakok_3_high_reversed	8	sojzik	0.5863791386750954
lakok_3_high_reversed	8	spatárzik	0.6123256345625343
lakok_3_high_reversed	8	spéslik	0.5824458003542866
lakok_3_high_reversed	8	spibaklik	0.659341475810589
lakok_3_high_reversed	8	spilágzik	0.6837770120739214
lakok_3_high_reversed	8	sprogzik	0.5867670463540994
lakok_3_high_reversed	8	sprökßik	0.5094146090898174
lakok_3_high_reversed	8	spűmlik	0.58462581059557
lakok_3_high_reversed	8	sűzlik	0.5154384504267308
lakok_3_high_reversed	8	ßirlik	0.5767190175889023
lakok_3_high_reversed	8	ßtremlik	0.5676875848266872
lakok_3_high_reversed	8	tí¥lik	0.6005351848923928
lakok_3_high_reversed	8	tiregzik	0.5363599470557522
lakok_3_high_reversed	8	tomlik	0.5898967625484653
lakok_3_high_reversed	8	trilßik	0.5450539176568194
lakok_3_high_reversed	8	vilakßik	0.4297139140351833
lakok_3_high_typical	9	böjzik	0.616163042184403
lakok_3_high_typical	9	bölßik	0.5466484023746907
lakok_3_high_typical	9	brágaklik	0.48974371133104894
lakok_3_high_typical	9	brüjlik	0.6966472626435332
lakok_3_high_typical	9	büglik	0.6900803837291689
lakok_3_high_typical	9	çíßlik	0.7156833208679443
lakok_3_high_typical	9	driládzik	0.5272451781254033
lakok_3_high_typical	9	drubódzik	0.5104668878180249
lakok_3_high_typical	9	femlik	0.6764263652934761
lakok_3_high_typical	9	feté¥lik	0.6641895971994308
lakok_3_high_typical	9	fibamlik	0.6190375487956341
lakok_3_high_typical	9	flagá¥lik	0.590028104736657
lakok_3_high_typical	9	flagárzik	0.5122069134138874
lakok_3_high_typical	9	flűröklik	0.679613194786305
lakok_3_high_typical	9	flüröslik	0.7222152669703207
lakok_3_high_typical	9	fretßik	0.45985753936115964
lakok_3_high_typical	9	frilegßik	0.4680087585778179
lakok_3_high_typical	9	herégßik	0.4199720140651302
lakok_3_high_typical	9	hilarzik	0.5092489152499153
lakok_3_high_typical	9	jüslik	0.6972950157077825
lakok_3_high_typical	9	jußlik	0.7071650713665268
lakok_3_high_typical	9	klibamlik	0.6224484638185899
lakok_3_high_typical	9	klörlik	0.7213810459111005
lakok_3_high_typical	9	lorjódzik	0.5299316632144356
lakok_3_high_typical	9	málapßik	0.3881025618417184
lakok_3_high_typical	9	marzik	0.6313417122316147
lakok_3_high_typical	9	narjárzik	0.5774710859489424
lakok_3_high_typical	9	¥áslik	0.6248935656044112
lakok_3_high_typical	9	pebzik	0.6429674344607282
lakok_3_high_typical	9	piragßik	0.43076713758501683
lakok_3_high_typical	9	pivegßik	0.4797575848489062
lakok_3_high_typical	9	pratá¥lik	0.5976086143641984
lakok_3_high_typical	9	prilegzik	0.5922278743101366
lakok_3_high_typical	9	prűrlik	0.7332425511490763
lakok_3_high_typical	9	ribegzik	0.5470539015154299
lakok_3_high_typical	9	ribzik	0.6172776288179187
lakok_3_high_typical	9	ruslik	0.730053648307166
lakok_3_high_typical	9	siladzik	0.5579480578749072
lakok_3_high_typical	9	sojzik	0.6097024937776643
lakok_3_high_typical	9	spatárzik	0.5415037154678614
lakok_3_high_typical	9	spéslik	0.7238714654728579
lakok_3_high_typical	9	spibaklik	0.5871034648193446
lakok_3_high_typical	9	spilágzik	0.5925485201790747
lakok_3_high_typical	9	sprogzik	0.5700032834409514
lakok_3_high_typical	9	sprökßik	0.43949288609298487
lakok_3_high_typical	9	spűmlik	0.6882618129136311
lakok_3_high_typical	9	sűzlik	0.6907260367428045
lakok_3_high_typical	9	ßirlik	0.7008310531560589
lakok_3_high_typical	9	ßtremlik	0.6626064470779283
lakok_3_high_typical	9	tí¥lik	0.6505784259171844
lakok_3_high_typical	9	tiregzik	0.5048698114712697
lakok_3_high_typical	9	tomlik	0.6630450545978936
lakok_3_high_typical	9	trilßik	0.5372741815982882
lakok_3_high_typical	9	vilakßik	0.33069175279592344
lakok_3_low_reversed	10	böjzik	0.47439815260912777
lakok_3_low_reversed	10	bölßik	0.4415898041913034
lakok_3_low_reversed	10	brágaklik	0.3899072140417329
lakok_3_low_reversed	10	brüjlik	0.33930983346117355
lakok_3_low_reversed	10	büglik	0.3842676931859759
lakok_3_low_reversed	10	çíßlik	0.5211188234750379
lakok_3_low_reversed	10	driládzik	0.5143641568760724
lakok_3_low_reversed	10	drubódzik	0.5028287462247514
lakok_3_low_reversed	10	femlik	0.44114126654254077
lakok_3_low_reversed	10	feté¥lik	0.3460552876432748
lakok_3_low_reversed	10	fibamlik	0.41488814531405394
lakok_3_low_reversed	10	flagá¥lik	0.3736314686286429
lakok_3_low_reversed	10	flagárzik	0.46127733207719773
lakok_3_low_reversed	10	flűröklik	0.323050476991018
lakok_3_low_reversed	10	flüröslik	0.3494904151009692
lakok_3_low_reversed	10	fretßik	0.39009533032574434
lakok_3_low_reversed	10	frilegßik	0.38759874477026873
lakok_3_low_reversed	10	herégßik	0.3345806482455022
lakok_3_low_reversed	10	hilarzik	0.5197861033433014
lakok_3_low_reversed	10	jüslik	0.41940331292344385
lakok_3_low_reversed	10	jußlik	0.45365706457885685
lakok_3_low_reversed	10	klibamlik	0.4307930384271356
lakok_3_low_reversed	10	klörlik	0.33501493690170686
lakok_3_low_reversed	10	lorjódzik	0.5049109129262372
lakok_3_low_reversed	10	málapßik	0.40069060549136176
lakok_3_low_reversed	10	marzik	0.5260978691244548
lakok_3_low_reversed	10	narjárzik	0.53789769588516
lakok_3_low_reversed	10	¥áslik	0.4247133978934488
lakok_3_low_reversed	10	pebzik	0.5354605872649957
lakok_3_low_reversed	10	piragßik	0.3681255251593758
lakok_3_low_reversed	10	pivegßik	0.40990927801367616
lakok_3_low_reversed	10	pratá¥lik	0.4040664653615214
lakok_3_low_reversed	10	prilegzik	0.4448134801352027
lakok_3_low_reversed	10	prűrlik	0.32190766344891386
lakok_3_low_reversed	10	ribegzik	0.5100851112663041
lakok_3_low_reversed	10	ribzik	0.5294321130481067
lakok_3_low_reversed	10	ruslik	0.3742449199996249
lakok_3_low_reversed	10	siladzik	0.4957733261305313
lakok_3_low_reversed	10	sojzik	0.4710458533232544
lakok_3_low_reversed	10	spatárzik	0.4437253974268451
lakok_3_low_reversed	10	spéslik	0.31807720443192533
lakok_3_low_reversed	10	spibaklik	0.39577031764963905
lakok_3_low_reversed	10	spilágzik	0.4428220097695643
lakok_3_low_reversed	10	sprogzik	0.45463048522207244
lakok_3_low_reversed	10	sprökßik	0.3911565761103132
lakok_3_low_reversed	10	spűmlik	0.364997517369788
lakok_3_low_reversed	10	sűzlik	0.39222221548693315
lakok_3_low_reversed	10	ßirlik	0.45748753736492714
lakok_3_low_reversed	10	ßtremlik	0.40713174346683406
lakok_3_low_reversed	10	tí¥lik	0.49543202779092993
lakok_3_low_reversed	10	tiregzik	0.4691362055919975
lakok_3_low_reversed	10	tomlik	0.4839447245054394
lakok_3_low_reversed	10	trilßik	0.45422354588829267
lakok_3_low_reversed	10	vilakßik	0.38235251018293787
lakok_3_low_typical	11	böjzik	0.5193411595583174
lakok_3_low_typical	11	bölßik	0.46137088248256936
lakok_3_low_typical	11	brágaklik	0.3833386612751523
lakok_3_low_typical	11	brüjlik	0.5513962082101783
lakok_3_low_typical	11	büglik	0.4758078084412226
lakok_3_low_typical	11	çíßlik	0.6003784477657303
lakok_3_low_typical	11	driládzik	0.4199744616232216
lakok_3_low_typical	11	drubódzik	0.447617672852858
lakok_3_low_typical	11	femlik	0.5659458892016124
lakok_3_low_typical	11	feté¥lik	0.49922314656790956
lakok_3_low_typical	11	fibamlik	0.43243919110359297
lakok_3_low_typical	11	flagá¥lik	0.405633962321
lakok_3_low_typical	11	flagárzik	0.3957907072023043
lakok_3_low_typical	11	flűröklik	0.4260284407131279
lakok_3_low_typical	11	flüröslik	0.530463214493821
lakok_3_low_typical	11	fretßik	0.39378432891897913
lakok_3_low_typical	11	frilegßik	0.31025720189770434
lakok_3_low_typical	11	herégßik	0.35736305150440445
lakok_3_low_typical	11	hilarzik	0.42632151023482767
lakok_3_low_typical	11	jüslik	0.5705266414136899
lakok_3_low_typical	11	jußlik	0.5641817964530302
lakok_3_low_typical	11	klibamlik	0.444713985815271
lakok_3_low_typical	11	klörlik	0.5630287083302637
lakok_3_low_typical	11	lorjódzik	0.4895388648296961
lakok_3_low_typical	11	málapßik	0.34290416563621007
lakok_3_low_typical	11	marzik	0.5460235700318661
lakok_3_low_typical	11	narjárzik	0.5141725889326728
lakok_3_low_typical	11	¥áslik	0.5168806177243377
lakok_3_low_typical	11	pebzik	0.5597960526476984
lakok_3_low_typical	11	piragßik	0.3452627149295058
lakok_3_low_typical	11	pivegßik	0.3852084195031145
lakok_3_low_typical	11	pratá¥lik	0.5011023135242607
lakok_3_low_typical	11	prilegzik	0.3823190787121375
lakok_3_low_typical	11	prűrlik	0.6116919482705326
lakok_3_low_typical	11	ribegzik	0.44779577311804347
lakok_3_low_typical	11	ribzik	0.5302827598560069
lakok_3_low_typical	11	ruslik	0.5857732684793264
lakok_3_low_typical	11	siladzik	0.4389390900177282
lakok_3_low_typical	11	sojzik	0.4943692084258232
lakok_3_low_typical	11	spatárzik	0.37290347833217213
lakok_3_low_typical	11	spéslik	0.45950286955049646
lakok_3_low_typical	11	spibaklik	0.32353230665839466
lakok_3_low_typical	11	spilágzik	0.3515935178747176
lakok_3_low_typical	11	sprogzik	0.4378667223089244
lakok_3_low_typical	11	sprökßik	0.32123485311348066
lakok_3_low_typical	11	spűmlik	0.4686335196878491
lakok_3_low_typical	11	sűzlik	0.5675098018030068
lakok_3_low_typical	11	ßirlik	0.5815995729320838
lakok_3_low_typical	11	ßtremlik	0.5020506057180751
lakok_3_low_typical	11	tí¥lik	0.5454752688157215
lakok_3_low_typical	11	tiregzik	0.43764607000751504
lakok_3_low_typical	11	tomlik	0.5570930165548678
lakok_3_low_typical	11	trilßik	0.4464438098297615
lakok_3_low_typical	11	vilakßik	0.2833303489436779
cselekszenek_1_high_reversed	0	bra¥lik / bra¥ozik	0.8849411536776893
cselekszenek_1_high_reversed	0	bratárzik / bratározik	0.5042239677128275
cselekszenek_1_high_reversed	0	brivaklik / brivakozik	0.9933983883055685
cselekszenek_1_high_reversed	0	brözlik / brözözik	0.7993185682076211
cselekszenek_1_high_reversed	0	brülöslik / brülösözik	0.9550611291710458
cselekszenek_1_high_reversed	0	çibagzik / çibagozik	0.9655159273869832
cselekszenek_1_high_reversed	0	çubzik / çubozik	0.6767191852769934
cselekszenek_1_high_reversed	0	dabzik / dabozik	0.45727238865624786
cselekszenek_1_high_reversed	0	dárakßik / dárakodik	0.7905428253259121
cselekszenek_1_high_reversed	0	dilaklik / dilakozik	0.88296318700901
cselekszenek_1_high_reversed	0	dirlik / dirozik	0.4389107526670694
cselekszenek_1_high_reversed	0	drilarzik / drilarozik	0.6694838807324769
cselekszenek_1_high_reversed	0	drűrzik / drűrözik	0.878900894999126
cselekszenek_1_high_reversed	0	dujzik / dujozik	0.32654181461012
cselekszenek_1_high_reversed	0	flemlik / flemezik	0.8373337504234998
cselekszenek_1_high_reversed	0	flöklik / flöközik	0.8474574651471122
cselekszenek_1_high_reversed	0	flűgzik / flűgözik	0.6611145721898728
cselekszenek_1_high_reversed	0	flüröklik / flüröközik	0.9364121457187186
cselekszenek_1_high_reversed	0	fökßik / föködik	0.23628000249375197
cselekszenek_1_high_reversed	0	fraklik / frakozik	0.6387298478643669
cselekszenek_1_high_reversed	0	frálapßik / frálapodik	0.5090933296684672
cselekszenek_1_high_reversed	0	frálaslik / frálasozik	0.9631519914418161
cselekszenek_1_high_reversed	0	fröjzik / fröjözik	0.5861764881092308
cselekszenek_1_high_reversed	0	gihejlik / gihejezik	0.9666598255966452
cselekszenek_1_high_reversed	0	©ihegzik / ©ihegezik	0.9761674213849688
cselekszenek_1_high_reversed	0	klehé¥lik / klehé¥ezik	0.3416490138085014
cselekszenek_1_high_reversed	0	kößlik / kößözik	0.1754077248997984
cselekszenek_1_high_reversed	0	kűdlik / kűdözik	0.37542096281153
cselekszenek_1_high_reversed	0	lájzik / lájozik	0.4088660496314372
cselekszenek_1_high_reversed	0	lűklik / lűközik	0.5781908791936716
cselekszenek_1_high_reversed	0	mágamlik / mágamozik	0.7601824996821267
cselekszenek_1_high_reversed	0	molßik / molodik	0.07238892903792539
cselekszenek_1_high_reversed	0	mülőrzik / mülőrözik	0.8919361877698044
cselekszenek_1_high_reversed	0	¥ivágzik / ¥ivágozik	0.9353504262698441
cselekszenek_1_high_reversed	0	¥ürzik / ¥ürözik	0.5958806272933483
cselekszenek_1_high_reversed	0	pilégßik / pilégedik	0.7803415436657547
cselekszenek_1_high_reversed	0	poslik / posozik	0.26165773599821096
cselekszenek_1_high_reversed	0	pragá¥lik / pragá¥ozik	0.627720307388258
cselekszenek_1_high_reversed	0	prélemlik / prélemezik	0.20223420197989156
cselekszenek_1_high_reversed	0	privékßik / privékedik	0.9883797391247758
cselekszenek_1_high_reversed	0	prögzik / prögözik	0.4940042014830049
cselekszenek_1_high_reversed	0	püzlik / püzözik	0.13676696650560302
cselekszenek_1_high_reversed	0	spibeglik / spibegezik	0.9978590763813158
cselekszenek_1_high_reversed	0	spiharzik / spiharozik	0.9439607861733219
cselekszenek_1_high_reversed	0	spiráglik / spirágozik	0.9404518287160033
cselekszenek_1_high_reversed	0	sprozlik / sprozozik	0.4894099063437885
cselekszenek_1_high_reversed	0	sprudlik / sprudozik	0.8093813069205988
cselekszenek_1_high_reversed	0	sprűrlik / sprűrözik	0.6735805024247855
cselekszenek_1_high_reversed	0	spügzik / spügözik	0.15340474975506446
cselekszenek_1_high_reversed	0	triklik / trikozik	0.8351806266325015
cselekszenek_1_high_reversed	0	trivakßik / trivakodik	0.9566439154863045
cselekszenek_1_high_reversed	0	trugoklik / trugokozik	0.8422277670887522
cselekszenek_1_high_reversed	0	trugzik / trugozik	0.7999928736102264
cselekszenek_1_high_reversed	0	virzik / virozik	0.6809622643240141
cselekszenek_1_high_typical	1	bra¥lik / bra¥ozik	0.8876608897361119
cselekszenek_1_high_typical	1	bratárzik / bratározik	0.8178057470013127
cselekszenek_1_high_typical	1	brivaklik / brivakozik	0.18110558897105528
cselekszenek_1_high_typical	1	brözlik / brözözik	0.9671023843226342
cselekszenek_1_high_typical	1	brülöslik / brülösözik	0.8427486000060027
cselekszenek_1_high_typical	1	çibagzik / çibagozik	0.7640009301143051
cselekszenek_1_high_typical	1	çubzik / çubozik	0.6801033998517603
cselekszenek_1_high_typical	1	dabzik / dabozik	0.5698192562164182
cselekszenek_1_high_typical	1	dárakßik / dárakodik	0.9174180085387508
cselekszenek_1_high_typical	1	dilaklik / dilakozik	0.8646424479769383
cselekszenek_1_high_typical	1	dirlik / dirozik	0.765840136542271
cselekszenek_1_high_typical	1	drilarzik / drilarozik	0.5177988137794741
cselekszenek_1_high_typical	1	drűrzik / drűrözik	0.7946600121545798
cselekszenek_1_high_typical	1	dujzik / dujozik	0.8470605627897646
cselekszenek_1_high_typical	1	flemlik / flemezik	0.3346411876060588
cselekszenek_1_high_typical	1	flöklik / flöközik	0.6489034121465992
cselekszenek_1_high_typical	1	flűgzik / flűgözik	0.41046477759561417
cselekszenek_1_high_typical	1	flüröklik / flüröközik	0.9373562764661425
cselekszenek_1_high_typical	1	fökßik / föködik	0.5221091254412897
cselekszenek_1_high_typical	1	fraklik / frakozik	0.8108792485664194
cselekszenek_1_high_typical	1	frálapßik / frálapodik	0.9665983654905616
cselekszenek_1_high_typical	1	frálaslik / frálasozik	0.8758713011709961
cselekszenek_1_high_typical	1	fröjzik / fröjözik	0.713073650798398
cselekszenek_1_high_typical	1	gihejlik / gihejezik	0.660845564136718
cselekszenek_1_high_typical	1	©ihegzik / ©ihegezik	0.18749878933664815
cselekszenek_1_high_typical	1	klehé¥lik / klehé¥ezik	0.7692375570758261
cselekszenek_1_high_typical	1	kößlik / kößözik	0.8698658152861556
cselekszenek_1_high_typical	1	kűdlik / kűdözik	0.568089520368065
cselekszenek_1_high_typical	1	lájzik / lájozik	0.6194809012427233
cselekszenek_1_high_typical	1	lűklik / lűközik	0.657740055285903
cselekszenek_1_high_typical	1	mágamlik / mágamozik	0.8774507863927502
cselekszenek_1_high_typical	1	molßik / molodik	0.22637025855589687
cselekszenek_1_high_typical	1	mülőrzik / mülőrözik	0.8794315893511087
cselekszenek_1_high_typical	1	¥ivágzik / ¥ivágozik	0.3421370850924835
cselekszenek_1_high_typical	1	¥ürzik / ¥ürözik	0.9368005800119894
cselekszenek_1_high_typical	1	pilégßik / pilégedik	0.624748063713144
cselekszenek_1_high_typical	1	poslik / posozik	0.5160398015734662
cselekszenek_1_high_typical	1	pragá¥lik / pragá¥ozik	0.6319726020903702
cselekszenek_1_high_typical	1	prélemlik / prélemezik	0.9344152186732415
cselekszenek_1_high_typical	1	privékßik / privékedik	0.9856957700930227
cselekszenek_1_high_typical	1	prögzik / prögözik	0.8226790715003255
cselekszenek_1_high_typical	1	püzlik / püzözik	0.8469209178856141
cselekszenek_1_high_typical	1	spibeglik / spibegezik	0.026710799223146134
cselekszenek_1_high_typical	1	spiharzik / spiharozik	0.26254813592813603
cselekszenek_1_high_typical	1	spiráglik / spirágozik	0.7173790616831692
cselekszenek_1_high_typical	1	sprozlik / sprozozik	0.8134294225421409
cselekszenek_1_high_typical	1	sprudlik / sprudozik	0.8292120604709615
cselekszenek_1_high_typical	1	sprűrlik / sprűrözik	0.890545491402371
cselekszenek_1_high_typical	1	spügzik / spügözik	0.9624588000133019
cselekszenek_1_high_typical	1	triklik / trikozik	0.8614442942315796
cselekszenek_1_high_typical	1	trivakßik / trivakodik	0.9634594801457361
cselekszenek_1_high_typical	1	trugoklik / trugokozik	0.570277332745026
cselekszenek_1_high_typical	1	trugzik / trugozik	0.8399321331420124
cselekszenek_1_high_typical	1	virzik / virozik	0.4210664093052206
cselekszenek_1_low_reversed	2	bra¥lik / bra¥ozik	0.08352898123756551
cselekszenek_1_low_reversed	2	bratárzik / bratározik	0.17408310358893223
cselekszenek_1_low_reversed	2	brivaklik / brivakozik	0.8174511055829743
cselekszenek_1_low_reversed	2	brözlik / brözözik	0.01873601222353445
cselekszenek_1_low_reversed	2	brülöslik / brülösözik	0.1542709415990611
cselekszenek_1_low_reversed	2	çibagzik / çibagozik	0.23226420285578886
cselekszenek_1_low_reversed	2	çubzik / çubozik	0.14070195626746398
cselekszenek_1_low_reversed	2	dabzik / dabozik	0.11366694415356114
cselekszenek_1_low_reversed	2	dárakßik / dárakodik	0.01024646696274082
cselekszenek_1_low_reversed	2	dilaklik / dilakozik	0.10964268984661849
cselekszenek_1_low_reversed	2	dirlik / dirozik	0.1122902421625691
cselekszenek_1_low_reversed	2	drilarzik / drilarozik	0.477827269676192
cselekszenek_1_low_reversed	2	drűrzik / drűrözik	0.18792864941593393
cselekszenek_1_low_reversed	2	dujzik / dujozik	0.02128297936346069
cselekszenek_1_low_reversed	2	flemlik / flemezik	0.6298692398229124
cselekszenek_1_low_reversed	2	flöklik / flöközik	0.33494902660152925
cselekszenek_1_low_reversed	2	flűgzik / flűgözik	0.567491052844214
cselekszenek_1_low_reversed	2	flüröklik / flüröközik	0.058967584578205556
cselekszenek_1_low_reversed	2	fökßik / föködik	0.022304880693347
cselekszenek_1_low_reversed	2	fraklik / frakozik	0.16339334860125676
cselekszenek_1_low_reversed	2	frálapßik / frálapodik	0.022923566711182064
cselekszenek_1_low_reversed	2	frálaslik / frálasozik	0.12226652137488789
cselekszenek_1_low_reversed	2	fröjzik / fröjözik	0.2694344584051213
cselekszenek_1_low_reversed	2	gihejlik / gihejezik	0.33148849432893984
cselekszenek_1_low_reversed	2	©ihegzik / ©ihegezik	0.8087649306455884
cselekszenek_1_low_reversed	2	klehé¥lik / klehé¥ezik	0.22361809806310345
cselekszenek_1_low_reversed	2	kößlik / kößözik	0.04172206641220885
cselekszenek_1_low_reversed	2	kűdlik / kűdözik	0.31299936630658687
cselekszenek_1_low_reversed	2	lájzik / lájozik	0.22610806452626345
cselekszenek_1_low_reversed	2	lűklik / lűközik	0.2742541796322453
cselekszenek_1_low_reversed	2	mágamlik / mágamozik	0.06700382290834729
cselekszenek_1_low_reversed	2	molßik / molodik	0.03288451073144617
cselekszenek_1_low_reversed	2	mülőrzik / mülőrözik	0.09717092892313076
cselekszenek_1_low_reversed	2	¥ivágzik / ¥ivágozik	0.6539810390612738
cselekszenek_1_low_reversed	2	¥ürzik / ¥ürözik	0.015896186069078104
cselekszenek_1_low_reversed	2	pilégßik / pilégedik	0.35964665561825143
cselekszenek_1_low_reversed	2	poslik / posozik	0.13160441147157562
cselekszenek_1_low_reversed	2	pragá¥lik / pragá¥ozik	0.35426953997684135
cselekszenek_1_low_reversed	2	prélemlik / prélemezik	0.06238062903849335
cselekszenek_1_low_reversed	2	privékßik / privékedik	0.013012287031846377
cselekszenek_1_low_reversed	2	prögzik / prögözik	0.15190350783950834
cselekszenek_1_low_reversed	2	püzlik / püzözik	0.03038922015134458
cselekszenek_1_low_reversed	2	spibeglik / spibegezik	0.9730437795607578
cselekszenek_1_low_reversed	2	spiharzik / spiharozik	0.7324673349384079
cselekszenek_1_low_reversed	2	spiráglik / spirágozik	0.2767827957745935
cselekszenek_1_low_reversed	2	sprozlik / sprozozik	0.16767004629638838
cselekszenek_1_low_reversed	2	sprudlik / sprudozik	0.13423078491992732
cselekszenek_1_low_reversed	2	sprűrlik / sprűrözik	0.10039704621256156
cselekszenek_1_low_reversed	2	spügzik / spügözik	0.020284485627981543
cselekszenek_1_low_reversed	2	triklik / trikozik	0.1150991628900702
cselekszenek_1_low_reversed	2	trivakßik / trivakodik	0.031659189954278015
cselekszenek_1_low_reversed	2	trugoklik / trugokozik	0.42762706246057997
cselekszenek_1_low_reversed	2	trugzik / trugozik	0.13451488637245645
cselekszenek_1_low_reversed	2	virzik / virozik	0.4563168187881639
cselekszenek_1_low_typical	3	bra¥lik / bra¥ozik	0.08624871729598815
cselekszenek_1_low_typical	3	bratárzik / bratározik	0.4876648828774173
cselekszenek_1_low_typical	3	brivaklik / brivakozik	0.005158306248461196
cselekszenek_1_low_typical	3	brözlik / brözözik	0.18651982833854736
cselekszenek_1_low_typical	3	brülöslik / brülösözik	0.041958412434017996
cselekszenek_1_low_typical	3	çibagzik / çibagozik	0.03074920558311077
cselekszenek_1_low_typical	3	çubzik / çubozik	0.14408617084223088
cselekszenek_1_low_typical	3	dabzik / dabozik	0.22621381171373142
cselekszenek_1_low_typical	3	dárakßik / dárakodik	0.13712165017557942
cselekszenek_1_low_typical	3	dilaklik / dilakozik	0.0913219508145469
cselekszenek_1_low_typical	3	dirlik / dirozik	0.4392196260377707
cselekszenek_1_low_typical	3	drilarzik / drilarozik	0.3261422027231892
cselekszenek_1_low_typical	3	drűrzik / drűrözik	0.10368776657138785
cselekszenek_1_low_typical	3	dujzik / dujozik	0.5418017275431053
cselekszenek_1_low_typical	3	flemlik / flemezik	0.12717667700547144
cselekszenek_1_low_typical	3	flöklik / flöközik	0.13639497360101632
cselekszenek_1_low_typical	3	flűgzik / flűgözik	0.3168412582499554
cselekszenek_1_low_typical	3	flüröklik / flüröközik	0.05991171532562961
cselekszenek_1_low_typical	3	fökßik / föködik	0.3081340036408848
cselekszenek_1_low_typical	3	fraklik / frakozik	0.33554274930330913
cselekszenek_1_low_typical	3	frálapßik / frálapodik	0.48042860253327646
cselekszenek_1_low_typical	3	frálaslik / frálasozik	0.034985831104067854
cselekszenek_1_low_typical	3	fröjzik / fröjözik	0.3963316210942886
cselekszenek_1_low_typical	3	gihejlik / gihejezik	0.025674232869012697
cselekszenek_1_low_typical	3	©ihegzik / ©ihegezik	0.020096298597267755
cselekszenek_1_low_typical	3	klehé¥lik / klehé¥ezik	0.651206641330428
cselekszenek_1_low_typical	3	kößlik / kößözik	0.736180156798566
cselekszenek_1_low_typical	3	kűdlik / kűdözik	0.5056679238631219
cselekszenek_1_low_typical	3	lájzik / lájozik	0.43672291613754943
cselekszenek_1_low_typical	3	lűklik / lűközik	0.35380335572447663
cselekszenek_1_low_typical	3	mágamlik / mágamozik	0.18427210961897092
cselekszenek_1_low_typical	3	molßik / molodik	0.1868658402494177
cselekszenek_1_low_typical	3	mülőrzik / mülőrözik	0.08466633050443502
cselekszenek_1_low_typical	3	¥ivágzik / ¥ivágozik	0.0607676978839131
cselekszenek_1_low_typical	3	¥ürzik / ¥ürözik	0.35681613878771906
cselekszenek_1_low_typical	3	pilégßik / pilégedik	0.20405317566564052
cselekszenek_1_low_typical	3	poslik / posozik	0.38598647704683087
cselekszenek_1_low_typical	3	pragá¥lik / pragá¥ozik	0.3585218346789536
cselekszenek_1_low_typical	3	prélemlik / prélemezik	0.7945616457318434
cselekszenek_1_low_typical	3	privékßik / privékedik	0.010328318000093135
cselekszenek_1_low_typical	3	prögzik / prögözik	0.48057837785682905
cselekszenek_1_low_typical	3	püzlik / püzözik	0.7405431715313557
cselekszenek_1_low_typical	3	spibeglik / spibegezik	0.0018955024025880994
cselekszenek_1_low_typical	3	spiharzik / spiharozik	0.05105468469322192
cselekszenek_1_low_typical	3	spiráglik / spirágozik	0.05371002874175938
cselekszenek_1_low_typical	3	sprozlik / sprozozik	0.49168956249474083
cselekszenek_1_low_typical	3	sprudlik / sprudozik	0.15406153847029003
cselekszenek_1_low_typical	3	sprűrlik / sprűrözik	0.31736203519014716
cselekszenek_1_low_typical	3	spügzik / spügözik	0.8293385358862189
cselekszenek_1_low_typical	3	triklik / trikozik	0.14136283048914836
cselekszenek_1_low_typical	3	trivakßik / trivakodik	0.03847475461370977
cselekszenek_1_low_typical	3	trugoklik / trugokozik	0.1556766281168536
cselekszenek_1_low_typical	3	trugzik / trugozik	0.17445414590424238
cselekszenek_1_low_typical	3	virzik / virozik	0.19642096376937038
cselekszenek_2_high_reversed	4	brálamlik / brálamozik	0.23164444714353072
cselekszenek_2_high_reversed	4	brárlik / brározik	0.8970382846649214
cselekszenek_2_high_reversed	4	bregzik / bregezik	0.905017488078593
cselekszenek_2_high_reversed	4	brilegzik / brilegezik	0.7965264429069642
cselekszenek_2_high_reversed	4	briváglik / brivágozik	0.7763043293854063
cselekszenek_2_high_reversed	4	brivepßik / brivepedik	0.9473104720344155
cselekszenek_2_high_reversed	4	brüßlik / brüßözik	0.9370125078308111
cselekszenek_2_high_reversed	4	dirá¥lik / dirá¥ozik	0.9532461933460068
cselekszenek_2_high_reversed	4	drivegzik / drivegezik	0.714044396594884
cselekszenek_2_high_reversed	4	drojzik / drojozik	0.8875666500916664
cselekszenek_2_high_reversed	4	filá¥lik / filá¥ozik	0.7231680250771366
cselekszenek_2_high_reversed	4	flézlik / flézezik	0.9480262770929054
cselekszenek_2_high_reversed	4	flivegzik / flivegezik	0.7117743045856744
cselekszenek_2_high_reversed	4	fluboklik / flubokozik	0.9503016156237233
cselekszenek_2_high_reversed	4	fréslik / frésezik	0.8190451984556353
cselekszenek_2_high_reversed	4	friheglik / frihegezik	0.6245478175781282
cselekszenek_2_high_reversed	4	frivamlik / frivamozik	0.8969563985779948
cselekszenek_2_high_reversed	4	fröjlik / fröjözik	0.9931245475865409
cselekszenek_2_high_reversed	4	galárzik / galározik	0.6072426732614312
cselekszenek_2_high_reversed	4	gatáglik / gatágozik	0.5789142214152965
cselekszenek_2_high_reversed	4	gibemlik / gibemezik	0.1412586783386659
cselekszenek_2_high_reversed	4	©ivepßik / ©ivepedik	0.7631917119766777
cselekszenek_2_high_reversed	4	hákßik / hákodik	0.15406271493034243
cselekszenek_2_high_reversed	4	klarágzik / klarágozik	0.758300856902659
cselekszenek_2_high_reversed	4	kluzlik / kluzozik	0.6781604676938577
cselekszenek_2_high_reversed	4	küslik / küsözik	0.6053324063899899
cselekszenek_2_high_reversed	4	lírlik / lírozik	0.6890984096230012
cselekszenek_2_high_reversed	4	livé¥lik / livé¥ezik	0.7712481908755799
cselekszenek_2_high_reversed	4	lumlik / lumozik	0.5393493293841102
cselekszenek_2_high_reversed	4	mihágzik / mihágozik	0.3396610543606909
cselekszenek_2_high_reversed	4	míjzik / míjozik	0.4830413622720566
cselekszenek_2_high_reversed	4	míslik / mísozik	0.19952189954059382
cselekszenek_2_high_reversed	4	nágapßik / nágapodik	0.3344690741899215
cselekszenek_2_high_reversed	4	pehégßik / pehégedik	0.0409210653972712
cselekszenek_2_high_reversed	4	pekßik / pekedik	0.10765071595579367
cselekszenek_2_high_reversed	4	pörzik / pörözik	0.8411619419912724
cselekszenek_2_high_reversed	4	prazlik / prazozik	0.9247846588315823
cselekszenek_2_high_reversed	4	prilepßik / prilepedik	0.6051399393559896
cselekszenek_2_high_reversed	4	rivá¥lik / rivá¥ozik	0.4586798655965364
cselekszenek_2_high_reversed	4	spalárzik / spalározik	0.9317257715210673
cselekszenek_2_high_reversed	4	spibamlik / spibamozik	0.6056732078879966
cselekszenek_2_high_reversed	4	spöklik / spöközik	0.7559622872283963
cselekszenek_2_high_reversed	4	spo¥lik / spo¥ozik	0.5328680636665344
cselekszenek_2_high_reversed	4	sprigzik / sprigozik	0.8001897889592398
cselekszenek_2_high_reversed	4	sprimlik / sprimozik	0.9409880469538815
cselekszenek_2_high_reversed	4	ßtrajlik / ßtrajozik	0.7143656867573901
cselekszenek_2_high_reversed	4	ßtritlik / ßtritozik	0.1090897658421556
cselekszenek_2_high_reversed	4	tágarzik / tágarozik	0.25070519996521207
cselekszenek_2_high_reversed	4	tibarzik / tibarozik	0.9681836706607863
cselekszenek_2_high_reversed	4	tribejlik / tribejezik	0.13493985667065558
cselekszenek_2_high_reversed	4	trírzik / trírozik	0.809641376381118
cselekszenek_2_high_reversed	4	trű¥lik / trű¥özik	0.7302328166792726
cselekszenek_2_high_reversed	4	tűgzik / tűgözik	0.7511700980720281
cselekszenek_2_high_reversed	4	vobzik / vobozik	0.5455989322435233
cselekszenek_2_high_typical	5	brálamlik / brálamozik	0.9624444937031734
cselekszenek_2_high_typical	5	brárlik / brározik	0.7551024795817172
cselekszenek_2_high_typical	5	bregzik / bregezik	0.2832905121924627
cselekszenek_2_high_typical	5	brilegzik / brilegezik	0.4320744605943224
cselekszenek_2_high_typical	5	briváglik / brivágozik	0.8963865732524103
cselekszenek_2_high_typical	5	brivepßik / brivepedik	0.9783077354777551
cselekszenek_2_high_typical	5	brüßlik / brüßözik	0.8621323540439887
cselekszenek_2_high_typical	5	dirá¥lik / dirá¥ozik	0.8256832828129901
cselekszenek_2_high_typical	5	drivegzik / drivegezik	0.4082186094708068
cselekszenek_2_high_typical	5	drojzik / drojozik	0.6310171347759009
cselekszenek_2_high_typical	5	filá¥lik / filá¥ozik	0.5315513682223173
cselekszenek_2_high_typical	5	flézlik / flézezik	0.3690718142648829
cselekszenek_2_high_typical	5	flivegzik / flivegezik	0.4417495951785717
cselekszenek_2_high_typical	5	fluboklik / flubokozik	0.9458621810967025
cselekszenek_2_high_typical	5	fréslik / frésezik	0.6652021891309755
cselekszenek_2_high_typical	5	friheglik / frihegezik	0.41870545443372265
cselekszenek_2_high_typical	5	frivamlik / frivamozik	0.955773695448237
cselekszenek_2_high_typical	5	fröjlik / fröjözik	0.08801229607868974
cselekszenek_2_high_typical	5	galárzik / galározik	0.5802687773364346
cselekszenek_2_high_typical	5	gatáglik / gatágozik	0.5038169875064458
cselekszenek_2_high_typical	5	gibemlik / gibemezik	0.8706534138172144
cselekszenek_2_high_typical	5	©ivepßik / ©ivepedik	0.28600721224702086
cselekszenek_2_high_typical	5	hákßik / hákodik	0.5109294271618567
cselekszenek_2_high_typical	5	klarágzik / klarágozik	0.36993267598280904
cselekszenek_2_high_typical	5	kluzlik / kluzozik	0.6223760128392234
cselekszenek_2_high_typical	5	küslik / küsözik	0.6714876338033511
cselekszenek_2_high_typical	5	lírlik / lírozik	0.7193069253896415
cselekszenek_2_high_typical	5	livé¥lik / livé¥ezik	0.8894215821505943
cselekszenek_2_high_typical	5	lumlik / lumozik	0.572595073436062
cselekszenek_2_high_typical	5	mihágzik / mihágozik	0.6748836216925471
cselekszenek_2_high_typical	5	míjzik / míjozik	0.8931581399949278
cselekszenek_2_high_typical	5	míslik / mísozik	0.7854289883117406
cselekszenek_2_high_typical	5	nágapßik / nágapodik	0.9521335241016995
cselekszenek_2_high_typical	5	pehégßik / pehégedik	0.9701367787355297
cselekszenek_2_high_typical	5	pekßik / pekedik	0.3729725971977182
cselekszenek_2_high_typical	5	pörzik / pörözik	0.5695460313969329
cselekszenek_2_high_typical	5	prazlik / prazozik	0.9137756447085993
cselekszenek_2_high_typical	5	prilepßik / prilepedik	0.9742855386242084
cselekszenek_2_high_typical	5	rivá¥lik / rivá¥ozik	0.926651800076208
cselekszenek_2_high_typical	5	spalárzik / spalározik	0.15236916434987677
cselekszenek_2_high_typical	5	spibamlik / spibamozik	0.43230844801226415
cselekszenek_2_high_typical	5	spöklik / spöközik	0.8354328247430605
cselekszenek_2_high_typical	5	spo¥lik / spo¥ozik	0.922290039569581
cselekszenek_2_high_typical	5	sprigzik / sprigozik	0.43485040088140975
cselekszenek_2_high_typical	5	sprimlik / sprimozik	0.5730434359628609
cselekszenek_2_high_typical	5	ßtrajlik / ßtrajozik	0.815220089112401
cselekszenek_2_high_typical	5	ßtritlik / ßtritozik	0.9418504757263985
cselekszenek_2_high_typical	5	tágarzik / tágarozik	0.8543171198536519
cselekszenek_2_high_typical	5	tibarzik / tibarozik	0.15179850668806838
cselekszenek_2_high_typical	5	tribejlik / tribejezik	0.9558732630253964
cselekszenek_2_high_typical	5	trírzik / trírozik	0.31656871917073526
cselekszenek_2_high_typical	5	trű¥lik / trű¥özik	0.6258115034309883
cselekszenek_2_high_typical	5	tűgzik / tűgözik	0.6235280933516787
cselekszenek_2_high_typical	5	vobzik / vobozik	0.9087789687298085
cselekszenek_2_low_reversed	6	brálamlik / brálamozik	0.0362646726887382
cselekszenek_2_low_reversed	6	brárlik / brározik	0.21718822303864074
cselekszenek_2_low_reversed	6	bregzik / bregezik	0.6789516014651272
cselekszenek_2_low_reversed	6	brilegzik / brilegezik	0.563923471966902
cselekszenek_2_low_reversed	6	briváglik / brivágozik	0.10272758205119327
cselekszenek_2_low_reversed	6	brivepßik / brivepedik	0.013551996547997804
cselekszenek_2_low_reversed	6	brüßlik / brüßözik	0.12272248888041191
cselekszenek_2_low_reversed	6	dirá¥lik / dirá¥ozik	0.16736807393606162
cselekszenek_2_low_reversed	6	drivegzik / drivegezik	0.5876056484268276
cselekszenek_2_low_reversed	6	drojzik / drojozik	0.34544877537656377
cselekszenek_2_low_reversed	6	filá¥lik / filá¥ozik	0.4481089371358873
cselekszenek_2_low_reversed	6	flézlik / flézezik	0.6090711510830472
cselekszenek_2_low_reversed	6	flivegzik / flivegezik	0.5545439402874366
cselekszenek_2_low_reversed	6	fluboklik / flubokozik	0.04800420909427864
cselekszenek_2_low_reversed	6	fréslik / frésezik	0.28783295529494446
cselekszenek_2_low_reversed	6	friheglik / frihegezik	0.5795964377029924
cselekszenek_2_low_reversed	6	frivamlik / frivamozik	0.04331689152747921
cselekszenek_2_low_reversed	6	fröjlik / fröjözik	0.9110854190305114
cselekszenek_2_low_reversed	6	galárzik / galározik	0.38203153817003815
cselekszenek_2_low_reversed	6	gatáglik / gatágozik	0.4110807698083796
cselekszenek_2_low_reversed	6	gibemlik / gibemezik	0.12400289502459716
cselekszenek_2_low_reversed	6	©ivepßik / ©ivepedik	0.6567831454487923
cselekszenek_2_low_reversed	6	hákßik / hákodik	0.03416303342457297
cselekszenek_2_low_reversed	6	klarágzik / klarágozik	0.6129961084838067
cselekszenek_2_low_reversed	6	kluzlik / kluzozik	0.2859165158344046
cselekszenek_2_low_reversed	6	küslik / küsözik	0.2653327931209391
cselekszenek_2_low_reversed	6	lírlik / lírozik	0.1508572307417653
cselekszenek_2_low_reversed	6	livé¥lik / livé¥ezik	0.0824314614149816
cselekszenek_2_low_reversed	6	lumlik / lumozik	0.29519072128234125
cselekszenek_2_low_reversed	6	mihágzik / mihágozik	0.32104776096329257
cselekszenek_2_low_reversed	6	míjzik / míjozik	0.030931435244748524
cselekszenek_2_low_reversed	6	míslik / mísozik	0.04828864565300634
cselekszenek_2_low_reversed	6	nágapßik / nágapodik	0.010136391814769358
cselekszenek_2_low_reversed	6	pehégßik / pehégedik	0.01688403883822501
cselekszenek_2_low_reversed	6	pekßik / pekedik	0.0493782238025409
cselekszenek_2_low_reversed	6	pörzik / pörözik	0.376897367200977
cselekszenek_2_low_reversed	6	prazlik / prazozik	0.07162803688836776
cselekszenek_2_low_reversed	6	prilepßik / prilepedik	0.02024713526558561
cselekszenek_2_low_reversed	6	rivá¥lik / rivá¥ozik	0.060049491021895905
cselekszenek_2_low_reversed	6	spalárzik / spalározik	0.8418087195805926
cselekszenek_2_low_reversed	6	spibamlik / spibamozik	0.5662724291568543
cselekszenek_2_low_reversed	6	spöklik / spöközik	0.14627882461127148
cselekszenek_2_low_reversed	6	spo¥lik / spo¥ozik	0.05673693608784773
cselekszenek_2_low_reversed	6	sprigzik / sprigozik	0.5617420660970182
cselekszenek_2_low_reversed	6	sprimlik / sprimozik	0.42389372684427307
cselekszenek_2_low_reversed	6	ßtrajlik / ßtrajozik	0.1614882916285012
cselekszenek_2_low_reversed	6	ßtritlik / ßtritozik	0.049730385875900694
cselekszenek_2_low_reversed	6	tágarzik / tágarozik	0.11926187680233775
cselekszenek_2_low_reversed	6	tibarzik / tibarozik	0.8410655389651905
cselekszenek_2_low_reversed	6	tribejlik / tribejezik	0.04003900222161611
cselekszenek_2_low_reversed	6	trírzik / trírozik	0.6621817515730932
cselekszenek_2_low_reversed	6	trű¥lik / trű¥özik	0.3568447482486853
cselekszenek_2_low_reversed	6	tűgzik / tűgözik	0.31688636535292153
cselekszenek_2_low_reversed	6	vobzik / vobozik	0.016714759859102358
cselekszenek_2_low_typical	7	brálamlik / brálamozik	0.7670647192483809
cselekszenek_2_low_typical	7	brárlik / brározik	0.07525241795543657
cselekszenek_2_low_typical	7	bregzik / bregezik	0.05722462557899692
cselekszenek_2_low_typical	7	brilegzik / brilegezik	0.19947148965426012
cselekszenek_2_low_typical	7	briváglik / brivágozik	0.22280982591819726
cselekszenek_2_low_typical	7	brivepßik / brivepedik	0.044549259991337326
cselekszenek_2_low_typical	7	brüßlik / brüßözik	0.04784233509358942
cselekszenek_2_low_typical	7	dirá¥lik / dirá¥ozik	0.0398051634030449
cselekszenek_2_low_typical	7	drivegzik / drivegezik	0.28177986130275046
cselekszenek_2_low_typical	7	drojzik / drojozik	0.08889926006079844
cselekszenek_2_low_typical	7	filá¥lik / filá¥ozik	0.25649228028106785
cselekszenek_2_low_typical	7	flézlik / flézezik	0.03011668825502458
cselekszenek_2_low_typical	7	flivegzik / flivegezik	0.28451923088033393
cselekszenek_2_low_typical	7	fluboklik / flubokozik	0.043564774567257776
cselekszenek_2_low_typical	7	fréslik / frésezik	0.1339899459702847
cselekszenek_2_low_typical	7	friheglik / frihegezik	0.37375407455858695
cselekszenek_2_low_typical	7	frivamlik / frivamozik	0.10213418839772133
cselekszenek_2_low_typical	7	fröjlik / fröjözik	0.00597316752266023
cselekszenek_2_low_typical	7	galárzik / galározik	0.35505764224504144
cselekszenek_2_low_typical	7	gatáglik / gatágozik	0.33598353589952895
cselekszenek_2_low_typical	7	gibemlik / gibemezik	0.8533976305031457
cselekszenek_2_low_typical	7	©ivepßik / ©ivepedik	0.17959864571913559
cselekszenek_2_low_typical	7	hákßik / hákodik	0.3910297456560873
cselekszenek_2_low_typical	7	klarágzik / klarágozik	0.22462792756395675
cselekszenek_2_low_typical	7	kluzlik / kluzozik	0.2301320609797702
cselekszenek_2_low_typical	7	küslik / küsözik	0.3314880205343004
cselekszenek_2_low_typical	7	lírlik / lírozik	0.1810657465084056
cselekszenek_2_low_typical	7	livé¥lik / livé¥ezik	0.20060485268999606
cselekszenek_2_low_typical	7	lumlik / lumozik	0.32843646533429305
cselekszenek_2_low_typical	7	mihágzik / mihágozik	0.6562703282951489
cselekszenek_2_low_typical	7	míjzik / míjozik	0.4410482129676197
cselekszenek_2_low_typical	7	míslik / mísozik	0.6341957344241531
cselekszenek_2_low_typical	7	nágapßik / nágapodik	0.6278008417265474
cselekszenek_2_low_typical	7	pehégßik / pehégedik	0.9460997521764836
cselekszenek_2_low_typical	7	pekßik / pekedik	0.3147001050444654
cselekszenek_2_low_typical	7	pörzik / pörözik	0.10528145660663754
cselekszenek_2_low_typical	7	prazlik / prazozik	0.0606190227653847
cselekszenek_2_low_typical	7	prilepßik / prilepedik	0.38939273453380435
cselekszenek_2_low_typical	7	rivá¥lik / rivá¥ozik	0.5280214255015675
cselekszenek_2_low_typical	7	spalárzik / spalározik	0.062452112409402
cselekszenek_2_low_typical	7	spibamlik / spibamozik	0.3929076692811218
cselekszenek_2_low_typical	7	spöklik / spöközik	0.2257493621259357
cselekszenek_2_low_typical	7	spo¥lik / spo¥ozik	0.4461589119908943
cselekszenek_2_low_typical	7	sprigzik / sprigozik	0.19640267801918826
cselekszenek_2_low_typical	7	sprimlik / sprimozik	0.055949115853252386
cselekszenek_2_low_typical	7	ßtrajlik / ßtrajozik	0.26234269398351207
cselekszenek_2_low_typical	7	ßtritlik / ßtritozik	0.8824910957601435
cselekszenek_2_low_typical	7	tágarzik / tágarozik	0.7228737966907774
cselekszenek_2_low_typical	7	tibarzik / tibarozik	0.024680374992472606
cselekszenek_2_low_typical	7	tribejlik / tribejezik	0.8609724085763569
cselekszenek_2_low_typical	7	trírzik / trírozik	0.1691090943627105
cselekszenek_2_low_typical	7	trű¥lik / trű¥özik	0.25242343500040093
cselekszenek_2_low_typical	7	tűgzik / tűgözik	0.1892443606325722
cselekszenek_2_low_typical	7	vobzik / vobozik	0.3798947963453876
cselekszenek_3_high_reversed	8	bejzik / bejezik	0.3052511408336091
cselekszenek_3_high_reversed	8	bötőrzik / bötőrözik	0.9367144605911528
cselekszenek_3_high_reversed	8	breslik / bresezik	0.18276098781604533
cselekszenek_3_high_reversed	8	bribaslik / bribasozik	0.42003472853337087
cselekszenek_3_high_reversed	8	bribékßik / bribékedik	0.20965828506433062
cselekszenek_3_high_reversed	8	brűklik / brűközik	0.8898886893242437
cselekszenek_3_high_reversed	8	brürzik / brürözik	0.9186921064639828
cselekszenek_3_high_reversed	8	bügzik / bügözik	0.6586671346168688
cselekszenek_3_high_reversed	8	dibáglik / dibágozik	0.9647728490964508
cselekszenek_3_high_reversed	8	döjlik / döjözik	0.7738999476815184
cselekszenek_3_high_reversed	8	dralágzik / dralágozik	0.9787080327564615
cselekszenek_3_high_reversed	8	flátlik / flátozik	0.9383366533300577
cselekszenek_3_high_reversed	8	flerékßik / flerékedik	0.31991965369604153
cselekszenek_3_high_reversed	8	flodlik / flodozik	0.8027823784417571
cselekszenek_3_high_reversed	8	flugo¥lik / flugo¥ozik	0.9821942558587633
cselekszenek_3_high_reversed	8	frélegzik / frélegezik	0.9061853225001821
cselekszenek_3_high_reversed	8	fri¥lik / fri¥ozik	0.7307939227058499
cselekszenek_3_high_reversed	8	frirzik / frirozik	0.8943993765100661
cselekszenek_3_high_reversed	8	frorlik / frorozik	0.819788052962156
cselekszenek_3_high_reversed	8	géreglik / géregezik	0.20658770311910898
cselekszenek_3_high_reversed	8	gihamlik / gihamozik	0.23629412054599563
cselekszenek_3_high_reversed	8	hiragzik / hiragozik	0.8438621869892334
cselekszenek_3_high_reversed	8	hubo¥lik / hubo¥ozik	0.595124893067157
cselekszenek_3_high_reversed	8	játlik / játozik	0.6161875804053397
cselekszenek_3_high_reversed	8	jurlik / jurozik	0.8619410866196572
cselekszenek_3_high_reversed	8	kláragßik / kláragodik	0.9526177853510991
cselekszenek_3_high_reversed	8	kléglik / klégezik	0.8458743310476211
cselekszenek_3_high_reversed	8	klihaslik / klihasozik	0.5392667099540215
cselekszenek_3_high_reversed	8	klűmlik / klűmözik	0.8431615724996223
cselekszenek_3_high_reversed	8	metégßik / metégedik	0.017299324729966016
cselekszenek_3_high_reversed	8	nivárzik / nivározik	0.9690524723072721
cselekszenek_3_high_reversed	8	nuroklik / nurokozik	0.8508568278550551
cselekszenek_3_high_reversed	8	¥ádlik / ¥ádozik	0.5879305875741891
cselekszenek_3_high_reversed	8	¥izlik / ¥izozik	0.680387290619869
cselekszenek_3_high_reversed	8	¥öbzik / ¥öbözik	0.8659930779761511
cselekszenek_3_high_reversed	8	¥ülöklik / ¥ülöközik	0.26012002264687933
cselekszenek_3_high_reversed	8	pibegzik / pibegezik	0.5054092795980646
cselekszenek_3_high_reversed	8	plibzik / plibozik	0.885150258373918
cselekszenek_3_high_reversed	8	prihegßik / prihegedik	0.5043888059629462
cselekszenek_3_high_reversed	8	prugorzik / prugorozik	0.9124771021359325
cselekszenek_3_high_reversed	8	ribegßik / ribegedik	0.6044247480259999
cselekszenek_3_high_reversed	8	spivejlik / spivejezik	0.720055078773647
cselekszenek_3_high_reversed	8	sprebzik / sprebezik	0.7493174230446429
cselekszenek_3_high_reversed	8	spuborzik / spuborozik	0.7136302246265454
cselekszenek_3_high_reversed	8	sűjlik / sűjözik	0.6549569590116537
cselekszenek_3_high_reversed	8	ßtredlik / ßtredezik	0.5115707017493476
cselekszenek_3_high_reversed	8	töglik / tögözik	0.88370941957195
cselekszenek_3_high_reversed	8	trálaklik / trálakozik	0.08348236415775227
cselekszenek_3_high_reversed	8	trálßik / trálodik	0.728162672345943
cselekszenek_3_high_reversed	8	trilekßik / trilekedik	0.1858610260619026
cselekszenek_3_high_reversed	8	trukßik / trukodik	0.6570470258675365
cselekszenek_3_high_reversed	8	vehékßik / vehékedik	0.03492610424168663
cselekszenek_3_high_reversed	8	vihapßik / vihapodik	0.8698018807418625
cselekszenek_3_high_reversed	8	vileslik / vilesezik	0.4884883302137291
cselekszenek_3_high_typical	9	bejzik / bejezik	0.793134645388396
cselekszenek_3_high_typical	9	bötőrzik / bötőrözik	0.29199670234801567
cselekszenek_3_high_typical	9	breslik / bresezik	0.976977353802717
cselekszenek_3_high_typical	9	bribaslik / bribasozik	0.7456576299170782
cselekszenek_3_high_typical	9	bribékßik / bribékedik	0.883768060207574
cselekszenek_3_high_typical	9	brűklik / brűközik	0.9786132628529228
cselekszenek_3_high_typical	9	brürzik / brürözik	0.9697643084052218
cselekszenek_3_high_typical	9	bügzik / bügözik	0.85991456801493
cselekszenek_3_high_typical	9	dibáglik / dibágozik	0.6940448674487232
cselekszenek_3_high_typical	9	döjlik / döjözik	0.7075784136104942
cselekszenek_3_high_typical	9	dralágzik / dralágozik	0.3571926679745366
cselekszenek_3_high_typical	9	flátlik / flátozik	0.6723982274985824
cselekszenek_3_high_typical	9	flerékßik / flerékedik	0.636661529236047
cselekszenek_3_high_typical	9	flodlik / flodozik	0.38937970880220224
cselekszenek_3_high_typical	9	flugo¥lik / flugo¥ozik	0.03457323346599523
cselekszenek_3_high_typical	9	frélegzik / frélegezik	0.8669805738719424
cselekszenek_3_high_typical	9	fri¥lik / fri¥ozik	0.928216559717948
cselekszenek_3_high_typical	9	frirzik / frirozik	0.8895216079100114
cselekszenek_3_high_typical	9	frorlik / frorozik	0.9362502367490013
cselekszenek_3_high_typical	9	géreglik / géregezik	0.8744824573001545
cselekszenek_3_high_typical	9	gihamlik / gihamozik	0.8995110669215197
cselekszenek_3_high_typical	9	hiragzik / hiragozik	0.5663004040312309
cselekszenek_3_high_typical	9	hubo¥lik / hubo¥ozik	0.5679689583953174
cselekszenek_3_high_typical	9	játlik / játozik	0.5131238666178095
cselekszenek_3_high_typical	9	jurlik / jurozik	0.4756408219816555
cselekszenek_3_high_typical	9	kláragßik / kláragodik	0.16870443079981906
cselekszenek_3_high_typical	9	kléglik / klégezik	0.173008272351214
cselekszenek_3_high_typical	9	klihaslik / klihasozik	0.6538388952153739
cselekszenek_3_high_typical	9	klűmlik / klűmözik	0.33375731513310286
cselekszenek_3_high_typical	9	metégßik / metégedik	0.9741867195621458
cselekszenek_3_high_typical	9	nivárzik / nivározik	0.6783487154753913
cselekszenek_3_high_typical	9	nuroklik / nurokozik	0.5311593174129399
cselekszenek_3_high_typical	9	¥ádlik / ¥ádozik	0.4888558377816278
cselekszenek_3_high_typical	9	¥izlik / ¥izozik	0.47668831154721913
cselekszenek_3_high_typical	9	¥öbzik / ¥öbözik	0.17618277516606362
cselekszenek_3_high_typical	9	¥ülöklik / ¥ülöközik	0.8656164206452336
cselekszenek_3_high_typical	9	pibegzik / pibegezik	0.6914121687528704
cselekszenek_3_high_typical	9	plibzik / plibozik	0.34875652252820283
cselekszenek_3_high_typical	9	prihegßik / prihegedik	0.9421083549369031
cselekszenek_3_high_typical	9	prugorzik / prugorozik	0.6839532195347592
cselekszenek_3_high_typical	9	ribegßik / ribegedik	0.7360483117741013
cselekszenek_3_high_typical	9	spivejlik / spivejezik	0.4012576310288389
cselekszenek_3_high_typical	9	sprebzik / sprebezik	0.46374774482617764
cselekszenek_3_high_typical	9	spuborzik / spuborozik	0.7823617187562237
cselekszenek_3_high_typical	9	sűjlik / sűjözik	0.7853883432156012
cselekszenek_3_high_typical	9	ßtredlik / ßtredezik	0.9570068579203652
cselekszenek_3_high_typical	9	töglik / tögözik	0.8424712444814036
cselekszenek_3_high_typical	9	trálaklik / trálakozik	0.9875991740099564
cselekszenek_3_high_typical	9	trálßik / trálodik	0.772457579545096
cselekszenek_3_high_typical	9	trilekßik / trilekedik	0.9086261916880974
cselekszenek_3_high_typical	9	trukßik / trukodik	0.7187178691216413
cselekszenek_3_high_typical	9	vehékßik / vehékedik	0.9782403350385093
cselekszenek_3_high_typical	9	vihapßik / vihapodik	0.88367239307826
cselekszenek_3_high_typical	9	vileslik / vilesezik	0.8314814525048826
cselekszenek_3_low_reversed	10	bejzik / bejezik	0.07245187086495414
cselekszenek_3_low_reversed	10	bötőrzik / bötőrözik	0.6791667076820179
cselekszenek_3_low_reversed	10	breslik / bresezik	0.009091251238703
cselekszenek_3_low_reversed	10	bribaslik / bribasozik	0.25179189888234016
cselekszenek_3_low_reversed	10	bribékßik / bribékedik	0.10751928765078919
cselekszenek_3_low_reversed	10	brűklik / brűközik	0.00867936062961323
cselekszenek_3_low_reversed	10	brürzik / brürözik	0.02521827770001716
cselekszenek_3_low_reversed	10	bügzik / bügözik	0.07501920530889455
cselekszenek_3_low_reversed	10	dibáglik / dibágozik	0.30099460577867376
cselekszenek_3_low_reversed	10	döjlik / döjözik	0.175213140396518
cselekszenek_3_low_reversed	10	dralágzik / dralágozik	0.6393490882133019
cselekszenek_3_low_reversed	10	flátlik / flátozik	0.29629014659053776
cselekszenek_3_low_reversed	10	flerékßik / flerékedik	0.2861285316563153
cselekszenek_3_low_reversed	10	flodlik / flodozik	0.5364248357108408
cselekszenek_3_low_reversed	10	flugo¥lik / flugo¥ozik	0.9645110894566953
cselekszenek_3_low_reversed	10	frélegzik / frélegezik	0.13228511881582597
cselekszenek_3_low_reversed	10	fri¥lik / fri¥ozik	0.05252390349953259
cselekszenek_3_low_reversed	10	frirzik / frirozik	0.09186624297947689
cselekszenek_3_low_reversed	10	frorlik / frorozik	0.043449588879153324
cselekszenek_3_low_reversed	10	géreglik / géregezik	0.10961249729081547
cselekszenek_3_low_reversed	10	gihamlik / gihamozik	0.08894105085655023
cselekszenek_3_low_reversed	10	hiragzik / hiragozik	0.4186448932543621
cselekszenek_3_low_reversed	10	hubo¥lik / hubo¥ozik	0.41013775469637276
cselekszenek_3_low_reversed	10	játlik / játozik	0.16436559941086762
cselekszenek_3_low_reversed	10	jurlik / jurozik	0.4139482165846265
cselekszenek_3_low_reversed	10	kláragßik / kláragodik	0.812488810597382
cselekszenek_3_low_reversed	10	kléglik / klégezik	0.7966596970655309
cselekszenek_3_low_reversed	10	klihaslik / klihasozik	0.32558172784854533
cselekszenek_3_low_reversed	10	klűmlik / klűmözik	0.6366099419808832
cselekszenek_3_low_reversed	10	metégßik / metégedik	0.009903873363479131
cselekszenek_3_low_reversed	10	nivárzik / nivározik	0.31247233279002745
cselekszenek_3_low_reversed	10	nuroklik / nurokozik	0.4322751162910051
cselekszenek_3_low_reversed	10	¥ádlik / ¥ádozik	0.16162647252890402
cselekszenek_3_low_reversed	10	¥izlik / ¥izozik	0.2721267184305821
cselekszenek_3_low_reversed	10	¥öbzik / ¥öbözik	0.7392328406849629
cselekszenek_3_low_reversed	10	¥ülöklik / ¥ülöközik	0.1054002726195704
cselekszenek_3_low_reversed	10	pibegzik / pibegezik	0.30268204275206745
cselekszenek_3_low_reversed	10	plibzik / plibozik	0.5771035000947631
cselekszenek_3_low_reversed	10	prihegßik / prihegedik	0.05723320171274695
cselekszenek_3_low_reversed	10	prugorzik / prugorozik	0.30350546290585145
cselekszenek_3_low_reversed	10	ribegßik / ribegedik	0.2508294694202213
cselekszenek_3_low_reversed	10	spivejlik / spivejezik	0.595654226286824
cselekszenek_3_low_reversed	10	sprebzik / sprebezik	0.5255220722642989
cselekszenek_3_low_reversed	10	spuborzik / spuborozik	0.21343566198800118
cselekszenek_3_low_reversed	10	sűjlik / sűjözik	0.07677754187005043
cselekszenek_3_low_reversed	10	ßtredlik / ßtredezik	0.02254030099333558
cselekszenek_3_low_reversed	10	töglik / tögözik	0.10032859015670204
cselekszenek_3_low_reversed	10	trálaklik / trálakozik	0.00919626504456587
cselekszenek_3_low_reversed	10	trálßik / trálodik	0.02750852720584872
cselekszenek_3_low_reversed	10	trilekßik / trilekedik	0.08821175914329399
cselekszenek_3_low_reversed	10	trukßik / trukodik	0.05614842251799487
cselekszenek_3_low_reversed	10	vehékßik / vehékedik	0.0023298964110040343
cselekszenek_3_low_reversed	10	vihapßik / vihapodik	0.06550376621293713
cselekszenek_3_low_reversed	10	vileslik / vilesezik	0.13684993079204466
cselekszenek_3_low_typical	11	bejzik / bejezik	0.560335375419741
cselekszenek_3_low_typical	11	bötőrzik / bötőrözik	0.03444894943888067
cselekszenek_3_low_typical	11	breslik / bresezik	0.8033076172253748
cselekszenek_3_low_typical	11	bribaslik / bribasozik	0.5774148002660474
cselekszenek_3_low_typical	11	bribékßik / bribékedik	0.7816290627940325
cselekszenek_3_low_typical	11	brűklik / brűközik	0.0974039341582923
cselekszenek_3_low_typical	11	brürzik / brürözik	0.07629047964125617
cselekszenek_3_low_typical	11	bügzik / bügözik	0.27626663870695584
cselekszenek_3_low_typical	11	dibáglik / dibágozik	0.03026662413094623
cselekszenek_3_low_typical	11	döjlik / döjözik	0.1088916063254938
cselekszenek_3_low_typical	11	dralágzik / dralágozik	0.01783372343137704
cselekszenek_3_low_typical	11	flátlik / flátozik	0.030351720759062648
cselekszenek_3_low_typical	11	flerékßik / flerékedik	0.6028704071963208
cselekszenek_3_low_typical	11	flodlik / flodozik	0.12302216607128588
cselekszenek_3_low_typical	11	flugo¥lik / flugo¥ozik	0.01689006706392724
cselekszenek_3_low_typical	11	frélegzik / frélegezik	0.09308037018758626
cselekszenek_3_low_typical	11	fri¥lik / fri¥ozik	0.24994654051163082
cselekszenek_3_low_typical	11	frirzik / frirozik	0.08698847437942232
cselekszenek_3_low_typical	11	frorlik / frorozik	0.15991177266599874
cselekszenek_3_low_typical	11	géreglik / géregezik	0.777507251471861
cselekszenek_3_low_typical	11	gihamlik / gihamozik	0.7521579972320743
cselekszenek_3_low_typical	11	hiragzik / hiragozik	0.14108311029635962
cselekszenek_3_low_typical	11	hubo¥lik / hubo¥ozik	0.38298182002453307
cselekszenek_3_low_typical	11	játlik / játozik	0.061301885623337465
cselekszenek_3_low_typical	11	jurlik / jurozik	0.027647951946624994
cselekszenek_3_low_typical	11	kláragßik / kláragodik	0.028575456046102034
cselekszenek_3_low_typical	11	kléglik / klégezik	0.12379363836912374
cselekszenek_3_low_typical	11	klihaslik / klihasozik	0.44015391310989777
cselekszenek_3_low_typical	11	klűmlik / klűmözik	0.12720568461436363
cselekszenek_3_low_typical	11	metégßik / metégedik	0.9667912681956589
cselekszenek_3_low_typical	11	nivárzik / nivározik	0.02176857595814673
cselekszenek_3_low_typical	11	nuroklik / nurokozik	0.11257760584888986
cselekszenek_3_low_typical	11	¥ádlik / ¥ádozik	0.06255172273634262
cselekszenek_3_low_typical	11	¥izlik / ¥izozik	0.0684277393579322
cselekszenek_3_low_typical	11	¥öbzik / ¥öbözik	0.04942253787487549
cselekszenek_3_low_typical	11	¥ülöklik / ¥ülöközik	0.7108966706179245
cselekszenek_3_low_typical	11	pibegzik / pibegezik	0.48868493190687323
cselekszenek_3_low_typical	11	plibzik / plibozik	0.040709764249047944
cselekszenek_3_low_typical	11	prihegßik / prihegedik	0.494952750686704
cselekszenek_3_low_typical	11	prugorzik / prugorozik	0.07498158030467826
cselekszenek_3_low_typical	11	ribegßik / ribegedik	0.3824530331683227
cselekszenek_3_low_typical	11	spivejlik / spivejezik	0.27685677854201585
cselekszenek_3_low_typical	11	sprebzik / sprebezik	0.2399523940458338
cselekszenek_3_low_typical	11	spuborzik / spuborozik	0.2821671561176795
cselekszenek_3_low_typical	11	sűjlik / sűjözik	0.20720892607399788
cselekszenek_3_low_typical	11	ßtredlik / ßtredezik	0.46797645716435315
cselekszenek_3_low_typical	11	töglik / tögözik	0.0590904150661556
cselekszenek_3_low_typical	11	trálaklik / trálakozik	0.91331307489677
cselekszenek_3_low_typical	11	trálßik / trálodik	0.0718034344050017
cselekszenek_3_low_typical	11	trilekßik / trilekedik	0.8109769247694889
cselekszenek_3_low_typical	11	trukßik / trukodik	0.11781926577209965
cselekszenek_3_low_typical	11	vehékßik / vehékedik	0.9456441272078268
cselekszenek_3_low_typical	11	vihapßik / vihapodik	0.07937427854933464
cselekszenek_3_low_typical	11	vileslik / vilesezik	0.479843053083198
