onset	v1c1c2	v2c3c4	tr	word	target	keep_enough_distance	keep_no_overlap
¥	eml	iz	¥emlizik	nyemlizik	¥emliz	TRUE	TRUE
h	e†h	iz	he†hizik	hetyhizik	he†hiz	TRUE	TRUE
z	uml	űdz	zumlűdzik	zumlűdzik	zumlűdz	TRUE	TRUE
p	ó¬	úd	pó¬údik	pólyúdik	pó¬úd	TRUE	TRUE
z	öls	űz	zölsűzik	zölsűzik	zölsűz	TRUE	TRUE
l	ob	ud	lobudik	lobudik	lobud	TRUE	TRUE
p	étk	edz	pétkedzik	pétkedzik	pétkedz	TRUE	TRUE
m	ínl	eml	mínlemlik	mínlemlik	mínleml	TRUE	TRUE
d	ezd	érß	dezdérßik	dezdérszik	dezdérß	TRUE	TRUE
pr	űv	oz	prűvozik	prűvozik	prűvoz	TRUE	TRUE
fl	oh	uz	flohuzik	flohuzik	flohuz	TRUE	TRUE
k	ipr	ajl	kiprajlik	kiprajlik	kiprajl	TRUE	TRUE
p	ukl	ódz	puklódzik	puklódzik	puklódz	TRUE	TRUE
c	ögb	öz	cögbözik	cögbözik	cögböz	TRUE	TRUE
NA	ipr	érß	iprérßik	iprérszik	iprérß	TRUE	TRUE
bl	int	éz	blintézik	blintézik	blintéz	TRUE	TRUE
b	újh	óz	bújhózik	bújhózik	bújhóz	TRUE	TRUE
b	esl	égß	beslégßik	beslégszik	beslégß	TRUE	TRUE
ç	ol	onl	çolonlik	csolonlik	çolonl	TRUE	TRUE
tr	erz	iz	trerzizik	trerzizik	trerziz	TRUE	TRUE
sp	áç	adz	spáçadzik	spácsadzik	spáçadz	TRUE	TRUE
v	id	eng	videngik	videngik	videng	TRUE	TRUE
ç	il	akz	çilakzik	csilakzik	çilakz	TRUE	TRUE
s	av	apß	savapßik	savapszik	savapß	TRUE	TRUE
ß	as	á¥l	ßasá¥lik	szasánylik	ßasá¥l	TRUE	TRUE
p	at	agz	patagzik	patagzik	patagz	FALSE	TRUE
h	ámp	agl	hámpaglik	hámpaglik	hámpagl	TRUE	TRUE
fl	űz	o¥l	flűzo¥lik	flűzonylik	flűzo¥l	TRUE	TRUE
ß	a©	asl	ßa©aslik	szagyaslik	ßa©asl	TRUE	TRUE
n	ult	os	nultosik	nultosik	nultos	TRUE	TRUE
Ω	ig	agl	Ωigaglik	zsigaglik	Ωigagl	TRUE	TRUE
¥	iml	agß	¥imlagßik	nyimlagszik	¥imlagß	TRUE	TRUE
s	őrk	őz	sőrkőzik	sőrkőzik	sőrkőz	TRUE	TRUE
©	öls	örl	©ölsörlik	gyölsörlik	©ölsörl	TRUE	TRUE
NA	ol	óz	olózik	olózik	olóz	TRUE	TRUE
bl	ém	éz	blémézik	blémézik	bléméz	TRUE	TRUE
k	ugl	os	kuglosik	kuglosik	kuglos	TRUE	TRUE
c	ipr	akl	cipraklik	cipraklik	ciprakl	TRUE	TRUE
g	í¥l	az	gí¥lazik	gínylazik	gí¥laz	TRUE	TRUE
m	epr	esl	mepreslik	mepreslik	mepresl	TRUE	TRUE
h	olk	űz	holkűzik	holkűzik	holkűz	TRUE	FALSE
†	ag	at	†agatik	tyagatik	†agat	TRUE	TRUE
d	akn	arz	daknarzik	daknarzik	daknarz	TRUE	TRUE
n	ar	akl	naraklik	naraklik	narakl	TRUE	TRUE
bl	éh	edz	bléhedzik	bléhedzik	bléhedz	TRUE	TRUE
ß	ínl	arz	ßínlarzik	színlarzik	ßínlarz	TRUE	TRUE
ç	ud	osl	çudoslik	csudoslik	çudosl	TRUE	TRUE
ßt	ap	árz	ßtapárzik	sztapárzik	ßtapárz	TRUE	TRUE
c	arj	ágz	carjágzik	carjágzik	carjágz	TRUE	TRUE
s	op	űdz	sopűdzik	sopűdzik	sopűdz	TRUE	TRUE
b	ojt	okl	bojtoklik	bojtoklik	bojtokl	TRUE	TRUE
pr	at	akz	pratakzik	pratakzik	pratakz	FALSE	TRUE
f	eng	éß	fengéßik	fengészik	fengéß	TRUE	FALSE
ç	ül	öd	çülödik	csülödik	çülöd	TRUE	TRUE
l	esl	ékß	leslékßik	leslékszik	leslékß	TRUE	TRUE
©	iç	atl	©içatlik	gyicsatlik	©içatl	TRUE	TRUE
sm	e¥	én	sme¥énik	smenyénik	sme¥én	TRUE	TRUE
NA	ált	ajl	áltajlik	áltajlik	áltajl	TRUE	TRUE
tr	or	od	trorodik	trorodik	trorod	TRUE	TRUE
f	aßt	az	faßtazik	fasztazik	faßtaz	TRUE	FALSE
v	op	o¥l	vopo¥lik	voponylik	vopo¥l	TRUE	TRUE
c	is	akß	cisakßik	cisakszik	cisakß	TRUE	TRUE
Ω	aj	aml	Ωajamlik	zsajamlik	Ωajaml	TRUE	TRUE
h	erg	é¥l	hergé¥lik	hergénylik	hergé¥l	TRUE	TRUE
NA	e†h	egß	e†hegßik	etyhegszik	e†hegß	TRUE	TRUE
b	ac	atl	bacatlik	bacatlik	bacatl	TRUE	TRUE
h	ug	o¥l	hugo¥lik	hugonylik	hugo¥l	TRUE	TRUE
©	esk	es	©eskesik	gyeskesik	©eskes	TRUE	FALSE
m	égz	ek	mégzekik	mégzekik	mégzek	TRUE	TRUE
c	ald	áΩl	caldáΩlik	caldázslik	caldáΩl	TRUE	TRUE
g	ap	áß	gapáßik	gapászik	gapáß	TRUE	TRUE
f	e†	erß	fe†erßik	fetyerszik	fe†erß	TRUE	TRUE
f	erz	ejl	ferzejlik	ferzejlik	ferzejl	TRUE	TRUE
j	elç	ek	jelçekik	jelcsekik	jelçek	TRUE	TRUE
¥	é¥k	eml	¥é¥kemlik	nyénykemlik	¥é¥keml	TRUE	TRUE
†	ík	et	†íketik	tyíketik	†íket	TRUE	TRUE
r	ás	asl	rásaslik	rásaslik	rásasl	TRUE	TRUE
s	u†	űdz	su†űdzik	sutyűdzik	su†űdz	TRUE	TRUE
h	ol	űz	holűzik	holűzik	holűz	TRUE	FALSE
NA	or	okl	oroklik	oroklik	orokl	TRUE	TRUE
ß	en	ez	ßenezik	szenezik	ßenez	TRUE	TRUE
z	iml	ed	zimledik	zimledik	zimled	TRUE	TRUE
br	ám	ajl	brámajlik	brámajlik	brámajl	TRUE	TRUE
ç	ilm	akl	çilmaklik	csilmaklik	çilmakl	TRUE	TRUE
v	est	ek	vestekik	vestekik	vestek	TRUE	TRUE
¥	ikr	edz	¥ikredzik	nyikredzik	¥ikredz	TRUE	TRUE
r	ík	az	ríkazik	ríkazik	ríkaz	TRUE	FALSE
pr	üt	önl	prütönlik	prütönlik	prütönl	TRUE	TRUE
ß	ar	aml	ßaramlik	szaramlik	ßaraml	TRUE	TRUE
b	őz	ökl	bőzöklik	bőzöklik	bőzökl	TRUE	TRUE
v	obr	óz	vobrózik	vobrózik	vobróz	TRUE	TRUE
pr	áç	ádz	práçádzik	prácsádzik	práçádz	TRUE	TRUE
©	int	en	©intenik	gyintenik	©inten	TRUE	TRUE
ç	ínl	ékß	çínlékßik	csínlékszik	çínlékß	TRUE	TRUE
v	ík	agl	víkaglik	víkaglik	víkagl	TRUE	TRUE
ß	ól	úd	ßólúdik	szólúdik	ßólúd	TRUE	FALSE
t	ík	ez	tíkezik	tíkezik	tíkez	TRUE	TRUE
fl	ü©k	üd	flü©küdik	flügyküdik	flü©küd	TRUE	TRUE
ç	esl	et	çesletik	csesletik	çeslet	TRUE	TRUE
m	i¥	es	mi¥esik	minyesik	mi¥es	TRUE	FALSE
dΩ	űr	onl	dΩűronlik	dzsűronlik	dΩűronl	TRUE	TRUE
ß	edv	ekß	ßedvekßik	szedvekszik	ßedvekß	TRUE	TRUE
fl	ack	ád	flackádik	flackádik	flackád	TRUE	TRUE
ßt	árm	áz	ßtármázik	sztármázik	ßtármáz	TRUE	FALSE
m	erg	éß	mergéßik	mergészik	mergéß	TRUE	FALSE
m	údb	uz	múdbuzik	múdbuzik	múdbuz	TRUE	TRUE
Ω	is	ajl	Ωisajlik	zsisajlik	Ωisajl	TRUE	TRUE
Ω	ősk	önl	Ωőskönlik	zsőskönlik	Ωőskönl	TRUE	TRUE
v	eΩg	érß	veΩgérßik	vezsgérszik	veΩgérß	TRUE	TRUE
n	ík	at	níkatik	níkatik	níkat	TRUE	TRUE
f	űn	ösl	fűnöslik	fűnöslik	fűnösl	TRUE	TRUE
dΩ	ism	at	dΩismatik	dzsismatik	dΩismat	TRUE	TRUE
¥	edv	é¥l	¥edvé¥lik	nyedvénylik	¥edvé¥l	TRUE	TRUE
g	a©	á¥z	ga©á¥zik	gagyányzik	ga©á¥z	TRUE	TRUE
m	alh	akz	malhakzik	malhakzik	malhakz	TRUE	TRUE
t	ol	okl	toloklik	toloklik	tolokl	TRUE	TRUE
sn	ír	áz	snírázik	snírázik	sníráz	TRUE	TRUE
v	esl	ez	veslezik	veslezik	veslez	TRUE	TRUE
l	eng	ed	lengedik	lengedik	lenged	TRUE	FALSE
k	ant	árz	kantárzik	kantárzik	kantárz	TRUE	TRUE
r	ölt	önl	röltönlik	röltönlik	röltönl	TRUE	TRUE
dΩ	a©	ánz	dΩa©ánzik	dzsagyánzik	dΩa©ánz	TRUE	TRUE
©	úk	ud	©úkudik	gyúkudik	©úkud	TRUE	TRUE
s	ipr	érl	siprérlik	siprérlik	siprérl	TRUE	TRUE
tr	í¥l	az	trí¥lazik	trínylazik	trí¥laz	TRUE	TRUE
h	ifj	á¬l	hifjá¬lik	hifjálylik	hifjá¬l	TRUE	TRUE
dΩ	örl	őd	dΩörlődik	dzsörlődik	dΩörlőd	TRUE	TRUE
f	arj	áΩl	farjáΩlik	farjázslik	farjáΩl	TRUE	TRUE
f	úr	onl	fúronlik	fúronlik	fúronl	TRUE	TRUE
s	op	uz	sopuzik	sopuzik	sopuz	TRUE	TRUE
b	arj	ak	barjakik	barjakik	barjak	TRUE	FALSE
sn	ölt	üd	snöltüdik	snöltüdik	snöltüd	TRUE	TRUE
v	ig	éß	vigéßik	vigészik	vigéß	TRUE	TRUE
n	an	áß	nanáßik	nanászik	nanáß	FALSE	FALSE
m	ipr	ez	miprezik	miprezik	miprez	TRUE	FALSE
ç	umç	oz	çumçozik	csumcsozik	çumçoz	TRUE	TRUE
sp	ukd	óz	spukdózik	spukdózik	spukdóz	TRUE	TRUE
z	of	os	zofosik	zofosik	zofos	TRUE	TRUE
NA	ujd	uz	ujduzik	ujduzik	ujduz	TRUE	TRUE
d	ig	akz	digakzik	digakzik	digakz	TRUE	TRUE
c	el	esl	celeslik	celeslik	celesl	TRUE	TRUE
Ω	öt	őrz	Ωötőrzik	zsötőrzik	Ωötőrz	TRUE	TRUE
b	ögl	önl	böglönlik	böglönlik	böglönl	TRUE	TRUE
NA	ag	á¥z	agá¥zik	agányzik	agá¥z	TRUE	TRUE
h	áßt	iz	háßtizik	hásztizik	háßtiz	FALSE	TRUE
d	uml	ód	dumlódik	dumlódik	dumlód	TRUE	TRUE
p	ök	üd	pöküdik	pöküdik	pöküd	TRUE	TRUE
ß	ajh	atl	ßajhatlik	szajhatlik	ßajhatl	TRUE	TRUE
ç	iç	áz	çiçázik	csicsázik	çiçáz	FALSE	TRUE
k	arj	iz	karjizik	karjizik	karjiz	TRUE	TRUE
br	öl	ökl	brölöklik	brölöklik	brölökl	TRUE	TRUE
b	árk	amz	bárkamzik	bárkamzik	bárkamz	TRUE	TRUE
¥	esl	ejl	¥eslejlik	nyeslejlik	¥eslejl	TRUE	TRUE
d	int	ek	dintekik	dintekik	dintek	TRUE	TRUE
NA	omj	osl	omjoslik	omjoslik	omjosl	TRUE	TRUE
fl	ev	érl	flevérlik	flevérlik	flevérl	TRUE	TRUE
sk	ajl	ád	skajládik	skajládik	skajlád	TRUE	TRUE
c	al	ajl	calajlik	calajlik	calajl	TRUE	TRUE
j	arj	árz	jarjárzik	jarjárzik	jarjárz	TRUE	TRUE
k	und	óz	kundózik	kundózik	kundóz	TRUE	TRUE
sm	id	agl	smidaglik	smidaglik	smidagl	TRUE	TRUE
fl	a†	áß	fla†áßik	flatyászik	fla†áß	TRUE	TRUE
pr	ör	űz	prörűzik	prörűzik	prörűz	TRUE	TRUE
m	ül	üd	mülüdik	mülüdik	mülüd	TRUE	TRUE
ßt	őr	ökl	ßtőröklik	sztőröklik	ßtőrökl	TRUE	TRUE
dΩ	o†	űz	dΩo†űzik	dzsotyűzik	dΩo†űz	TRUE	FALSE
sn	orl	űz	snorlűzik	snorlűzik	snorlűz	TRUE	TRUE
c	áts	agß	cátsagßik	cátsagszik	cátsagß	TRUE	TRUE
¥	aj	á¬l	¥ajá¬lik	nyajálylik	¥ajá¬l	TRUE	TRUE
v	űr	űz	vűrűzik	vűrűzik	vűrűz	FALSE	TRUE
¥	il	adz	¥iladzik	nyiladzik	¥iladz	FALSE	TRUE
n	ub	os	nubosik	nubosik	nubos	TRUE	TRUE
©	id	aml	©idamlik	gyidamlik	©idaml	TRUE	TRUE
s	í¥l	egz	sí¥legzik	sínylegzik	sí¥legz	TRUE	TRUE
d	ig	ak	digakik	digakik	digak	TRUE	TRUE
sp	áv	árz	spávárzik	spávárzik	spávárz	TRUE	TRUE
g	uld	úz	guldúzik	guldúzik	guldúz	TRUE	TRUE
NA	űv	üß	űvüßik	űvüszik	űvüß	TRUE	TRUE
ßt	al	áΩl	ßtaláΩlik	sztalázslik	ßtaláΩl	TRUE	TRUE
b	elh	en	belhenik	belhenik	belhen	TRUE	FALSE
bl	árh	az	blárhazik	blárhazik	blárhaz	TRUE	TRUE
r	ot	űz	rotűzik	rotűzik	rotűz	TRUE	TRUE
n	omj	os	nomjosik	nomjosik	nomjos	TRUE	FALSE
p	omj	űdz	pomjűdzik	pomjűdzik	pomjűdz	TRUE	TRUE
t	év	ékz	tévékzik	tévékzik	tévékz	FALSE	TRUE
n	erm	érß	nermérßik	nermérszik	nermérß	TRUE	TRUE
ßt	al	árz	ßtalárzik	sztalárzik	ßtalárz	TRUE	TRUE
sn	u©	uz	snu©uzik	snugyuzik	snu©uz	TRUE	TRUE
sk	ón	uz	skónuzik	skónuzik	skónuz	TRUE	TRUE
b	i©	es	bi©esik	bigyesik	bi©es	TRUE	TRUE
c	őr	űdz	cőrűdzik	cőrűdzik	cőrűdz	TRUE	TRUE
bl	ot	uz	blotuzik	blotuzik	blotuz	TRUE	TRUE
©	ámk	áß	©ámkáßik	gyámkászik	©ámkáß	TRUE	FALSE
m	omj	orz	momjorzik	momjorzik	momjorz	TRUE	TRUE
h	ag	áΩl	hagáΩlik	hagázslik	hagáΩl	TRUE	TRUE
ß	ób	űdz	ßóbűdzik	szóbűdzik	ßóbűdz	TRUE	FALSE
d	as	áz	dasázik	dasázik	dasáz	FALSE	TRUE
d	inc	érl	dincérlik	dincérlik	dincérl	TRUE	TRUE
f	ir	egß	firegßik	firegszik	firegß	TRUE	TRUE
h	ál	áΩl	háláΩlik	hálázslik	háláΩl	TRUE	TRUE
h	on	onl	hononlik	hononlik	hononl	TRUE	TRUE
b	aßt	ágz	baßtágzik	basztágzik	baßtágz	TRUE	TRUE
z	ar	ád	zarádik	zarádik	zarád	TRUE	TRUE
br	ult	ód	brultódik	brultódik	brultód	TRUE	TRUE
†	úv	ud	†úvudik	tyúvudik	†úvud	TRUE	TRUE
j	at	áß	jatáßik	jatászik	jatáß	TRUE	FALSE
f	an	agß	fanagßik	fanagszik	fanagß	TRUE	TRUE
f	ib	ed	fibedik	fibedik	fibed	TRUE	TRUE
br	úv	osl	brúvoslik	brúvoslik	brúvosl	TRUE	TRUE
dΩ	u†	orz	dΩu†orzik	dzsutyorzik	dΩu†orz	TRUE	TRUE
sm	irk	áß	smirkáßik	smirkászik	smirkáß	TRUE	TRUE
ç	uml	uz	çumluzik	csumluzik	çumluz	TRUE	TRUE
j	újh	úz	jújhúzik	jújhúzik	jújhúz	TRUE	TRUE
v	uçk	űdz	vuçkűdzik	vucskűdzik	vuçkűdz	TRUE	TRUE
t	ül	üß	tülüßik	tülüszik	tülüß	TRUE	TRUE
sp	ib	akß	spibakßik	spibakszik	spibakß	TRUE	TRUE
tr	am	á¬l	tramá¬lik	tramálylik	tramá¬l	TRUE	TRUE
Ω	a¥	iz	Ωa¥izik	zsanyizik	Ωa¥iz	TRUE	TRUE
p	erg	éß	pergéßik	pergészik	pergéß	TRUE	FALSE
©	elp	éß	©elpéßik	gyelpészik	©elpéß	TRUE	TRUE
v	as	agz	vasagzik	vasagzik	vasagz	TRUE	TRUE
m	imb	ágz	mimbágzik	mimbágzik	mimbágz	TRUE	TRUE
h	eßk	étl	heßkétlik	heszkétlik	heßkétl	TRUE	TRUE
s	ot	űz	sotűzik	sotűzik	sotűz	TRUE	TRUE
c	on	uz	conuzik	conuzik	conuz	TRUE	TRUE
†	ajr	apß	†ajrapßik	tyajrapszik	†ajrapß	TRUE	TRUE
dΩ	oh	osl	dΩohoslik	dzsohoslik	dΩohosl	TRUE	TRUE
n	at	apß	natapßik	natapszik	natapß	TRUE	TRUE
p	ipr	ékß	piprékßik	piprékszik	piprékß	TRUE	TRUE
©	u†	óz	©u†ózik	gyutyózik	©u†óz	TRUE	TRUE
c	ald	á¥z	caldá¥zik	caldányzik	caldá¥z	TRUE	TRUE
j	ív	atl	jívatlik	jívatlik	jívatl	TRUE	TRUE
NA	eml	éz	emlézik	emlézik	emléz	TRUE	TRUE
n	árk	áΩl	nárkáΩlik	nárkázslik	nárkáΩl	TRUE	TRUE
pl	it	ekß	plitekßik	plitekszik	plitekß	TRUE	TRUE
s	akl	amz	saklamzik	saklamzik	saklamz	TRUE	TRUE
m	ul	úd	mulúdik	mulúdik	mulúd	TRUE	TRUE
n	int	edz	nintedzik	nintedzik	nintedz	TRUE	FALSE
v	obr	oz	vobrozik	vobrozik	vobroz	FALSE	TRUE
tr	áv	iz	trávizik	trávizik	tráviz	TRUE	TRUE
©	érk	en	©érkenik	gyérkenik	©érken	TRUE	FALSE
ß	elç	ek	ßelçekik	szelcsekik	ßelçek	TRUE	TRUE
tr	iml	éß	trimléßik	trimlészik	trimléß	TRUE	TRUE
c	épz	én	cépzénik	cépzénik	cépzén	TRUE	FALSE
k	ac	agz	kacagzik	kacagzik	kacagz	TRUE	TRUE
s	ack	agl	sackaglik	sackaglik	sackagl	TRUE	TRUE
ß	erg	en	ßergenik	szergenik	ßergen	TRUE	FALSE
r	ókl	os	róklosik	róklosik	róklos	TRUE	FALSE
r	orn	űdz	rornűdzik	rornűdzik	rornűdz	TRUE	TRUE
ß	év	éz	ßévézik	szévézik	ßévéz	FALSE	TRUE
ßt	a†	amz	ßta†amzik	sztatyamzik	ßta†amz	TRUE	TRUE
bl	űn	űdz	blűnűdzik	blűnűdzik	blűnűdz	TRUE	TRUE
sp	ík	áß	spíkáßik	spíkászik	spíkáß	TRUE	TRUE
r	á¥	iz	rá¥izik	rányizik	rá¥iz	TRUE	TRUE
©	oßt	űdz	©oßtűdzik	gyosztűdzik	©oßtűdz	TRUE	TRUE
pl	a†	áz	pla†ázik	platyázik	pla†áz	TRUE	TRUE
pl	olg	óz	plolgózik	plolgózik	plolgóz	TRUE	TRUE
†	epr	étl	†eprétlik	tyeprétlik	†eprétl	TRUE	TRUE
c	id	egß	cidegßik	cidegszik	cidegß	FALSE	TRUE
v	oh	od	vohodik	vohodik	vohod	TRUE	TRUE
n	ip	akß	nipakßik	nipakszik	nipakß	TRUE	TRUE
c	ugl	ódz	cuglódzik	cuglódzik	cuglódz	TRUE	TRUE
c	uks	úz	cuksúzik	cuksúzik	cuksúz	TRUE	TRUE
v	áç	agz	váçagzik	vácsagzik	váçagz	TRUE	TRUE
s	ev	én	sevénik	sevénik	sevén	TRUE	FALSE
d	árh	ád	dárhádik	dárhádik	dárhád	TRUE	TRUE
sp	edv	én	spedvénik	spedvénik	spedvén	TRUE	TRUE
g	áç	az	gáçazik	gácsazik	gáçaz	TRUE	TRUE
†	oç	od	†oçodik	tyocsodik	†oçod	TRUE	TRUE
pl	ic	eml	plicemlik	plicemlik	pliceml	TRUE	TRUE
h	év	éß	hévéßik	hévészik	hévéß	TRUE	FALSE
ç	ifl	et	çifletik	csifletik	çiflet	TRUE	TRUE
v	eß	é¥l	veßé¥lik	veszénylik	veßé¥l	TRUE	TRUE
Ω	ók	úz	Ωókúzik	zsókúzik	Ωókúz	TRUE	TRUE
j	ágt	arz	jágtarzik	jágtarzik	jágtarz	TRUE	TRUE
†	áv	ágz	†ávágzik	tyávágzik	†ávágz	TRUE	TRUE
d	int	érl	dintérlik	dintérlik	dintérl	TRUE	TRUE
j	ag	agz	jagagzik	jagagzik	jagagz	TRUE	TRUE
fl	otr	úz	flotrúzik	flotrúzik	flotrúz	TRUE	TRUE
Ω	úr	ud	Ωúrudik	zsúrudik	Ωúrud	TRUE	TRUE
¥	úv	osl	¥úvoslik	nyúvoslik	¥úvosl	TRUE	TRUE
d	űt	orz	dűtorzik	dűtorzik	dűtorz	TRUE	FALSE
sm	edv	éß	smedvéßik	smedvészik	smedvéß	TRUE	TRUE
¥	oßt	óz	¥oßtózik	nyosztózik	¥oßtóz	TRUE	TRUE
t	a©l	iz	ta©lizik	tagylizik	ta©liz	TRUE	TRUE
b	esl	edz	besledzik	besledzik	besledz	TRUE	FALSE
bl	ár	ád	blárádik	blárádik	blárád	TRUE	TRUE
v	ab	aml	vabamlik	vabamlik	vabaml	TRUE	TRUE
sm	ób	ód	smóbódik	smóbódik	smóbód	TRUE	TRUE
d	at	agl	dataglik	dataglik	datagl	TRUE	TRUE
dΩ	ár	apß	dΩárapßik	dzsárapszik	dΩárapß	TRUE	TRUE
©	ág	az	©ágazik	gyágazik	©ágaz	FALSE	TRUE
d	ant	ak	dantakik	dantakik	dantak	TRUE	TRUE
t	op	uz	topuzik	topuzik	topuz	TRUE	TRUE
r	ilm	epß	rilmepßik	rilmepszik	rilmepß	TRUE	TRUE
©	e†	éß	©e†éßik	gyetyészik	©e†éß	TRUE	TRUE
v	iΩ	áΩl	viΩáΩlik	vizsázslik	viΩáΩl	TRUE	TRUE
fl	urj	úd	flurjúdik	flurjúdik	flurjúd	TRUE	TRUE
†	eß	é¥l	†eßé¥lik	tyeszénylik	†eßé¥l	TRUE	TRUE
NA	ált	ádz	áltádzik	áltádzik	áltádz	TRUE	FALSE
ç	ic	agl	çicaglik	csicaglik	çicagl	TRUE	TRUE
l	újt	ud	lújtudik	lújtudik	lújtud	TRUE	TRUE
¥	an	akz	¥anakzik	nyanakzik	¥anakz	TRUE	TRUE
¥	er	ed	¥eredik	nyeredik	¥ered	TRUE	FALSE
n	a¥	áß	na¥áßik	nanyászik	na¥áß	TRUE	FALSE
fl	el	ékß	flelékßik	flelékszik	flelékß	TRUE	TRUE
h	űgl	od	hűglodik	hűglodik	hűglod	TRUE	FALSE
j	űv	ódz	jűvódzik	jűvódzik	jűvódz	TRUE	TRUE
l	urn	osl	lurnoslik	lurnoslik	lurnosl	TRUE	TRUE
g	ír	edz	gíredzik	gíredzik	gíredz	TRUE	TRUE
NA	ík	epß	íkepßik	íkepszik	íkepß	TRUE	TRUE
l	ukd	od	lukdodik	lukdodik	lukdod	TRUE	FALSE
l	oc	úd	locúdik	locúdik	locúd	TRUE	TRUE
l	og	okl	logoklik	logoklik	logokl	TRUE	TRUE
z	orj	uz	zorjuzik	zorjuzik	zorjuz	TRUE	TRUE
z	omp	ódz	zompódzik	zompódzik	zompódz	TRUE	TRUE
sp	óg	onl	spógonlik	spógonlik	spógonl	TRUE	TRUE
sp	onz	ód	sponzódik	sponzódik	sponzód	TRUE	TRUE
v	ub	ódz	vubódzik	vubódzik	vubódz	FALSE	TRUE
c	omb	orz	comborzik	comborzik	comborz	TRUE	FALSE
f	í©	ágz	fí©ágzik	fígyágzik	fí©ágz	TRUE	TRUE
h	ack	ád	hackádik	hackádik	hackád	TRUE	FALSE
NA	úk	os	úkosik	úkosik	úkos	TRUE	TRUE
pr	ír	ékz	prírékzik	prírékzik	prírékz	TRUE	TRUE
ç	ot	onl	çotonlik	csotonlik	çotonl	TRUE	TRUE
sm	ív	arz	smívarzik	smívarzik	smívarz	TRUE	TRUE
†	am	agl	†amaglik	tyamaglik	†amagl	TRUE	TRUE
v	il	éß	viléßik	vilészik	viléß	TRUE	TRUE
d	a¥	agß	da¥agßik	danyagszik	da¥agß	TRUE	TRUE
ç	étk	étl	çétkétlik	csétkétlik	çétkétl	TRUE	TRUE
l	o¬	od	lo¬odik	lolyodik	lo¬od	TRUE	TRUE
l	e†h	es	le†hesik	letyhesik	le†hes	TRUE	FALSE
fl	ifj	én	flifjénik	flifjénik	flifjén	TRUE	TRUE
ß	úd	okl	ßúdoklik	szúdoklik	ßúdokl	TRUE	TRUE
r	i©	árz	ri©árzik	rigyárzik	ri©árz	TRUE	TRUE
©	úv	osl	©úvoslik	gyúvoslik	©úvosl	TRUE	TRUE
h	űt	orz	hűtorzik	hűtorzik	hűtorz	TRUE	FALSE
z	ug	óz	zugózik	zugózik	zugóz	FALSE	TRUE
c	űgl	ódz	cűglódzik	cűglódzik	cűglódz	TRUE	TRUE
ß	ut	os	ßutosik	szutosik	ßutos	TRUE	TRUE
n	űnh	óz	nűnhózik	nűnhózik	nűnhóz	TRUE	TRUE
pr	űnh	öz	prűnhözik	prűnhözik	prűnhöz	TRUE	TRUE
b	űt	üd	bűtüdik	bűtüdik	bűtüd	TRUE	TRUE
sn	al	á¥l	snalá¥lik	snalánylik	snalá¥l	TRUE	TRUE
†	az	akß	†azakßik	tyazakszik	†azakß	TRUE	TRUE
tr	a©	akß	tra©akßik	tragyakszik	tra©akß	TRUE	TRUE
pl	ürd	űz	plürdűzik	plürdűzik	plürdűz	TRUE	FALSE
j	ev	egl	jeveglik	jeveglik	jevegl	TRUE	TRUE
k	id	edz	kidedzik	kidedzik	kidedz	TRUE	FALSE
pr	az	arz	prazarzik	prazarzik	prazarz	TRUE	TRUE
l	uml	ódz	lumlódzik	lumlódzik	lumlódz	TRUE	TRUE
m	árk	at	márkatik	márkatik	márkat	TRUE	TRUE
h	ejt	éz	hejtézik	hejtézik	hejtéz	TRUE	TRUE
l	ürk	örl	lürkörlik	lürkörlik	lürkörl	TRUE	TRUE
p	öm	ődz	pömődzik	pömődzik	pömődz	TRUE	TRUE
Ω	ürd	üß	Ωürdüßik	zsürdüszik	Ωürdüß	TRUE	TRUE
b	őn	öd	bőnödik	bőnödik	bőnöd	TRUE	TRUE
sk	á©	agl	ská©aglik	skágyaglik	ská©agl	TRUE	TRUE
ç	or	űdz	çorűdzik	csorűdzik	çorűdz	TRUE	TRUE
g	öng	őd	göngődik	göngődik	göngőd	TRUE	TRUE
Ω	ilm	ágz	Ωilmágzik	zsilmágzik	Ωilmágz	TRUE	TRUE
k	ás	ád	kásádik	kásádik	kásád	FALSE	TRUE
pl	oc	os	plocosik	plocosik	plocos	TRUE	FALSE
f	ip	et	fipetik	fipetik	fipet	TRUE	TRUE
†	ack	á¥z	†acká¥zik	tyackányzik	†acká¥z	TRUE	TRUE
t	oh	ud	tohudik	tohudik	tohud	TRUE	TRUE
s	ált	ánz	sáltánzik	sáltánzik	sáltánz	TRUE	TRUE
n	id	érl	nidérlik	nidérlik	nidérl	TRUE	TRUE
d	í¥l	é¥l	dí¥lé¥lik	dínylénylik	dí¥lé¥l	TRUE	TRUE
z	ót	úd	zótúdik	zótúdik	zótúd	TRUE	TRUE
g	a©	arz	ga©arzik	gagyarzik	ga©arz	TRUE	TRUE
Ω	árm	iz	Ωármizik	zsármizik	Ωármiz	TRUE	TRUE
sm	e†	egl	sme†eglik	smetyeglik	sme†egl	TRUE	TRUE
v	í¥l	esl	ví¥leslik	vínyleslik	ví¥lesl	TRUE	TRUE
pr	etk	et	pretketik	pretketik	pretket	TRUE	TRUE
†	ing	ágl	†ingáglik	tyingáglik	†ingágl	TRUE	TRUE
f	ír	adz	fíradzik	fíradzik	fíradz	TRUE	TRUE
†	iΩ	adz	†iΩadzik	tyizsadzik	†iΩadz	TRUE	TRUE
pr	űt	okl	prűtoklik	prűtoklik	prűtokl	TRUE	TRUE
c	ínl	ek	cínlekik	cínlekik	cínlek	TRUE	TRUE
k	i¥	égß	ki¥égßik	kinyégszik	ki¥égß	TRUE	TRUE
p	al	arz	palarzik	palarzik	palarz	TRUE	TRUE
ß	os	o¥l	ßoso¥lik	szosonylik	ßoso¥l	TRUE	TRUE
ßt	i¥	adz	ßti¥adzik	sztinyadzik	ßti¥adz	TRUE	TRUE
pl	újt	ód	plújtódik	plújtódik	plújtód	TRUE	TRUE
ç	obz	okl	çobzoklik	csobzoklik	çobzokl	TRUE	TRUE
v	ipr	égß	viprégßik	viprégszik	viprégß	TRUE	TRUE
d	idr	en	didrenik	didrenik	didren	TRUE	TRUE
d	alh	akl	dalhaklik	dalhaklik	dalhakl	TRUE	TRUE
h	ém	epß	hémepßik	hémepszik	hémepß	TRUE	TRUE
¥	ifj	áß	¥ifjáßik	nyifjászik	¥ifjáß	TRUE	TRUE
†	as	asl	†asaslik	tyasaslik	†asasl	TRUE	TRUE
Ω	ack	az	Ωackazik	zsackazik	Ωackaz	TRUE	TRUE
bl	í©	ekß	blí©ekßik	blígyekszik	blí©ekß	TRUE	TRUE
pl	ut	o¥l	pluto¥lik	plutonylik	pluto¥l	TRUE	TRUE
†	uml	onl	†umlonlik	tyumlonlik	†umlonl	TRUE	TRUE
d	elh	ejl	delhejlik	delhejlik	delhejl	TRUE	TRUE
g	az	ak	gazakik	gazakik	gazak	TRUE	TRUE
ßt	ac	akz	ßtacakzik	sztacakzik	ßtacakz	TRUE	TRUE
d	ár	áß	dáráßik	dárászik	dáráß	TRUE	TRUE
tr	ér	ékz	trérékzik	trérékzik	trérékz	TRUE	TRUE
br	ik	ajl	brikajlik	brikajlik	brikajl	TRUE	TRUE
NA	urn	onl	urnonlik	urnonlik	urnonl	TRUE	TRUE
sp	ifj	éß	spifjéßik	spifjészik	spifjéß	TRUE	TRUE
NA	az	ak	azakik	azakik	azak	TRUE	TRUE
f	a¥	ajl	fa¥ajlik	fanyajlik	fa¥ajl	TRUE	TRUE
j	ór	osl	jóroslik	jóroslik	jórosl	TRUE	TRUE
©	átl	asl	©átlaslik	gyátlaslik	©átlasl	TRUE	TRUE
†	á¬	arz	†á¬arzik	tyályarzik	†á¬arz	TRUE	TRUE
n	őr	őd	nőrődik	nőrődik	nőrőd	TRUE	TRUE
h	ér	ejl	hérejlik	hérejlik	hérejl	TRUE	TRUE
j	urh	úd	jurhúdik	jurhúdik	jurhúd	TRUE	TRUE
g	e†h	eng	ge†hengik	getyhengik	ge†heng	TRUE	TRUE
b	ikr	en	bikrenik	bikrenik	bikren	TRUE	TRUE
b	és	erß	béserßik	béserszik	béserß	TRUE	TRUE
d	áts	arz	dátsarzik	dátsarzik	dátsarz	TRUE	TRUE
sk	ár	ánz	skáránzik	skáránzik	skáránz	TRUE	TRUE
z	árm	adz	zármadzik	zármadzik	zármadz	TRUE	FALSE
NA	é¥k	étl	é¥kétlik	énykétlik	é¥kétl	TRUE	TRUE
NA	ajt	ak	ajtakik	ajtakik	ajtak	TRUE	TRUE
s	am	á¬l	samá¬lik	samálylik	samá¬l	TRUE	TRUE
f	is	egz	fisegzik	fisegzik	fisegz	TRUE	TRUE
bl	i©	amz	bli©amzik	bligyamzik	bli©amz	TRUE	TRUE
h	ot	ód	hotódik	hotódik	hotód	FALSE	TRUE
l	irt	agß	lirtagßik	lirtagszik	lirtagß	TRUE	TRUE
ß	ikr	agß	ßikragßik	szikragszik	ßikragß	TRUE	TRUE
sk	orn	uz	skornuzik	skornuzik	skornuz	TRUE	TRUE
sm	av	á¥l	smavá¥lik	smaványlik	smavá¥l	TRUE	TRUE
bl	ét	edz	blétedzik	blétedzik	blétedz	TRUE	TRUE
bl	ás	á¥z	blásá¥zik	blásányzik	blásá¥z	TRUE	TRUE
bl	elh	ed	blelhedik	blelhedik	blelhed	TRUE	TRUE
Ω	ig	á¥l	Ωigá¥lik	zsigánylik	Ωigá¥l	TRUE	TRUE
sp	epr	ek	speprekik	speprekik	speprek	TRUE	TRUE
c	énh	ékz	cénhékzik	cénhékzik	cénhékz	TRUE	TRUE
tr	öz	őrz	trözőrzik	trözőrzik	trözőrz	TRUE	TRUE
sn	ás	az	snásazik	snásazik	snásaz	TRUE	TRUE
s	ant	aml	santamlik	santamlik	santaml	TRUE	TRUE
sk	an	arz	skanarzik	skanarzik	skanarz	TRUE	TRUE
j	ém	ek	jémekik	jémekik	jémek	TRUE	TRUE
©	ih	edz	©ihedzik	gyihedzik	©ihedz	TRUE	TRUE
¥	űr	örl	¥űrörlik	nyűrörlik	¥űrörl	TRUE	TRUE
j	urh	orz	jurhorzik	jurhorzik	jurhorz	TRUE	TRUE
d	ilm	én	dilménik	dilménik	dilmén	TRUE	TRUE
h	eΩg	éß	heΩgéßik	hezsgészik	heΩgéß	TRUE	TRUE
t	akl	áz	taklázik	taklázik	takláz	TRUE	TRUE
m	étk	epß	métkepßik	métkepszik	métkepß	TRUE	TRUE
t	iç	ek	tiçekik	ticsekik	tiçek	TRUE	TRUE
ß	ag	á¬l	ßagá¬lik	szagálylik	ßagá¬l	TRUE	TRUE
v	am	agz	vamagzik	vamagzik	vamagz	TRUE	TRUE
k	orΩ	óz	korΩózik	korzsózik	korΩóz	FALSE	TRUE
l	ar	ak	larakik	larakik	larak	TRUE	TRUE
NA	elh	érß	elhérßik	elhérszik	elhérß	TRUE	TRUE
f	uks	osl	fuksoslik	fuksoslik	fuksosl	TRUE	TRUE
c	ad	iz	cadizik	cadizik	cadiz	TRUE	TRUE
ç	ond	űdz	çondűdzik	csondűdzik	çondűdz	TRUE	TRUE
r	ürk	őz	rürkőzik	rürkőzik	rürkőz	FALSE	TRUE
n	ír	egz	níregzik	níregzik	níregz	TRUE	TRUE
k	űn	os	kűnosik	kűnosik	kűnos	TRUE	TRUE
t	int	akß	tintakßik	tintakszik	tintakß	TRUE	TRUE
sn	ár	at	snáratik	snáratik	snárat	TRUE	TRUE
c	orn	úd	cornúdik	cornúdik	cornúd	TRUE	TRUE
c	érz	erß	cérzerßik	cérzerszik	cérzerß	TRUE	TRUE
ç	í¥l	ágl	çí¥láglik	csínyláglik	çí¥lágl	TRUE	TRUE
z	ámp	ánz	zámpánzik	zámpánzik	zámpánz	TRUE	TRUE
©	ac	agß	©acagßik	gyacagszik	©acagß	TRUE	TRUE
†	űn	öd	†űnödik	tyűnödik	†űnöd	TRUE	TRUE
b	int	á¥z	bintá¥zik	bintányzik	bintá¥z	TRUE	TRUE
j	ikr	ánz	jikránzik	jikránzik	jikránz	TRUE	TRUE
bl	eh	ekß	blehekßik	blehekszik	blehekß	TRUE	TRUE
t	alk	apß	talkapßik	talkapszik	talkapß	TRUE	TRUE
bl	ajt	ád	blajtádik	blajtádik	blajtád	TRUE	TRUE
ç	emp	éz	çempézik	csempézik	çempéz	FALSE	TRUE
br	ukl	oz	bruklozik	bruklozik	brukloz	TRUE	TRUE
t	ik	at	tikatik	tikatik	tikat	TRUE	TRUE
v	eml	en	vemlenik	vemlenik	vemlen	TRUE	TRUE
t	e†	egl	te†eglik	tetyeglik	te†egl	TRUE	TRUE
h	ép	én	hépénik	hépénik	hépén	TRUE	FALSE
h	üt	üß	hütüßik	hütüszik	hütüß	TRUE	TRUE
k	ejl	iz	kejlizik	kejlizik	kejliz	TRUE	TRUE
p	ap	aml	papamlik	papamlik	papaml	TRUE	TRUE
j	alt	áΩl	jaltáΩlik	jaltázslik	jaltáΩl	TRUE	TRUE
z	iml	ajl	zimlajlik	zimlajlik	zimlajl	TRUE	TRUE
k	ét	égß	kétégßik	kétégszik	kétégß	TRUE	TRUE
sn	ezd	en	snezdenik	snezdenik	snezden	TRUE	TRUE
©	ifj	egß	©ifjegßik	gyifjegszik	©ifjegß	TRUE	TRUE
ßt	olf	úd	ßtolfúdik	sztolfúdik	ßtolfúd	TRUE	TRUE
sn	én	ed	snénedik	snénedik	snéned	TRUE	TRUE
r	of	onl	rofonlik	rofonlik	rofonl	TRUE	TRUE
ßt	oc	űz	ßtocűzik	sztocűzik	ßtocűz	TRUE	TRUE
h	a†	akß	ha†akßik	hatyakszik	ha†akß	TRUE	TRUE
NA	úk	orz	úkorzik	úkorzik	úkorz	TRUE	TRUE
ß	ámp	árz	ßámpárzik	számpárzik	ßámpárz	TRUE	TRUE
sm	ón	o¥l	smóno¥lik	smónonylik	smóno¥l	TRUE	TRUE
tr	u©	onl	tru©onlik	trugyonlik	tru©onl	TRUE	TRUE
NA	öls	örl	ölsörlik	ölsörlik	ölsörl	TRUE	TRUE
©	ótl	ódz	©ótlódzik	gyótlódzik	©ótlódz	TRUE	TRUE
Ω	ant	az	Ωantazik	zsantazik	Ωantaz	TRUE	TRUE
NA	at	ágl	atáglik	atáglik	atágl	TRUE	TRUE
pl	őzk	üß	plőzküßik	plőzküszik	plőzküß	TRUE	FALSE
m	irt	áß	mirtáßik	mirtászik	mirtáß	TRUE	FALSE
fl	av	apß	flavapßik	flavapszik	flavapß	TRUE	TRUE
p	ukd	uz	pukduzik	pukduzik	pukduz	TRUE	TRUE
ß	ud	űz	ßudűzik	szudűzik	ßudűz	TRUE	TRUE
tr	ét	ékz	trétékzik	trétékzik	trétékz	TRUE	TRUE
s	üh	üd	sühüdik	sühüdik	sühüd	TRUE	TRUE
g	ing	epß	gingepßik	gingepszik	gingepß	TRUE	TRUE
sk	ir	éß	skiréßik	skirészik	skiréß	TRUE	TRUE
d	am	ágz	damágzik	damágzik	damágz	TRUE	TRUE
sn	elç	éz	snelçézik	snelcsézik	snelçéz	TRUE	TRUE
g	őg	őrz	gőgőrzik	gőgőrzik	gőgőrz	TRUE	TRUE
p	ark	agß	parkagßik	parkagszik	parkagß	TRUE	TRUE
fl	ír	esl	flíreslik	flíreslik	flíresl	TRUE	TRUE
pl	er	egl	plereglik	plereglik	pleregl	TRUE	TRUE
z	ajt	áz	zajtázik	zajtázik	zajtáz	TRUE	TRUE
j	emp	égß	jempégßik	jempégszik	jempégß	TRUE	TRUE
m	ig	ádz	migádzik	migádzik	migádz	TRUE	FALSE
pr	ón	uz	prónuzik	prónuzik	prónuz	TRUE	TRUE
k	ig	asl	kigaslik	kigaslik	kigasl	TRUE	TRUE
r	a©	adz	ra©adzik	ragyadzik	ra©adz	TRUE	FALSE
tr	on	o¥l	trono¥lik	trononylik	trono¥l	TRUE	TRUE
Ω	iml	egz	Ωimlegzik	zsimlegzik	Ωimlegz	TRUE	TRUE
k	ágt	ádz	kágtádzik	kágtádzik	kágtádz	TRUE	TRUE
¥	emp	ékz	¥empékzik	nyempékzik	¥empékz	TRUE	TRUE
pl	eß	én	pleßénik	pleszénik	pleßén	TRUE	FALSE
z	et	érß	zetérßik	zetérszik	zetérß	TRUE	TRUE
fl	örz	üß	flörzüßik	flörzüszik	flörzüß	TRUE	TRUE
ç	arj	atl	çarjatlik	csarjatlik	çarjatl	TRUE	TRUE
sn	ib	á¥l	snibá¥lik	snibánylik	snibá¥l	TRUE	TRUE
sn	o†	űdz	sno†űdzik	snotyűdzik	sno†űdz	TRUE	TRUE
j	ágt	á¬l	jágtá¬lik	jágtálylik	jágtá¬l	TRUE	TRUE
NA	úd	ódz	údódzik	údódzik	údódz	TRUE	TRUE
f	érk	es	férkesik	férkesik	férkes	TRUE	FALSE
©	uml	ud	©umludik	gyumludik	©umlud	TRUE	TRUE
NA	irk	en	irkenik	irkenik	irken	TRUE	TRUE
j	ar	at	jaratik	jaratik	jarat	TRUE	FALSE
l	ütk	űdz	lütkűdzik	lütkűdzik	lütkűdz	TRUE	TRUE
bl	ik	eng	blikengik	blikengik	blikeng	TRUE	TRUE
ç	ult	úd	çultúdik	csultúdik	çultúd	TRUE	TRUE
ç	ih	akß	çihakßik	csihakszik	çihakß	TRUE	TRUE
pl	as	akß	plasakßik	plasakszik	plasakß	TRUE	TRUE
m	ar	árz	marárzik	marárzik	marárz	TRUE	TRUE
pr	ojt	uz	projtuzik	projtuzik	projtuz	TRUE	TRUE
pr	év	ekß	prévekßik	prévekszik	prévekß	TRUE	TRUE
pr	iç	áz	priçázik	pricsázik	priçáz	TRUE	TRUE
t	ond	űz	tondűzik	tondűzik	tondűz	TRUE	TRUE
sk	ölt	őz	sköltőzik	sköltőzik	sköltőz	TRUE	TRUE
f	érz	ek	férzekik	férzekik	férzek	TRUE	TRUE
bl	a©	amz	bla©amzik	blagyamzik	bla©amz	TRUE	TRUE
t	ér	éß	téréßik	térészik	téréß	TRUE	FALSE
j	aj	akz	jajakzik	jajakzik	jajakz	TRUE	TRUE
t	oh	úd	tohúdik	tohúdik	tohúd	TRUE	TRUE
s	ors	okl	sorsoklik	sorsoklik	sorsokl	TRUE	TRUE
Ω	uçk	orz	Ωuçkorzik	zsucskorzik	Ωuçkorz	TRUE	TRUE
b	í¥l	adz	bí¥ladzik	bínyladzik	bí¥ladz	TRUE	TRUE
r	oç	úd	roçúdik	rocsúdik	roçúd	FALSE	TRUE
m	irt	én	mirténik	mirténik	mirtén	TRUE	FALSE
b	ißt	esl	bißteslik	biszteslik	bißtesl	TRUE	TRUE
g	ul	ódz	gulódzik	gulódzik	gulódz	FALSE	TRUE
h	í¥l	ajl	hí¥lajlik	hínylajlik	hí¥lajl	TRUE	TRUE
†	ért	égß	†értégßik	tyértégszik	†értégß	TRUE	TRUE
n	iç	eng	niçengik	nicsengik	niçeng	TRUE	FALSE
¥	űv	osl	¥űvoslik	nyűvoslik	¥űvosl	TRUE	TRUE
k	ing	eml	kingemlik	kingemlik	kingeml	TRUE	TRUE
p	ag	atl	pagatlik	pagatlik	pagatl	TRUE	TRUE
ç	e¥	iz	çe¥izik	csenyizik	çe¥iz	TRUE	TRUE
c	ódl	úd	códlúdik	códlúdik	códlúd	TRUE	TRUE
p	omb	oz	pombozik	pombozik	pomboz	FALSE	TRUE
d	on	ód	donódik	donódik	donód	FALSE	TRUE
g	ind	egß	gindegßik	gindegszik	gindegß	TRUE	TRUE
b	uçk	úz	buçkúzik	bucskúzik	buçkúz	FALSE	TRUE
f	űr	óz	fűrózik	fűrózik	fűróz	TRUE	TRUE
sm	e©	éz	sme©ézik	smegyézik	sme©éz	TRUE	TRUE
h	átl	ajl	hátlajlik	hátlajlik	hátlajl	TRUE	TRUE
f	orj	ód	forjódik	forjódik	forjód	TRUE	TRUE
z	on	úz	zonúzik	zonúzik	zonúz	TRUE	TRUE
sk	aj	ánz	skajánzik	skajánzik	skajánz	TRUE	TRUE
