lemma	xpostag	corpus_size	lemma_freq	vowels	v1	v2
isten	[/N][Nom]	8570080167	3680957		i	e
játék	[/N][Nom]	8570080167	3685489		á	é
projekt	[/N][Nom]	8570080167	2236203		o	e
igény	[/N][Nom]	8570080167	3608489		i	é
hotel	[/N][Nom]	8570080167	789022		o	e
modell	[/N][Nom]	8570080167	1509359		o	e
módszer	[/N][Nom]	8570080167	2002818		ó	e
siker	[/N][Nom]	8570080167	2073384		i	e
tanév	[/N][Nom]	8570080167	668169		a	é
sziget	[/N][Nom]	8570080167	808649		i	e
hitel	[/N][Nom]	8570080167	844987		i	e
szoftver	[/N][Nom]	8570080167	653676		o	e
tanszék	[/N][Nom]	8570080167	470398		a	é
gyógyszer	[/N][Nom]	8570080167	941383		ó	e
kávé	[/N][Nom]	8570080167	519215		á	é
koncert	[/N][Nom]	8570080167	1019145		o	e
háttér	[/N][Nom]	8570080167	1176278		á	é
színész	[/N][Nom]	8570080167	551930		í	é
partner	[/N][Nom]	8570080167	1270201		a	e
liter	[/N][Nom]	8570080167	296263		i	e
hideg	[/N][Nom]	8570080167	1008241		i	e
kastély	[/N][Nom]	8570080167	320792		a	é
honvéd	[/N][Nom]	8570080167	186978		o	é
docens	[/N][Nom]	8570080167	185029		o	e
címzett	[/N][Nom]	8570080167	399772		í	e
vidék	[/N][Nom]	8570080167	607686		i	é
szándék	[/N][Nom]	8570080167	734342		á	é
húsvét	[/N][Nom]	8570080167	195283		ú	é
kábel	[/N][Nom]	8570080167	287412		á	e
ízlés	[/N][Nom]	8570080167	289642		í	é
acél	[/N][Nom]	8570080167	172196		a	é
ige	[/N][Nom]	8570080167	316559		i	e
panel	[/N][Nom]	8570080167	223571		a	e
more	[/N][Nom]	8570080167	95873		o	e
napfény	[/N][Nom]	8570080167	173388		a	é
pince	[/N][Nom]	8570080167	254704		i	e
vitéz	[/N][Nom]	8570080167	124773		i	é
illés	[/N][Nom]	8570080167	85734		i	é
kliens	[/N][Nom]	8570080167	155897		i	e
sorrend	[/N][Nom]	8570080167	422307		o	e
hardver	[/N][Nom]	8570080167	133417		a	e
címke	[/N][Nom]	8570080167	264330		í	e
blues	[/N][Nom]	8570080167	77971		u	e
balett	[/N][Nom]	8570080167	87544		a	e
pótlék	[/N][Nom]	8570080167	138201		ó	é
advent	[/N][Nom]	8570080167	81081		a	e
hangszer	[/N][Nom]	8570080167	264485		a	e
csirke	[/N][Nom]	8570080167	120186		i	e
transzfer	[/N][Nom]	8570080167	87598		a	e
jólét	[/N][Nom]	8570080167	141768		ó	é
idény	[/N][Nom]	8570080167	156030		i	é
borbély	[/N][Nom]	8570080167	59299		o	é
dízel	[/N][Nom]	8570080167	77548		í	e
liget	[/N][Nom]	8570080167	88151		i	e
turné	[/N][Nom]	8570080167	155473		u	é
szomszéd	[/N][Nom]	8570080167	463192		o	é
igen	[/N][Nom]	8570080167	4296094		i	e
marék	[/N][Nom]	8570080167	48039		a	é
sláger	[/N][Nom]	8570080167	155508		á	e
árnyék	[/N][Nom]	8570080167	251729		á	é
mise	[/N][Nom]	8570080167	119302		i	e
poén	[/N][Nom]	8570080167	131624		o	é
fitnesz	[/N][Nom]	8570080167	41560		i	e
trade	[/N][Nom]	8570080167	39554		a	e
izé	[/N][Nom]	8570080167	58397		i	é
farmer	[/N][Nom]	8570080167	82647		a	e
pincér	[/N][Nom]	8570080167	66398		i	é
inger	[/N][Nom]	8570080167	106122		i	e
licenc	[/N][Nom]	8570080167	71783		i	e
tányér	[/N][Nom]	8570080167	157436		á	é
portré	[/N][Nom]	8570080167	112006		o	é
modem	[/N][Nom]	8570080167	54652		o	e
matek	[/N][Nom]	8570080167	47606		a	e
haver	[/N][Nom]	8570080167	165801		a	e
díszlet	[/N][Nom]	8570080167	99785		í	e
mágnes	[/N][Nom]	8570080167	59860		á	e
címer	[/N][Nom]	8570080167	101235		í	e
konzerv	[/N][Nom]	8570080167	49626		o	e
hírnév	[/N][Nom]	8570080167	180022		í	é
dzsungel	[/N][Nom]	8570080167	55832		u	e
színtér	[/N][Nom]	8570080167	130254		í	é
forte	[/N][Nom]	8570080167	26098		o	e
csipke	[/N][Nom]	8570080167	46528		i	e
koktél	[/N][Nom]	8570080167	70915		o	é
szlogen	[/N][Nom]	8570080167	73259		o	e
újév	[/N][Nom]	8570080167	42118		ú	é
fillér	[/N][Nom]	8570080167	103937		i	é
konszern	[/N][Nom]	8570080167	31027		o	e
cikkely	[/N][Nom]	8570080167	48120		i	e
balhé	[/N][Nom]	8570080167	47256		a	é
pillér	[/N][Nom]	8570080167	86461		i	é
tisztség	[/N][Nom]	8570080167	167860		i	é
jókedv	[/N][Nom]	8570080167	72247		ó	e
dinnye	[/N][Nom]	8570080167	40391		i	e
pite	[/N][Nom]	8570080167	38653		i	e
poszter	[/N][Nom]	8570080167	49599		o	e
pasztell	[/N][Nom]	8570080167	22351		a	e
úttest	[/N][Nom]	8570080167	56993		ú	e
ideg	[/N][Nom]	8570080167	99469		i	e
ihlet	[/N][Nom]	8570080167	108042		i	e
ikrek	[/N][Nom]	8570080167	21612		i	e
óvszer	[/N][Nom]	8570080167	41045		ó	e
tized	[/N][Nom]	8570080167	44484		i	e
iker	[/N][Nom]	8570080167	83330		i	e
fotel	[/N][Nom]	8570080167	70961		o	e
lumen	[/N][Nom]	8570080167	19534		u	e
holttest	[/N][Nom]	8570080167	103546		o	e
póker	[/N][Nom]	8570080167	22273		ó	e
migrén	[/N][Nom]	8570080167	26342		i	é
filter	[/N][Nom]	8570080167	28881		i	e
tájkép	[/N][Nom]	8570080167	40998		á	é
kvartett	[/N][Nom]	8570080167	26413		a	e
bróker	[/N][Nom]	8570080167	27705		ó	e
bojler	[/N][Nom]	8570080167	25309		o	e
hímzés	[/N][Nom]	8570080167	36692		í	é
bohém	[/N][Nom]	8570080167	24956		o	é
számjegy	[/N][Nom]	8570080167	52798		á	e
nonszensz	[/N][Nom]	8570080167	16551		o	e
páncél	[/N][Nom]	8570080167	48853		á	é
hadtest	[/N][Nom]	8570080167	24591		a	e
jogrend	[/N][Nom]	8570080167	33941		o	e
makett	[/N][Nom]	8570080167	42231		a	e
skanzen	[/N][Nom]	8570080167	26458		a	e
lábfej	[/N][Nom]	8570080167	49429		á	e
sprinter	[/N][Nom]	8570080167	16058		i	e
tápszer	[/N][Nom]	8570080167	41980		á	e
puffer	[/N][Nom]	8570080167	21029		u	e
szovjet	[/N][Nom]	8570080167	340921		o	e
roller	[/N][Nom]	8570080167	22986		o	e
lakbér	[/N][Nom]	8570080167	31978		a	é
kráter	[/N][Nom]	8570080167	30791		á	e
nikkel	[/N][Nom]	8570080167	14914		i	e
hangnem	[/N][Nom]	8570080167	59986		a	e
szirtes	[/N][Nom]	8570080167	13066		i	e
színes	[/N][Nom]	8570080167	758239		í	e
fráter	[/N][Nom]	8570080167	13052		á	e
kisded	[/N][Nom]	8570080167	21499		i	e
pigment	[/N][Nom]	8570080167	28375		i	e
hátvéd	[/N][Nom]	8570080167	23893		á	é
fazék	[/N][Nom]	8570080167	47132		a	é
duett	[/N][Nom]	8570080167	25938		u	e
csípés	[/N][Nom]	8570080167	30293		í	é
pollen	[/N][Nom]	8570080167	29350		o	e
trapéz	[/N][Nom]	8570080167	13414		a	é
jade	[/N][Nom]	8570080167	10622		a	e
vice	[/N][Nom]	8570080167	10703		i	e
rubel	[/N][Nom]	8570080167	19855		u	e
kupé	[/N][Nom]	8570080167	18636		u	é
ínyenc	[/N][Nom]	8570080167	28788		í	e
púder	[/N][Nom]	8570080167	19636		ú	e
arzén	[/N][Nom]	8570080167	14384		a	é
babér	[/N][Nom]	8570080167	32310		a	é
hóhér	[/N][Nom]	8570080167	21404		ó	é
mater	[/N][Nom]	8570080167	16610		a	e
sírhely	[/N][Nom]	8570080167	29147		í	e
csipesz	[/N][Nom]	8570080167	24337		i	e
jóllét	[/N][Nom]	8570080167	24237		ó	é
szatén	[/N][Nom]	8570080167	10585		a	é
bankjegy	[/N][Nom]	8570080167	40966		a	e
motel	[/N][Nom]	8570080167	13960		o	e
bunker	[/N][Nom]	8570080167	25691		u	e
stopper	[/N][Nom]	8570080167	12525		o	e
patent	[/N][Nom]	8570080167	16682		a	e
mindszent	[/N][Nom]	8570080167	12843		i	e
páter	[/N][Nom]	8570080167	9880		á	e
bokszer	[/N][Nom]	8570080167	15005		o	e
konvent	[/N][Nom]	8570080167	11736		o	e
psziché	[/N][Nom]	8570080167	18711		i	é
inert	[/N][Nom]	8570080167	7934		i	e
fater	[/N][Nom]	8570080167	15751		a	e
tandem	[/N][Nom]	8570080167	10068		a	e
visszér	[/N][Nom]	8570080167	18515		i	é
címzés	[/N][Nom]	8570080167	14873		í	é
porszem	[/N][Nom]	8570080167	15584		o	e
arckrém	[/N][Nom]	8570080167	19096		a	é
szószék	[/N][Nom]	8570080167	20410		ó	é
csipkés	[/N][Nom]	8570080167	16269		i	é
drukker	[/N][Nom]	8570080167	34067		u	e
gallér	[/N][Nom]	8570080167	22860		a	é
sumer	[/N][Nom]	8570080167	9716		u	e
klisé	[/N][Nom]	8570080167	33849		i	é
maszek	[/N][Nom]	8570080167	9770		a	e
ágens	[/N][Nom]	8570080167	17621		á	e
balek	[/N][Nom]	8570080167	13062		a	e
nagyhét	[/N][Nom]	8570080167	9994		a	é
lóvé	[/N][Nom]	8570080167	17419		ó	é
káté	[/N][Nom]	8570080167	9443		á	é
álnév	[/N][Nom]	8570080167	36117		á	é
azbeszt	[/N][Nom]	8570080167	9640		a	e
printer	[/N][Nom]	8570080167	9284		i	e
hajlék	[/N][Nom]	8570080167	26680		a	é
kartell	[/N][Nom]	8570080167	13348		a	e
ziccer	[/N][Nom]	8570080167	39409		i	e
zsáner	[/N][Nom]	8570080167	16709		á	e
cipész	[/N][Nom]	8570080167	9904		i	é
raktér	[/N][Nom]	8570080167	18378		a	é
doppler	[/N][Nom]	8570080167	6416		o	e
csibe	[/N][Nom]	8570080167	16610		i	e
tallér	[/N][Nom]	8570080167	13055		a	é
gólem	[/N][Nom]	8570080167	7937		ó	e
assembly	[/N][Nom]	8570080167	6647		a	e
intés	[/N][Nom]	8570080167	19686		i	é
fivér	[/N][Nom]	8570080167	48776		i	é
pille	[/N][Nom]	8570080167	12772		i	e
limes	[/N][Nom]	8570080167	6664		i	e
bódé	[/N][Nom]	8570080167	19085		ó	é
suszter	[/N][Nom]	8570080167	6878		u	e
illem	[/N][Nom]	8570080167	9096		i	e
arckép	[/N][Nom]	8570080167	37723		a	é
rulett	[/N][Nom]	8570080167	8587		u	e
ismérv	[/N][Nom]	8570080167	52292		i	é
amper	[/N][Nom]	8570080167	8498		a	e
szolfézs	[/N][Nom]	8570080167	7287		o	é
brikett	[/N][Nom]	8570080167	9055		i	e
fittség	[/N][Nom]	8570080167	11643		i	é
grófné	[/N][Nom]	8570080167	6683		ó	é
látkép	[/N][Nom]	8570080167	23572		á	é
ankét	[/N][Nom]	8570080167	10005		a	é
ártér	[/N][Nom]	8570080167	21922		á	é
plakett	[/N][Nom]	8570080167	13783		a	e
lisztes	[/N][Nom]	8570080167	25419		i	e
ofszet	[/N][Nom]	8570080167	4953		o	e
spíler	[/N][Nom]	8570080167	6361		í	e
bicepsz	[/N][Nom]	8570080167	9891		i	e
pihe	[/N][Nom]	8570080167	8154		i	e
zsindely	[/N][Nom]	8570080167	8066		i	e
lidérc	[/N][Nom]	8570080167	10267		i	é
csibész	[/N][Nom]	8570080167	7476		i	é
óév	[/N][Nom]	8570080167	8923		ó	é
sóder	[/N][Nom]	8570080167	8264		ó	e
hátszél	[/N][Nom]	8570080167	13211		á	é
bukfenc	[/N][Nom]	8570080167	9197		u	e
bankett	[/N][Nom]	8570080167	10704		a	e
kiskert	[/N][Nom]	8570080167	21570		i	e
balfék	[/N][Nom]	8570080167	4514		a	é
kókler	[/N][Nom]	8570080167	7297		ó	e
filé	[/N][Nom]	8570080167	8831		i	é
színhely	[/N][Nom]	8570080167	58959		í	e
tájék	[/N][Nom]	8570080167	44920		á	é
rosszkedv	[/N][Nom]	8570080167	9853		o	e
bidé	[/N][Nom]	8570080167	8532		i	é
kisgép	[/N][Nom]	8570080167	16077		i	é
ómen	[/N][Nom]	8570080167	5118		ó	e
szonett	[/N][Nom]	8570080167	11142		o	e
szike	[/N][Nom]	8570080167	8844		i	e
notesz	[/N][Nom]	8570080167	13921		o	e
ámen	[/N][Nom]	8570080167	5773		á	e
láger	[/N][Nom]	8570080167	14977		á	e
zsanér	[/N][Nom]	8570080167	11691		a	é
szórend	[/N][Nom]	8570080167	6743		ó	e
szocdem	[/N][Nom]	8570080167	8282		o	e
abbé	[/N][Nom]	8570080167	4294		a	é
totem	[/N][Nom]	8570080167	6244		o	e
bakter	[/N][Nom]	8570080167	4460		a	e
vízjel	[/N][Nom]	8570080167	7767		í	e
jótett	[/N][Nom]	8570080167	11180		ó	e
jáde	[/N][Nom]	8570080167	3687		á	e
drazsé	[/N][Nom]	8570080167	6062		a	é
ínség	[/N][Nom]	8570080167	7545		í	é
rideg	[/N][Nom]	8570080167	53470		i	e
kadét	[/N][Nom]	8570080167	6328		a	é
szirén	[/N][Nom]	8570080167	7291		i	é
tróger	[/N][Nom]	8570080167	4410		ó	e
omlett	[/N][Nom]	8570080167	7297		o	e
tyúkszem	[/N][Nom]	8570080167	6739		ú	e
góbé	[/N][Nom]	8570080167	3747		ó	é
hárem	[/N][Nom]	8570080167	9328		á	e
furnér	[/N][Nom]	8570080167	4847		u	é
koffer	[/N][Nom]	8570080167	7809		o	e
okker	[/N][Nom]	8570080167	3652		o	e
sikér	[/N][Nom]	8570080167	4499		i	é
bige	[/N][Nom]	8570080167	3524		i	e
góré	[/N][Nom]	8570080167	4664		ó	é
zártkert	[/N][Nom]	8570080167	7564		á	e
moment	[/N][Nom]	8570080167	3393		o	e
siller	[/N][Nom]	8570080167	3888		i	e
cinke	[/N][Nom]	8570080167	5940		i	e
kópé	[/N][Nom]	8570080167	3625		ó	é
flipper	[/N][Nom]	8570080167	4324		i	e
zsoké	[/N][Nom]	8570080167	4931		o	é
kvintett	[/N][Nom]	8570080167	4971		i	e
affér	[/N][Nom]	8570080167	7332		a	é
moped	[/N][Nom]	8570080167	6981		o	e
nyakék	[/N][Nom]	8570080167	6996		a	é
vakbél	[/N][Nom]	8570080167	5746		a	é
rosseb	[/N][Nom]	8570080167	3544		o	e
tanrend	[/N][Nom]	8570080167	9119		a	e
karéj	[/N][Nom]	8570080167	6812		a	é
burleszk	[/N][Nom]	8570080167	3962		u	e
raszter	[/N][Nom]	8570080167	4403		a	e
sparhelt	[/N][Nom]	8570080167	4765		a	e
mundér	[/N][Nom]	8570080167	4030		u	é
sportszer	[/N][Nom]	8570080167	8627		o	e
moslék	[/N][Nom]	8570080167	6690		o	é
latens	[/N][Nom]	8570080167	2653		a	e
parkett	[/N][Nom]	8570080167	12893		a	e
sízés	[/N][Nom]	8570080167	4671		í	é
ipse	[/N][Nom]	8570080167	3147		i	e
gyógyhely	[/N][Nom]	8570080167	6574		ó	e
pikkely	[/N][Nom]	8570080167	13498		i	e
jótét	[/N][Nom]	8570080167	2446		ó	é
gikszer	[/N][Nom]	8570080167	3202		i	e
figyel	[/N][Nom]	8570080167	1694001		i	e
pórnép	[/N][Nom]	8570080167	3666		ó	é
ágyék	[/N][Nom]	8570080167	11658		á	é
címlet	[/N][Nom]	8570080167	10831		í	e
káder	[/N][Nom]	8570080167	8956		á	e
ádvent	[/N][Nom]	8570080167	2839		á	e
zsineg	[/N][Nom]	8570080167	8626		i	e
minden	[/N][Nom]	8570080167	20521985		i	e
rostély	[/N][Nom]	8570080167	5117		o	é
fortély	[/N][Nom]	8570080167	36537		o	é
dózse	[/N][Nom]	8570080167	2736		ó	e
díszkert	[/N][Nom]	8570080167	6122		í	e
nigger	[/N][Nom]	8570080167	3617		i	e
krikett	[/N][Nom]	8570080167	2618		i	e
kampec	[/N][Nom]	8570080167	1979		a	e
barter	[/N][Nom]	8570080167	2631		a	e
színkép	[/N][Nom]	8570080167	7172		í	é
maté	[/N][Nom]	8570080167	2574		a	é
vicces	[/N][Nom]	8570080167	352521		i	e
díler	[/N][Nom]	8570080167	5897		í	e
tizen	[/N][Nom]	8570080167	3360		i	e
kondér	[/N][Nom]	8570080167	6000		o	é
siket	[/N][Nom]	8570080167	33271		i	e
sólet	[/N][Nom]	8570080167	3255		ó	e
ide	[/N][Nom]	8570080167	1613227		i	e
láprét	[/N][Nom]	8570080167	5139		á	é
hites	[/N][Nom]	8570080167	5509		i	e
csapszeg	[/N][Nom]	8570080167	3472		a	e
szpíker	[/N][Nom]	8570080167	2555		í	e
mutter	[/N][Nom]	8570080167	2225		u	e
piszke	[/N][Nom]	8570080167	2421		i	e
borsszem	[/N][Nom]	8570080167	2209		o	e
vitel	[/N][Nom]	8570080167	26445		i	e
flanel	[/N][Nom]	8570080167	1947		a	e
lágyék	[/N][Nom]	8570080167	5520		á	é
zuhé	[/N][Nom]	8570080167	2355		u	é
malter	[/N][Nom]	8570080167	3492		a	e
barrel	[/N][Nom]	8570080167	1662		a	e
pribék	[/N][Nom]	8570080167	5248		i	é
kupec	[/N][Nom]	8570080167	2393		u	e
giccses	[/N][Nom]	8570080167	17437		i	e
cincér	[/N][Nom]	8570080167	2214		i	é
macher	[/N][Nom]	8570080167	1519		a	e
korner	[/N][Nom]	8570080167	2850		o	e
dózer	[/N][Nom]	8570080167	2635		ó	e
gané	[/N][Nom]	8570080167	2447		a	é
brojler	[/N][Nom]	8570080167	1774		o	e
sintér	[/N][Nom]	8570080167	2431		i	é
hangjegy	[/N][Nom]	8570080167	7248		a	e
pátens	[/N][Nom]	8570080167	2649		á	e
rajthely	[/N][Nom]	8570080167	7079		a	e
svindler	[/N][Nom]	8570080167	2058		i	e
klinker	[/N][Nom]	8570080167	1741		i	e
bibe	[/N][Nom]	8570080167	4544		i	e
gaztett	[/N][Nom]	8570080167	7728		a	e
muter	[/N][Nom]	8570080167	2713		u	e
dicsfény	[/N][Nom]	8570080167	4792		i	é
pamflet	[/N][Nom]	8570080167	4742		a	e
hitves	[/N][Nom]	8570080167	15345		i	e
balkéz	[/N][Nom]	8570080167	4510		a	é
bordély	[/N][Nom]	8570080167	5402		o	é
nyílhegy	[/N][Nom]	8570080167	3629		í	e
modern	[/N][Nom]	8570080167	1359168		o	e
valcer	[/N][Nom]	8570080167	1940		a	e
miért	[/N][Nom]	8570080167	3636983		i	é
csuhé	[/N][Nom]	8570080167	2575		u	é
plotter	[/N][Nom]	8570080167	2043		o	e
szubrett	[/N][Nom]	8570080167	1891		u	e
víztér	[/N][Nom]	8570080167	5657		í	é
ziher	[/N][Nom]	8570080167	1239		i	e
csipet	[/N][Nom]	8570080167	2136		i	e
pliszé	[/N][Nom]	8570080167	1432		i	é
intéz	[/N][Nom]	8570080167	258735		i	é
ciszter	[/N][Nom]	8570080167	1839		i	e
ittlét	[/N][Nom]	8570080167	9498		i	é
hajszesz	[/N][Nom]	8570080167	2384		a	e
parfé	[/N][Nom]	8570080167	2236		a	é
szókép	[/N][Nom]	8570080167	5263		ó	é
macesz	[/N][Nom]	8570080167	2035		a	e
csille	[/N][Nom]	8570080167	3428		i	e
krapek	[/N][Nom]	8570080167	1655		a	e
pallér	[/N][Nom]	8570080167	1538		a	é
háznép	[/N][Nom]	8570080167	3572		á	é
mákszem	[/N][Nom]	8570080167	2781		á	e
szkinhed	[/N][Nom]	8570080167	2235		i	e
dodzsem	[/N][Nom]	8570080167	1848		o	e
morze	[/N][Nom]	8570080167	1246		o	e
stukker	[/N][Nom]	8570080167	2693		u	e
vátesz	[/N][Nom]	8570080167	2163		á	e
ottlét	[/N][Nom]	8570080167	10934		o	é
diner	[/N][Nom]	8570080167	1364		i	e
diszkrét	[/N][Nom]	8570080167	80793		i	é
krokett	[/N][Nom]	8570080167	3075		o	e
falrész	[/N][Nom]	8570080167	3469		a	é
tajték	[/N][Nom]	8570080167	2824		a	é
flitter	[/N][Nom]	8570080167	5884		i	e
tangens	[/N][Nom]	8570080167	1382		a	e
málé	[/N][Nom]	8570080167	1835		á	é
pityke	[/N][Nom]	8570080167	1361		i	e
icce	[/N][Nom]	8570080167	1183		i	e
kopek	[/N][Nom]	8570080167	1166		o	e
bovden	[/N][Nom]	8570080167	1970		o	e
vállrész	[/N][Nom]	8570080167	3080		á	é
húslé	[/N][Nom]	8570080167	3178		ú	é
házhely	[/N][Nom]	8570080167	4361		á	e
táncrend	[/N][Nom]	8570080167	2687		á	e
lile	[/N][Nom]	8570080167	1281		i	e
paréj	[/N][Nom]	8570080167	1045		a	é
junker	[/N][Nom]	8570080167	1227		u	e
korvett	[/N][Nom]	8570080167	1733		o	e
tripper	[/N][Nom]	8570080167	1471		i	e
arcél	[/N][Nom]	8570080167	4519		a	é
víkend	[/N][Nom]	8570080167	1645		í	e
kordé	[/N][Nom]	8570080167	2678		o	é
flaszter	[/N][Nom]	8570080167	2419		a	e
pakett	[/N][Nom]	8570080167	2400		a	e
lupe	[/N][Nom]	8570080167	1393		u	e
kuplé	[/N][Nom]	8570080167	2887		u	é
parte	[/N][Nom]	8570080167	838		a	e
passzé	[/N][Nom]	8570080167	1464		a	é
billeg	[/N][Nom]	8570080167	12527		i	e
trapper	[/N][Nom]	8570080167	958		a	e
manézs	[/N][Nom]	8570080167	1722		a	é
smasszer	[/N][Nom]	8570080167	1467		a	e
gácsér	[/N][Nom]	8570080167	1244		á	é
filmes	[/N][Nom]	8570080167	155979		i	e
szajré	[/N][Nom]	8570080167	2246		a	é
allé	[/N][Nom]	8570080167	1543		a	é
tippel	[/N][Nom]	8570080167	62045		i	e
sikkes	[/N][Nom]	8570080167	8553		i	e
ujjhegy	[/N][Nom]	8570080167	4305		u	e
jampec	[/N][Nom]	8570080167	1214		a	e
poszméh	[/N][Nom]	8570080167	2227		o	é
inzert	[/N][Nom]	8570080167	1745		i	e
karter	[/N][Nom]	8570080167	1181		a	e
taréj	[/N][Nom]	8570080167	1826		a	é
traverz	[/N][Nom]	8570080167	1380		a	e
finesz	[/N][Nom]	8570080167	1088		i	e
fragment	[/N][Nom]	8570080167	1051		a	e
alvég	[/N][Nom]	8570080167	1626		a	é
bólé	[/N][Nom]	8570080167	1632		ó	é
pajesz	[/N][Nom]	8570080167	1346		a	e
majré	[/N][Nom]	8570080167	729		a	é
altest	[/N][Nom]	8570080167	2695		a	e
kortes	[/N][Nom]	8570080167	1171		o	e
illet	[/N][Nom]	8570080167	555266		i	e
kukker	[/N][Nom]	8570080167	1077		u	e
pótszer	[/N][Nom]	8570080167	2688		ó	e
kisszék	[/N][Nom]	8570080167	2447		i	é
tollhegy	[/N][Nom]	8570080167	1736		o	e
ajvé	[/N][Nom]	8570080167	599		a	é
csapszék	[/N][Nom]	8570080167	1650		a	é
purdé	[/N][Nom]	8570080167	1374		u	é
zsombék	[/N][Nom]	8570080167	1863		o	é
nyughely	[/N][Nom]	8570080167	19105		u	e
buké	[/N][Nom]	8570080167	2370		u	é
kvártély	[/N][Nom]	8570080167	1673		á	é
ujjperc	[/N][Nom]	8570080167	3696		u	e
zárnyelv	[/N][Nom]	8570080167	1049		á	e
árnykép	[/N][Nom]	8570080167	2670		á	é
flóbert	[/N][Nom]	8570080167	567		ó	e
szárrész	[/N][Nom]	8570080167	1954		á	é
tisztelt	[/N][Nom]	8570080167	880109		i	e
szárnyvég	[/N][Nom]	8570080167	2319		á	é
csiger	[/N][Nom]	8570080167	666		i	e
sajmeggy	[/N][Nom]	8570080167	549		a	e
piké	[/N][Nom]	8570080167	540		i	é
vigéc	[/N][Nom]	8570080167	885		i	é
ganéj	[/N][Nom]	8570080167	947		a	é
sakter	[/N][Nom]	8570080167	814		a	e
sábesz	[/N][Nom]	8570080167	745		á	e
amely	[/N][Nom]	8570080167	31099482		a	e
tikett	[/N][Nom]	8570080167	1514		i	e
hangrés	[/N][Nom]	8570080167	696		a	é
doyen	[/N][Nom]	8570080167	4289		o	e
bifsztek	[/N][Nom]	8570080167	758		i	e
spiné	[/N][Nom]	8570080167	709		i	é
srapnel	[/N][Nom]	8570080167	877		a	e
tisztes	[/N][Nom]	8570080167	39538		i	e
triplett	[/N][Nom]	8570080167	526		i	e
samesz	[/N][Nom]	8570080167	2511		a	e
máter	[/N][Nom]	8570080167	613		á	e
borszesz	[/N][Nom]	8570080167	729		o	e
pihés	[/N][Nom]	8570080167	1499		i	é
torzkép	[/N][Nom]	8570080167	1951		o	é
szilke	[/N][Nom]	8570080167	1192		i	e
bagger	[/N][Nom]	8570080167	426		a	e
zsilett	[/N][Nom]	8570080167	608		i	e
klozet	[/N][Nom]	8570080167	993		o	e
ismer	[/N][Nom]	8570080167	3638636		i	e
vamzer	[/N][Nom]	8570080167	516		a	e
visznek	[/N][Nom]	8570080167	455		i	e
bricsesz	[/N][Nom]	8570080167	505		i	e
zacsek	[/N][Nom]	8570080167	392		a	e
hintés	[/N][Nom]	8570080167	791		i	é
pszichés	[/N][Nom]	8570080167	99529		i	é
falzett	[/N][Nom]	8570080167	591		a	e
zsiger	[/N][Nom]	8570080167	18963		i	e
dzsóker	[/N][Nom]	8570080167	572		ó	e
parszek	[/N][Nom]	8570080167	482		a	e
pluszjel	[/N][Nom]	8570080167	633		u	e
sparherd	[/N][Nom]	8570080167	458		a	e
ingyen	[/N][Nom]	8570080167	416439		i	e
ugye	[/N][Nom]	8570080167	863702		u	e
visszfény	[/N][Nom]	8570080167	3213		i	é
ájer	[/N][Nom]	8570080167	465		á	e
pótszék	[/N][Nom]	8570080167	1676		ó	é
csonthéj	[/N][Nom]	8570080167	898		o	é
útszél	[/N][Nom]	8570080167	5214		ú	é
foszgén	[/N][Nom]	8570080167	391		o	é
lapszél	[/N][Nom]	8570080167	1456		a	é
buklé	[/N][Nom]	8570080167	280		u	é
zsakett	[/N][Nom]	8570080167	787		a	e
sasszé	[/N][Nom]	8570080167	496		a	é
jóshely	[/N][Nom]	8570080167	710		ó	e
cvikker	[/N][Nom]	8570080167	574		i	e
sasszeg	[/N][Nom]	8570080167	522		a	e
hitelv	[/N][Nom]	8570080167	4787		i	e
hanem	[/N][Nom]	8570080167	7447795		a	e
szuszék	[/N][Nom]	8570080167	488		u	é
halenyv	[/N][Nom]	8570080167	322		a	e
alrend	[/N][Nom]	8570080167	1161		a	e
kóter	[/N][Nom]	8570080167	752		ó	e
zsorzsett	[/N][Nom]	8570080167	284		o	e
móres	[/N][Nom]	8570080167	2873		ó	e
gukker	[/N][Nom]	8570080167	381		u	e
kiskés	[/N][Nom]	8570080167	741		i	é
fogdmeg	[/N][Nom]	8570080167	944		o	e
faszesz	[/N][Nom]	8570080167	294		a	e
luesz	[/N][Nom]	8570080167	247		u	e
konkrét	[/N][Nom]	8570080167	915418		o	é
alrész	[/N][Nom]	8570080167	638		a	é
princessz	[/N][Nom]	8570080167	228		i	e
díszes	[/N][Nom]	8570080167	72229		í	e
fuser	[/N][Nom]	8570080167	220		u	e
siet	[/N][Nom]	8570080167	239126		i	e
csúfnév	[/N][Nom]	8570080167	1267		ú	é
ívfény	[/N][Nom]	8570080167	311		í	é
lábfék	[/N][Nom]	8570080167	336		á	é
handlé	[/N][Nom]	8570080167	411		a	é
lifeg	[/N][Nom]	8570080167	1140		i	e
hogylét	[/N][Nom]	8570080167	4360		o	é
trimer	[/N][Nom]	8570080167	314		i	e
mivel	[/N][Nom]	8570080167	4735895		i	e
nyíres	[/N][Nom]	8570080167	653		í	e
sparhert	[/N][Nom]	8570080167	373		a	e
vízjegy	[/N][Nom]	8570080167	455		í	e
rajzszeg	[/N][Nom]	8570080167	498		a	e
grippe	[/N][Nom]	8570080167	209		i	e
linkség	[/N][Nom]	8570080167	427		i	é
hiszen	[/N][Nom]	8570080167	5253718		i	e
spriccer	[/N][Nom]	8570080167	426		i	e
barchesz	[/N][Nom]	8570080167	348		a	e
vizes	[/N][Nom]	8570080167	252656		i	e
limesz	[/N][Nom]	8570080167	364		i	e
hívés	[/N][Nom]	8570080167	297		í	é
kordély	[/N][Nom]	8570080167	329		o	é
transzekt	[/N][Nom]	8570080167	252		a	e
hirdet	[/N][Nom]	8570080167	748798		i	e
halkés	[/N][Nom]	8570080167	304		a	é
lóden	[/N][Nom]	8570080167	235		ó	e
dublé	[/N][Nom]	8570080167	201		u	é
szolvens	[/N][Nom]	8570080167	210		o	e
innen	[/N][Nom]	8570080167	775227		i	e
kuffer	[/N][Nom]	8570080167	365		u	e
dublett	[/N][Nom]	8570080167	249		u	e
hordszék	[/N][Nom]	8570080167	814		o	é
húslégy	[/N][Nom]	8570080167	190		ú	é
skribler	[/N][Nom]	8570080167	293		i	e
bóher	[/N][Nom]	8570080167	167		ó	e
tapper	[/N][Nom]	8570080167	412		a	e
brúder	[/N][Nom]	8570080167	138		ú	e
majszter	[/N][Nom]	8570080167	137		a	e
vitte	[/N][Nom]	8570080167	185		i	e
majrés	[/N][Nom]	8570080167	185		a	é
zártszék	[/N][Nom]	8570080167	240		á	é
hittél	[/N][Nom]	8570080167	226		i	é
nyugszék	[/N][Nom]	8570080167	286		u	é
kotlett	[/N][Nom]	8570080167	184		o	e
szuper	[/N][Nom]	8570080167	443862		u	e
vivés	[/N][Nom]	8570080167	239		i	é
dádé	[/N][Nom]	8570080167	139		á	é
halef	[/N][Nom]	8570080167	150		a	e
pingel	[/N][Nom]	8570080167	869		i	e
párvers	[/N][Nom]	8570080167	410		á	e
díner	[/N][Nom]	8570080167	107		í	e
ilyen	[/N][Nom]	8570080167	7755453		i	e
primer	[/N][Nom]	8570080167	61948		i	e
milyen	[/N][Nom]	8570080167	5391526		i	e
ívrét	[/N][Nom]	8570080167	112		í	é
balhés	[/N][Nom]	8570080167	4482		a	é
polje	[/N][Nom]	8570080167	146		o	e
tikszem	[/N][Nom]	8570080167	110		i	e
komplett	[/N][Nom]	8570080167	189727		o	e
gatyesz	[/N][Nom]	8570080167	222		a	e
prakker	[/N][Nom]	8570080167	203		a	e
subler	[/N][Nom]	8570080167	184		u	e
ingmell	[/N][Nom]	8570080167	276		i	e
sose	[/N][Nom]	8570080167	203649		o	e
dicsér	[/N][Nom]	8570080167	142617		i	é
ismert	[/N][Nom]	8570080167	1869977		i	e
klapec	[/N][Nom]	8570080167	99		a	e
karcer	[/N][Nom]	8570080167	215		a	e
faszeg	[/N][Nom]	8570080167	381		a	e
síber	[/N][Nom]	8570080167	113		í	e
hiszem	[/N][Nom]	8570080167	4533		i	e
alszél	[/N][Nom]	8570080167	75		a	é
kilét	[/N][Nom]	8570080167	44885		i	é
passzent	[/N][Nom]	8570080167	64		a	e
propén	[/N][Nom]	8570080167	59		o	é
buzér	[/N][Nom]	8570080167	77		u	é
szurdék	[/N][Nom]	8570080167	148		u	é
bármely	[/N][Nom]	8570080167	884220		á	e
finnség	[/N][Nom]	8570080167	116		i	é
nincsen	[/N][Nom]	8570080167	1131		i	e
mindegy	[/N][Nom]	8570080167	630003		i	e
ranett	[/N][Nom]	8570080167	46		a	e
britség	[/N][Nom]	8570080167	95		i	é
tárgykép	[/N][Nom]	8570080167	164		á	é
kilenc	[/N][Nom]	8570080167	476496		i	e
borzeb	[/N][Nom]	8570080167	92		o	e
szupé	[/N][Nom]	8570080167	73		u	é
alfél	[/N][Nom]	8570080167	1612		a	é
fizet	[/N][Nom]	8570080167	1760611		i	e
hitte	[/N][Nom]	8570080167	87		i	e
hábé	[/N][Nom]	8570080167	86		á	é
rakett	[/N][Nom]	8570080167	71		a	e
hollét	[/N][Nom]	8570080167	10945		o	é
mindez	[/N][Nom]	8570080167	2026549		i	e
sztringet	[/N][Nom]	8570080167	31		i	e
visel	[/N][Nom]	8570080167	848951		i	e
alél	[/N][Nom]	8570080167	1312		a	é
csáté	[/N][Nom]	8570080167	37		á	é
címkéz	[/N][Nom]	8570080167	11055		í	é
rosszpénz	[/N][Nom]	8570080167	74		o	é
barhent	[/N][Nom]	8570080167	46		a	e
carte	[/N][Nom]	8570080167	17110		a	e
sásrét	[/N][Nom]	8570080167	167		á	é
álérv	[/N][Nom]	8570080167	129		á	é
bibés	[/N][Nom]	8570080167	57		i	é
hátrébb	[/N][Nom]	8570080167	31950		á	é
liheg	[/N][Nom]	8570080167	25557		i	e
gúnykép	[/N][Nom]	8570080167	145		ú	é
fustély	[/N][Nom]	8570080167	111		u	é
idén	[/N][Nom]	8570080167	2277496		i	é
konfekt	[/N][Nom]	8570080167	43		o	e
dimbes	[/N][Nom]	8570080167	382		i	e
pihen	[/N][Nom]	8570080167	378745		i	e
taszter	[/N][Nom]	8570080167	62		a	e
girbe	[/N][Nom]	8570080167	28		i	e
gyorsfény	[/N][Nom]	8570080167	43		o	é
stilét	[/N][Nom]	8570080167	20		i	é
tábesz	[/N][Nom]	8570080167	24		á	e
ítél	[/N][Nom]	8570080167	562725		í	é
klistély	[/N][Nom]	8570080167	33		i	é
ismét	[/N][Nom]	8570080167	1903839		i	é
kábé	[/N][Nom]	8570080167	37866		á	é
majdnem	[/N][Nom]	8570080167	816740		a	e
mihelyt	[/N][Nom]	8570080167	44949		i	e
nyílttér	[/N][Nom]	8570080167	60		í	é
stiches	[/N][Nom]	8570080167	48		i	e
túlél	[/N][Nom]	8570080167	148218		ú	é
kísér	[/N][Nom]	8570080167	507228		í	é
spicces	[/N][Nom]	8570080167	2337		i	e
tápnedv	[/N][Nom]	8570080167	57		á	e
adresz	[/N][Nom]	8570080167	28		a	e
címfej	[/N][Nom]	8570080167	53		í	e
hogyne	[/N][Nom]	8570080167	36013		o	e
izgés	[/N][Nom]	8570080167	27		i	é
másrészt	[/N][Nom]	8570080167	669392		á	é
ordré	[/N][Nom]	8570080167	41		o	é
paccer	[/N][Nom]	8570080167	19		a	e
sprayket	[/N][Nom]	8570080167	25		a	e
viccel	[/N][Nom]	8570080167	34359		i	e
bukés	[/N][Nom]	8570080167	40		u	é
grippés	[/N][Nom]	8570080167	18		i	é
illeszt	[/N][Nom]	8570080167	100385		i	e
minél	[/N][Nom]	8570080167	1593564		i	é
tisztel	[/N][Nom]	8570080167	255684		i	e
itten	[/N][Nom]	8570080167	25758		i	e
norvég	[/N][Nom]	8570080167	151508		o	é
szinte	[/N][Nom]	8570080167	2925013		i	e
azért	[/N][Nom]	8570080167	4710658		a	é
kiesz	[/N][Nom]	8570080167	576		i	e
pláne	[/N][Nom]	8570080167	228752		á	e
pucér	[/N][Nom]	8570080167	15348		u	é
szlovén	[/N][Nom]	8570080167	111340		o	é
szíves	[/N][Nom]	8570080167	284562		í	e
ívelt	[/N][Nom]	8570080167	39456		í	e
sziszeg	[/N][Nom]	8570080167	10818		i	e
tízes	[/N][Nom]	8570080167	35203		í	e
idéz	[/N][Nom]	8570080167	722464		i	é
minket	[/N][Nom]	8570080167	24		i	e
színez	[/N][Nom]	8570080167	54715		í	e
cosec	[/N][Nom]	8570080167	5		o	e
címez	[/N][Nom]	8570080167	34685		í	e
direkt	[/N][Nom]	8570080167	236943		i	e
fasé	[/N][Nom]	8570080167	47		a	é
kacér	[/N][Nom]	8570080167	9428		a	é
kissé	[/N][Nom]	8570080167	760152		i	é
rajzszer	[/N][Nom]	8570080167	68		a	e
viszket	[/N][Nom]	8570080167	28233		i	e
vizel	[/N][Nom]	8570080167	8565		i	e
ígér	[/N][Nom]	8570080167	411716		í	é
cipel	[/N][Nom]	8570080167	81540		i	e
csipkéz	[/N][Nom]	8570080167	664		i	é
másfél	[/N][Nom]	8570080167	498611		á	é
mívelt	[/N][Nom]	8570080167	872		í	e
nagyrészt	[/N][Nom]	8570080167	156613		a	é
piheg	[/N][Nom]	8570080167	6142		i	e
pisze	[/N][Nom]	8570080167	2961		i	e
pocsék	[/N][Nom]	8570080167	41340		o	é
sosem	[/N][Nom]	8570080167	800530		o	e
spájszer	[/N][Nom]	8570080167	18		á	e
sztringgé	[/N][Nom]	8570080167	4		i	é
csipked	[/N][Nom]	8570080167	6917		i	e
groteszk	[/N][Nom]	8570080167	42349		o	e
ijeszt	[/N][Nom]	8570080167	17180		i	e
kiles	[/N][Nom]	8570080167	4752		i	e
odébb	[/N][Nom]	8570080167	43839		o	é
pancser	[/N][Nom]	8570080167	5888		a	e
átél	[/N][Nom]	8570080167	182716		á	é
íme	[/N][Nom]	8570080167	104377		í	e
csaknem	[/N][Nom]	8570080167	457557		a	e
díszlés	[/N][Nom]	8570080167	8		í	é
hajnecc	[/N][Nom]	8570080167	6		a	e
híve	[/N][Nom]	8570080167	225780		í	e
ijed	[/N][Nom]	8570080167	46276		i	e
illek	[/N][Nom]	8570080167	7		i	e
kisebb	[/N][Nom]	8570080167	72		i	e
kiég	[/N][Nom]	8570080167	48413		i	é
kiér	[/N][Nom]	8570080167	37098		i	é
korrekt	[/N][Nom]	8570080167	280874		o	e
kímél	[/N][Nom]	8570080167	103745		í	é
linkel	[/N][Nom]	8570080167	36831		i	e
lisztez	[/N][Nom]	8570080167	4565		i	e
mindkét	[/N][Nom]	8570080167	1137113		i	é
mintegy	[/N][Nom]	8570080167	1328153		i	e
szintez	[/N][Nom]	8570080167	1346		i	e
tiéd	[/N][Nom]	8570080167	7		i	é
viszek	[/N][Nom]	8570080167	23		i	e
arrébb	[/N][Nom]	8570080167	44846		a	é
biggyeszt	[/N][Nom]	8570080167	7155		i	e
billen	[/N][Nom]	8570080167	18877		i	e
butén	[/N][Nom]	8570080167	11		u	é
cinkez	[/N][Nom]	8570080167	8		i	e
csábszer	[/N][Nom]	8570080167	12		á	e
facér	[/N][Nom]	8570080167	1882		a	é
fityeg	[/N][Nom]	8570080167	4195		i	e
gidres	[/N][Nom]	8570080167	11		i	e
hiszel	[/N][Nom]	8570080167	2		i	e
honnét	[/N][Nom]	8570080167	14023		o	é
híres	[/N][Nom]	8570080167	817600		í	e
hírlés	[/N][Nom]	8570080167	3		í	é
igéz	[/N][Nom]	8570080167	2122		i	é
intet	[/N][Nom]	8570080167	34		i	e
jórészt	[/N][Nom]	8570080167	78629		ó	é
kiél	[/N][Nom]	8570080167	21210		i	é
lornyett	[/N][Nom]	8570080167	49		o	e
mienk	[/N][Nom]	8570080167	36		i	e
mihelyst	[/N][Nom]	8570080167	8216		i	e
mindezt	[/N][Nom]	8570080167	4		i	e
mintsem	[/N][Nom]	8570080167	80690		i	e
miénk	[/N][Nom]	8570080167	30		i	é
monstre	[/N][Nom]	8570080167	5503		o	e
obszcén	[/N][Nom]	8570080167	12289		o	é
pingelt	[/N][Nom]	8570080167	6		i	e
ráér	[/N][Nom]	8570080167	51244		á	é
rímel	[/N][Nom]	8570080167	10316		í	e
sincsen	[/N][Nom]	8570080167	35		i	e
sminkel	[/N][Nom]	8570080167	20962		i	e
spriccel	[/N][Nom]	8570080167	11940		i	e
síel	[/N][Nom]	8570080167	28983		í	e
sínylés	[/N][Nom]	8570080167	3		í	é
viselt	[/N][Nom]	8570080167	64298		i	e
viszel	[/N][Nom]	8570080167	9		i	e
vitet	[/N][Nom]	8570080167	65		i	e
zizeg	[/N][Nom]	8570080167	4293		i	e
átélt	[/N][Nom]	8570080167	39753		á	é
ítélt	[/N][Nom]	8570080167	90035		í	é
ível	[/N][Nom]	8570080167	21230		í	e
