prompt_cc	prompt_cvc	suffix_ep	target_cc	target_cvc	tr_stem	tr_end	prompt_cc_tr	nsyl
spéglik	spégezik	nek	spéglenek	spégeznek	spég	lik	spéglik	1
spéglik	spégezik	tek	spégletek	spégeztek	spég	lik	spéglik	1
spéglik	spégezik	ünk	spéglünk	spégezünk	spég	lik	spéglik	1
sprüjzik	sprüjözik	nek	sprüjzenek	sprüjöznek	sprüj	zik	sprüjzik	1
sprüjzik	sprüjözik	tek	sprüjzötök	sprüjöztök	sprüj	zik	sprüjzik	1
sprüjzik	sprüjözik	ünk	sprüjzünk	sprüjözünk	sprüj	zik	sprüjzik	1
frálaslik	frálasozik	nek	frálaslanak	frálasoznak	frálas	lik	frálaslik	2
frálaslik	frálasozik	tek	frálaslotok	frálasoztok	frálas	lik	frálaslik	2
frálaslik	frálasozik	ünk	frálaslunk	frálasozunk	frálas	lik	frálaslik	2
sztrajlik	sztrajozik	nek	sztrajlanak	sztrajoznak	ßtraj	lik	ßtrajlik	1
sztrajlik	sztrajozik	tek	sztrajlotok	sztrajoztok	ßtraj	lik	ßtrajlik	1
sztrajlik	sztrajozik	ünk	sztrajlunk	sztrajozunk	ßtraj	lik	ßtrajlik	1
válagzik	válagozik	nek	válagzanak	válagoznak	válag	zik	válagzik	2
válagzik	válagozik	tek	válagzotok	válagoztok	válag	zik	válagzik	2
válagzik	válagozik	ünk	válagzunk	válagozunk	válag	zik	válagzik	2
hibágzik	hibágozik	nek	hibágzanak	hibágoznak	hibág	zik	hibágzik	2
hibágzik	hibágozik	tek	hibágzotok	hibágoztok	hibág	zik	hibágzik	2
hibágzik	hibágozik	ünk	hibágzunk	hibágozunk	hibág	zik	hibágzik	2
drűrzik	drűrözik	nek	drűrzenek	drűröznek	drűr	zik	drűrzik	1
drűrzik	drűrözik	tek	drűrzötök	drűröztök	drűr	zik	drűrzik	1
drűrzik	drűrözik	ünk	drűrzünk	drűrözünk	drűr	zik	drűrzik	1
ugorzik	ugorozik	nek	ugorzanak	ugoroznak	ugor	zik	ugorzik	2
ugorzik	ugorozik	tek	ugorzotok	ugoroztok	ugor	zik	ugorzik	2
ugorzik	ugorozik	ünk	ugorzunk	ugorozunk	ugor	zik	ugorzik	2
jalszik	jalodik	nek	jalszanak	jalodnak	jal	ßik	jalßik	1
jalszik	jalodik	tek	jalszotok	jalodtok	jal	ßik	jalßik	1
jalszik	jalodik	ünk	jalszunk	jalodunk	jal	ßik	jalßik	1
nyéjzik	nyéjezik	nek	nyéjzenek	nyéjeznek	¥éj	zik	¥éjzik	1
nyéjzik	nyéjezik	tek	nyéjzetek	nyéjeztek	¥éj	zik	¥éjzik	1
nyéjzik	nyéjezik	ünk	nyéjzünk	nyéjezünk	¥éj	zik	¥éjzik	1
friheglik	frihegezik	nek	friheglenek	frihegeznek	friheg	lik	friheglik	2
friheglik	frihegezik	tek	frihegletek	frihegeztek	friheg	lik	friheglik	2
friheglik	frihegezik	ünk	friheglünk	frihegezünk	friheg	lik	friheglik	2
spérzik	spérezik	nek	spérzenek	spéreznek	spér	zik	spérzik	1
spérzik	spérezik	tek	spérzetek	spéreztek	spér	zik	spérzik	1
spérzik	spérezik	ünk	spérzünk	spérezünk	spér	zik	spérzik	1
frelénylik	frelényezik	nek	frelénylenek	frelényeznek	frelé¥	lik	frelé¥lik	2
frelénylik	frelényezik	tek	frelényletek	frelényeztek	frelé¥	lik	frelé¥lik	2
frelénylik	frelényezik	ünk	frelénylünk	frelényezünk	frelé¥	lik	frelé¥lik	2
nyüglik	nyügözik	nek	nyüglenek	nyügöznek	¥üg	lik	¥üglik	1
nyüglik	nyügözik	tek	nyüglötök	nyügöztök	¥üg	lik	¥üglik	1
nyüglik	nyügözik	ünk	nyüglünk	nyügözünk	¥üg	lik	¥üglik	1
drilakszik	drilakodik	nek	drilakszanak	drilakodnak	drilak	ßik	drilakßik	2
drilakszik	drilakodik	tek	drilakszotok	drilakodtok	drilak	ßik	drilakßik	2
drilakszik	drilakodik	ünk	drilakszunk	drilakodunk	drilak	ßik	drilakßik	2
flihárzik	flihározik	nek	flihárzanak	flihároznak	flihár	zik	flihárzik	2
flihárzik	flihározik	tek	flihárzotok	flihároztok	flihár	zik	flihárzik	2
flihárzik	flihározik	ünk	flihárzunk	flihározunk	flihár	zik	flihárzik	2
pekszik	pekedik	nek	pekszenek	pekednek	pek	ßik	pekßik	1
pekszik	pekedik	tek	pekszetek	pekedtek	pek	ßik	pekßik	1
pekszik	pekedik	ünk	pekszünk	pekedünk	pek	ßik	pekßik	1
sprudlik	sprudozik	nek	sprudlanak	sprudoznak	sprud	lik	sprudlik	1
sprudlik	sprudozik	tek	sprudlotok	sprudoztok	sprud	lik	sprudlik	1
sprudlik	sprudozik	ünk	sprudlunk	sprudozunk	sprud	lik	sprudlik	1
plütlik	plütözik	nek	plütlenek	plütöznek	plüt	lik	plütlik	1
plütlik	plütözik	tek	plütlötök	plütöztök	plüt	lik	plütlik	1
plütlik	plütözik	ünk	plütlünk	plütözünk	plüt	lik	plütlik	1
gyirakszik	gyirakodik	nek	gyirakszanak	gyirakodnak	©irak	ßik	©irakßik	2
gyirakszik	gyirakodik	tek	gyirakszotok	gyirakodtok	©irak	ßik	©irakßik	2
gyirakszik	gyirakodik	ünk	gyirakszunk	gyirakodunk	©irak	ßik	©irakßik	2
pribánylik	pribányozik	nek	pribánylanak	pribányoznak	pribá¥	lik	pribá¥lik	2
pribánylik	pribányozik	tek	pribánylotok	pribányoztok	pribá¥	lik	pribá¥lik	2
pribánylik	pribányozik	ünk	pribánylunk	pribányozunk	pribá¥	lik	pribá¥lik	2
milékszik	milékedik	nek	milékszenek	milékednek	milék	ßik	milékßik	2
milékszik	milékedik	tek	milékszetek	milékedtek	milék	ßik	milékßik	2
milékszik	milékedik	ünk	milékszünk	milékedünk	milék	ßik	milékßik	2
vobzik	vobozik	nek	vobzanak	voboznak	vob	zik	vobzik	1
vobzik	vobozik	tek	vobzotok	voboztok	vob	zik	vobzik	1
vobzik	vobozik	ünk	vobzunk	vobozunk	vob	zik	vobzik	1
csaránylik	csarányozik	nek	csaránylanak	csarányoznak	çará¥	lik	çará¥lik	2
csaránylik	csarányozik	tek	csaránylotok	csarányoztok	çará¥	lik	çará¥lik	2
csaránylik	csarányozik	ünk	csaránylunk	csarányozunk	çará¥	lik	çará¥lik	2
dáraslik	dárasozik	nek	dáraslanak	dárasoznak	dáras	lik	dáraslik	2
dáraslik	dárasozik	tek	dáraslotok	dárasoztok	dáras	lik	dáraslik	2
dáraslik	dárasozik	ünk	dáraslunk	dárasozunk	dáras	lik	dáraslik	2
kilénylik	kilényezik	nek	kilénylenek	kilényeznek	kilé¥	lik	kilé¥lik	2
kilénylik	kilényezik	tek	kilényletek	kilényeztek	kilé¥	lik	kilé¥lik	2
kilénylik	kilényezik	ünk	kilénylünk	kilényezünk	kilé¥	lik	kilé¥lik	2
spibeglik	spibegezik	nek	spibeglenek	spibegeznek	spibeg	lik	spibeglik	2
spibeglik	spibegezik	tek	spibegletek	spibegeztek	spibeg	lik	spibeglik	2
spibeglik	spibegezik	ünk	spibeglünk	spibegezünk	spibeg	lik	spibeglik	2
ivarzik	ivarozik	nek	ivarzanak	ivaroznak	ivar	zik	ivarzik	2
ivarzik	ivarozik	tek	ivarzotok	ivaroztok	ivar	zik	ivarzik	2
ivarzik	ivarozik	ünk	ivarzunk	ivarozunk	ivar	zik	ivarzik	2
mibejlik	mibejezik	nek	mibejlenek	mibejeznek	mibej	lik	mibejlik	2
mibejlik	mibejezik	tek	mibejletek	mibejeztek	mibej	lik	mibejlik	2
mibejlik	mibejezik	ünk	mibejlünk	mibejezünk	mibej	lik	mibejlik	2
sprebzik	sprebezik	nek	sprebzenek	sprebeznek	spreb	zik	sprebzik	1
sprebzik	sprebezik	tek	sprebzetek	sprebeztek	spreb	zik	sprebzik	1
sprebzik	sprebezik	ünk	sprebzünk	sprebezünk	spreb	zik	sprebzik	1
kletégszik	kletégedik	nek	kletégszenek	kletégednek	kletég	ßik	kletégßik	2
kletégszik	kletégedik	tek	kletégszetek	kletégedtek	kletég	ßik	kletégßik	2
kletégszik	kletégedik	ünk	kletégszünk	kletégedünk	kletég	ßik	kletégßik	2
nyálaklik	nyálakozik	nek	nyálaklanak	nyálakoznak	¥álak	lik	¥álaklik	2
nyálaklik	nyálakozik	tek	nyálaklotok	nyálakoztok	¥álak	lik	¥álaklik	2
nyálaklik	nyálakozik	ünk	nyálaklunk	nyálakozunk	¥álak	lik	¥álaklik	2
délegzik	délegezik	nek	délegzenek	délegeznek	déleg	zik	délegzik	2
délegzik	délegezik	tek	délegzetek	délegeztek	déleg	zik	délegzik	2
délegzik	délegezik	ünk	délegzünk	délegezünk	déleg	zik	délegzik	2
medlik	medezik	nek	medlenek	medeznek	med	lik	medlik	1
medlik	medezik	tek	medletek	medeztek	med	lik	medlik	1
medlik	medezik	ünk	medlünk	medezünk	med	lik	medlik	1
héjlik	héjezik	nek	héjlenek	héjeznek	héj	lik	héjlik	1
héjlik	héjezik	tek	héjletek	héjeztek	héj	lik	héjlik	1
héjlik	héjezik	ünk	héjlünk	héjezünk	héj	lik	héjlik	1
prögzik	prögözik	nek	prögzenek	prögöznek	prög	zik	prögzik	1
prögzik	prögözik	tek	prögzötök	prögöztök	prög	zik	prögzik	1
prögzik	prögözik	ünk	prögzünk	prögözünk	prög	zik	prögzik	1
trálszik	trálodik	nek	trálszanak	trálodnak	trál	ßik	trálßik	1
trálszik	trálodik	tek	trálszotok	trálodtok	trál	ßik	trálßik	1
trálszik	trálodik	ünk	trálszunk	trálodunk	trál	ßik	trálßik	1
privékszik	privékedik	nek	privékszenek	privékednek	privék	ßik	privékßik	2
privékszik	privékedik	tek	privékszetek	privékedtek	privék	ßik	privékßik	2
privékszik	privékedik	ünk	privékszünk	privékedünk	privék	ßik	privékßik	2
drumlik	drumozik	nek	drumlanak	drumoznak	drum	lik	drumlik	1
drumlik	drumozik	tek	drumlotok	drumoztok	drum	lik	drumlik	1
drumlik	drumozik	ünk	drumlunk	drumozunk	drum	lik	drumlik	1
sprüklik	sprüközik	nek	sprüklenek	sprüköznek	sprük	lik	sprüklik	1
sprüklik	sprüközik	tek	sprüklötök	sprüköztök	sprük	lik	sprüklik	1
sprüklik	sprüközik	ünk	sprüklünk	sprüközünk	sprük	lik	sprüklik	1
trukszik	trukodik	nek	trukszanak	trukodnak	truk	ßik	trukßik	1
trukszik	trukodik	tek	trukszotok	trukodtok	truk	ßik	trukßik	1
trukszik	trukodik	ünk	trukszunk	trukodunk	truk	ßik	trukßik	1
küslik	küsözik	nek	küslenek	küsöznek	küs	lik	küslik	1
küslik	küsözik	tek	küslötök	küsöztök	küs	lik	küslik	1
küslik	küsözik	ünk	küslünk	küsözünk	küs	lik	küslik	1
mihágzik	mihágozik	nek	mihágzanak	mihágoznak	mihág	zik	mihágzik	2
mihágzik	mihágozik	tek	mihágzotok	mihágoztok	mihág	zik	mihágzik	2
mihágzik	mihágozik	ünk	mihágzunk	mihágozunk	mihág	zik	mihágzik	2
rivapszik	rivapodik	nek	rivapszanak	rivapodnak	rivap	ßik	rivapßik	2
rivapszik	rivapodik	tek	rivapszotok	rivapodtok	rivap	ßik	rivapßik	2
rivapszik	rivapodik	ünk	rivapszunk	rivapodunk	rivap	ßik	rivapßik	2
tribáglik	tribágozik	nek	tribáglanak	tribágoznak	tribág	lik	tribáglik	2
tribáglik	tribágozik	tek	tribáglotok	tribágoztok	tribág	lik	tribáglik	2
tribáglik	tribágozik	ünk	tribáglunk	tribágozunk	tribág	lik	tribáglik	2
druboslik	drubosozik	nek	druboslanak	drubosoznak	drubos	lik	druboslik	2
druboslik	drubosozik	tek	druboslotok	drubosoztok	drubos	lik	druboslik	2
druboslik	drubosozik	ünk	druboslunk	drubosozunk	drubos	lik	druboslik	2
verégszik	verégedik	nek	verégszenek	verégednek	verég	ßik	verégßik	2
verégszik	verégedik	tek	verégszetek	verégedtek	verég	ßik	verégßik	2
verégszik	verégedik	ünk	verégszünk	verégedünk	verég	ßik	verégßik	2
fraklik	frakozik	nek	fraklanak	frakoznak	frak	lik	fraklik	1
fraklik	frakozik	tek	fraklotok	frakoztok	frak	lik	fraklik	1
fraklik	frakozik	ünk	fraklunk	frakozunk	frak	lik	fraklik	1
spivágzik	spivágozik	nek	spivágzanak	spivágoznak	spivág	zik	spivágzik	2
spivágzik	spivágozik	tek	spivágzotok	spivágoztok	spivág	zik	spivágzik	2
spivágzik	spivágozik	ünk	spivágzunk	spivágozunk	spivág	zik	spivágzik	2
flübzik	flübözik	nek	flübzenek	flüböznek	flüb	zik	flübzik	1
flübzik	flübözik	tek	flübzötök	flüböztök	flüb	zik	flübzik	1
flübzik	flübözik	ünk	flübzünk	flübözünk	flüb	zik	flübzik	1
kluzlik	kluzozik	nek	kluzlanak	kluzoznak	kluz	lik	kluzlik	1
kluzlik	kluzozik	tek	kluzlotok	kluzoztok	kluz	lik	kluzlik	1
kluzlik	kluzozik	ünk	kluzlunk	kluzozunk	kluz	lik	kluzlik	1
mülőrzik	mülőrözik	nek	mülőrzenek	mülőröznek	mülőr	zik	mülőrzik	2
mülőrzik	mülőrözik	tek	mülőrzötök	mülőröztök	mülőr	zik	mülőrzik	2
mülőrzik	mülőrözik	ünk	mülőrzünk	mülőrözünk	mülőr	zik	mülőrzik	2
plibeglik	plibegezik	nek	plibeglenek	plibegeznek	plibeg	lik	plibeglik	2
plibeglik	plibegezik	tek	plibegletek	plibegeztek	plibeg	lik	plibeglik	2
plibeglik	plibegezik	ünk	plibeglünk	plibegezünk	plibeg	lik	plibeglik	2
hibzik	hibozik	nek	hibzanak	hiboznak	hib	zik	hibzik	1
hibzik	hibozik	tek	hibzotok	hiboztok	hib	zik	hibzik	1
hibzik	hibozik	ünk	hibzunk	hibozunk	hib	zik	hibzik	1
furoslik	furosozik	nek	furoslanak	furosoznak	furos	lik	furoslik	2
furoslik	furosozik	tek	furoslotok	furosoztok	furos	lik	furoslik	2
furoslik	furosozik	ünk	furoslunk	furosozunk	furos	lik	furoslik	2
niváglik	nivágozik	nek	niváglanak	nivágoznak	nivág	lik	niváglik	2
niváglik	nivágozik	tek	niváglotok	nivágoztok	nivág	lik	niváglik	2
niváglik	nivágozik	ünk	niváglunk	nivágozunk	nivág	lik	niváglik	2
fretékszik	fretékedik	nek	fretékszenek	fretékednek	freték	ßik	fretékßik	2
fretékszik	fretékedik	tek	fretékszetek	fretékedtek	freték	ßik	fretékßik	2
fretékszik	fretékedik	ünk	fretékszünk	fretékedünk	freték	ßik	fretékßik	2
kirágzik	kirágozik	nek	kirágzanak	kirágoznak	kirág	zik	kirágzik	2
kirágzik	kirágozik	tek	kirágzotok	kirágoztok	kirág	zik	kirágzik	2
kirágzik	kirágozik	ünk	kirágzunk	kirágozunk	kirág	zik	kirágzik	2
sivajlik	sivajozik	nek	sivajlanak	sivajoznak	sivaj	lik	sivajlik	2
sivajlik	sivajozik	tek	sivajlotok	sivajoztok	sivaj	lik	sivajlik	2
sivajlik	sivajozik	ünk	sivajlunk	sivajozunk	sivaj	lik	sivajlik	2
molszik	molodik	nek	molszanak	molodnak	mol	ßik	molßik	1
molszik	molodik	tek	molszotok	molodtok	mol	ßik	molßik	1
molszik	molodik	ünk	molszunk	molodunk	mol	ßik	molßik	1
dritlik	dritozik	nek	dritlanak	dritoznak	drit	lik	dritlik	1
dritlik	dritozik	tek	dritlotok	dritoztok	drit	lik	dritlik	1
dritlik	dritozik	ünk	dritlunk	dritozunk	drit	lik	dritlik	1
frötőrzik	frötőrözik	nek	frötőrzenek	frötőröznek	frötőr	zik	frötőrzik	2
frötőrzik	frötőrözik	tek	frötőrzötök	frötőröztök	frötőr	zik	frötőrzik	2
frötőrzik	frötőrözik	ünk	frötőrzünk	frötőrözünk	frötőr	zik	frötőrzik	2
dirapszik	dirapodik	nek	dirapszanak	dirapodnak	dirap	ßik	dirapßik	2
dirapszik	dirapodik	tek	dirapszotok	dirapodtok	dirap	ßik	dirapßik	2
dirapszik	dirapodik	ünk	dirapszunk	dirapodunk	dirap	ßik	dirapßik	2
frirzik	frirozik	nek	frirzanak	friroznak	frir	zik	frirzik	1
frirzik	frirozik	tek	frirzotok	friroztok	frir	zik	frirzik	1
frirzik	frirozik	ünk	frirzunk	frirozunk	frir	zik	frirzik	1
flékszik	flékedik	nek	flékszenek	flékednek	flék	ßik	flékßik	1
flékszik	flékedik	tek	flékszetek	flékedtek	flék	ßik	flékßik	1
flékszik	flékedik	ünk	flékszünk	flékedünk	flék	ßik	flékßik	1
verénylik	verényezik	nek	verénylenek	verényeznek	veré¥	lik	veré¥lik	2
verénylik	verényezik	tek	verényletek	verényeztek	veré¥	lik	veré¥lik	2
verénylik	verényezik	ünk	verénylünk	verényezünk	veré¥	lik	veré¥lik	2
metégszik	metégedik	nek	metégszenek	metégednek	metég	ßik	metégßik	2
metégszik	metégedik	tek	metégszetek	metégedtek	metég	ßik	metégßik	2
metégszik	metégedik	ünk	metégszünk	metégedünk	metég	ßik	metégßik	2
fláragzik	fláragozik	nek	fláragzanak	fláragoznak	flárag	zik	fláragzik	2
fláragzik	fláragozik	tek	fláragzotok	fláragoztok	flárag	zik	fláragzik	2
fláragzik	fláragozik	ünk	fláragzunk	fláragozunk	flárag	zik	fláragzik	2
béklik	békezik	nek	béklenek	békeznek	bék	lik	béklik	1
béklik	békezik	tek	békletek	békeztek	bék	lik	béklik	1
béklik	békezik	ünk	béklünk	békezünk	bék	lik	béklik	1
űzlik	űzözik	nek	űzlenek	űzöznek	űz	lik	űzlik	1
űzlik	űzözik	tek	űzlötök	űzöztök	űz	lik	űzlik	1
űzlik	űzözik	ünk	űzlünk	űzözünk	űz	lik	űzlik	1
brivaklik	brivakozik	nek	brivaklanak	brivakoznak	brivak	lik	brivaklik	2
brivaklik	brivakozik	tek	brivaklotok	brivakoztok	brivak	lik	brivaklik	2
brivaklik	brivakozik	ünk	brivaklunk	brivakozunk	brivak	lik	brivaklik	2
brálamlik	brálamozik	nek	brálamlanak	brálamoznak	brálam	lik	brálamlik	2
brálamlik	brálamozik	tek	brálamlotok	brálamoztok	brálam	lik	brálamlik	2
brálamlik	brálamozik	ünk	brálamlunk	brálamozunk	brálam	lik	brálamlik	2
spöklik	spöközik	nek	spöklenek	spököznek	spök	lik	spöklik	1
spöklik	spöközik	tek	spöklötök	spököztök	spök	lik	spöklik	1
spöklik	spöközik	ünk	spöklünk	spöközünk	spök	lik	spöklik	1
vehékszik	vehékedik	nek	vehékszenek	vehékednek	vehék	ßik	vehékßik	2
vehékszik	vehékedik	tek	vehékszetek	vehékedtek	vehék	ßik	vehékßik	2
vehékszik	vehékedik	ünk	vehékszünk	vehékedünk	vehék	ßik	vehékßik	2
flodlik	flodozik	nek	flodlanak	flodoznak	flod	lik	flodlik	1
flodlik	flodozik	tek	flodlotok	flodoztok	flod	lik	flodlik	1
flodlik	flodozik	ünk	flodlunk	flodozunk	flod	lik	flodlik	1
trubonylik	trubonyozik	nek	trubonylanak	trubonyoznak	trubo¥	lik	trubo¥lik	2
trubonylik	trubonyozik	tek	trubonylotok	trubonyoztok	trubo¥	lik	trubo¥lik	2
trubonylik	trubonyozik	ünk	trubonylunk	trubonyozunk	trubo¥	lik	trubo¥lik	2
tihekszik	tihekedik	nek	tihekszenek	tihekednek	tihek	ßik	tihekßik	2
tihekszik	tihekedik	tek	tihekszetek	tihekedtek	tihek	ßik	tihekßik	2
tihekszik	tihekedik	ünk	tihekszünk	tihekedünk	tihek	ßik	tihekßik	2
drihégszik	drihégedik	nek	drihégszenek	drihégednek	drihég	ßik	drihégßik	2
drihégszik	drihégedik	tek	drihégszetek	drihégedtek	drihég	ßik	drihégßik	2
drihégszik	drihégedik	ünk	drihégszünk	drihégedünk	drihég	ßik	drihégßik	2
dralágzik	dralágozik	nek	dralágzanak	dralágoznak	dralág	zik	dralágzik	2
dralágzik	dralágozik	tek	dralágzotok	dralágoztok	dralág	zik	dralágzik	2
dralágzik	dralágozik	ünk	dralágzunk	dralágozunk	dralág	zik	dralágzik	2
bomlik	bomozik	nek	bomlanak	bomoznak	bom	lik	bomlik	1
bomlik	bomozik	tek	bomlotok	bomoztok	bom	lik	bomlik	1
bomlik	bomozik	ünk	bomlunk	bomozunk	bom	lik	bomlik	1
sponylik	sponyozik	nek	sponylanak	sponyoznak	spo¥	lik	spo¥lik	1
sponylik	sponyozik	tek	sponylotok	sponyoztok	spo¥	lik	spo¥lik	1
sponylik	sponyozik	ünk	sponylunk	sponyozunk	spo¥	lik	spo¥lik	1
tibarzik	tibarozik	nek	tibarzanak	tibaroznak	tibar	zik	tibarzik	2
tibarzik	tibarozik	tek	tibarzotok	tibaroztok	tibar	zik	tibarzik	2
tibarzik	tibarozik	ünk	tibarzunk	tibarozunk	tibar	zik	tibarzik	2
jaslik	jasozik	nek	jaslanak	jasoznak	jas	lik	jaslik	1
jaslik	jasozik	tek	jaslotok	jasoztok	jas	lik	jaslik	1
jaslik	jasozik	ünk	jaslunk	jasozunk	jas	lik	jaslik	1
trugoklik	trugokozik	nek	trugoklanak	trugokoznak	trugok	lik	trugoklik	2
trugoklik	trugokozik	tek	trugoklotok	trugokoztok	trugok	lik	trugoklik	2
trugoklik	trugokozik	ünk	trugoklunk	trugokozunk	trugok	lik	trugoklik	2
prehékszik	prehékedik	nek	prehékszenek	prehékednek	prehék	ßik	prehékßik	2
prehékszik	prehékedik	tek	prehékszetek	prehékedtek	prehék	ßik	prehékßik	2
prehékszik	prehékedik	ünk	prehékszünk	prehékedünk	prehék	ßik	prehékßik	2
nerékszik	nerékedik	nek	nerékszenek	nerékednek	nerék	ßik	nerékßik	2
nerékszik	nerékedik	tek	nerékszetek	nerékedtek	nerék	ßik	nerékßik	2
nerékszik	nerékedik	ünk	nerékszünk	nerékedünk	nerék	ßik	nerékßik	2
brűklik	brűközik	nek	brűklenek	brűköznek	brűk	lik	brűklik	1
brűklik	brűközik	tek	brűklötök	brűköztök	brűk	lik	brűklik	1
brűklik	brűközik	ünk	brűklünk	brűközünk	brűk	lik	brűklik	1
guboslik	gubosozik	nek	guboslanak	gubosoznak	gubos	lik	guboslik	2
guboslik	gubosozik	tek	guboslotok	gubosoztok	gubos	lik	guboslik	2
guboslik	gubosozik	ünk	guboslunk	gubosozunk	gubos	lik	guboslik	2
csüröklik	csüröközik	nek	csüröklenek	csürököznek	çürök	lik	çüröklik	2
csüröklik	csüröközik	tek	csüröklötök	csürököztök	çürök	lik	çüröklik	2
csüröklik	csüröközik	ünk	csüröklünk	csüröközünk	çürök	lik	çüröklik	2
tretlik	tretezik	nek	tretlenek	treteznek	tret	lik	tretlik	1
tretlik	tretezik	tek	tretletek	treteztek	tret	lik	tretlik	1
tretlik	tretezik	ünk	tretlünk	tretezünk	tret	lik	tretlik	1
frivamlik	frivamozik	nek	frivamlanak	frivamoznak	frivam	lik	frivamlik	2
frivamlik	frivamozik	tek	frivamlotok	frivamoztok	frivam	lik	frivamlik	2
frivamlik	frivamozik	ünk	frivamlunk	frivamozunk	frivam	lik	frivamlik	2
spiráglik	spirágozik	nek	spiráglanak	spirágoznak	spirág	lik	spiráglik	2
spiráglik	spirágozik	tek	spiráglotok	spirágoztok	spirág	lik	spiráglik	2
spiráglik	spirágozik	ünk	spiráglunk	spirágozunk	spirág	lik	spiráglik	2
pibékszik	pibékedik	nek	pibékszenek	pibékednek	pibék	ßik	pibékßik	2
pibékszik	pibékedik	tek	pibékszetek	pibékedtek	pibék	ßik	pibékßik	2
pibékszik	pibékedik	ünk	pibékszünk	pibékedünk	pibék	ßik	pibékßik	2
kuglik	kugozik	nek	kuglanak	kugoznak	kug	lik	kuglik	1
kuglik	kugozik	tek	kuglotok	kugoztok	kug	lik	kuglik	1
kuglik	kugozik	ünk	kuglunk	kugozunk	kug	lik	kuglik	1
töglik	tögözik	nek	töglenek	tögöznek	tög	lik	töglik	1
töglik	tögözik	tek	töglötök	tögöztök	tög	lik	töglik	1
töglik	tögözik	ünk	töglünk	tögözünk	tög	lik	töglik	1
gyűröklik	gyűröközik	nek	gyűröklenek	gyűrököznek	©űrök	lik	©űröklik	2
gyűröklik	gyűröközik	tek	gyűröklötök	gyűrököztök	©űrök	lik	©űröklik	2
gyűröklik	gyűröközik	ünk	gyűröklünk	gyűröközünk	©űrök	lik	©űröklik	2
ilamlik	ilamozik	nek	ilamlanak	ilamoznak	ilam	lik	ilamlik	2
ilamlik	ilamozik	tek	ilamlotok	ilamoztok	ilam	lik	ilamlik	2
ilamlik	ilamozik	ünk	ilamlunk	ilamozunk	ilam	lik	ilamlik	2
fatlik	fatozik	nek	fatlanak	fatoznak	fat	lik	fatlik	1
fatlik	fatozik	tek	fatlotok	fatoztok	fat	lik	fatlik	1
fatlik	fatozik	ünk	fatlunk	fatozunk	fat	lik	fatlik	1
flaslik	flasozik	nek	flaslanak	flasoznak	flas	lik	flaslik	1
flaslik	flasozik	tek	flaslotok	flasoztok	flas	lik	flaslik	1
flaslik	flasozik	ünk	flaslunk	flasozunk	flas	lik	flaslik	1
prazlik	prazozik	nek	prazlanak	prazoznak	praz	lik	prazlik	1
prazlik	prazozik	tek	prazlotok	prazoztok	praz	lik	prazlik	1
prazlik	prazozik	ünk	prazlunk	prazozunk	praz	lik	prazlik	1
églik	égezik	nek	églenek	égeznek	ég	lik	églik	1
églik	égezik	tek	égletek	égeztek	ég	lik	églik	1
églik	égezik	ünk	églünk	égezünk	ég	lik	églik	1
frálagzik	frálagozik	nek	frálagzanak	frálagoznak	frálag	zik	frálagzik	2
frálagzik	frálagozik	tek	frálagzotok	frálagoztok	frálag	zik	frálagzik	2
frálagzik	frálagozik	ünk	frálagzunk	frálagozunk	frálag	zik	frálagzik	2
aláglik	alágozik	nek	aláglanak	alágoznak	alág	lik	aláglik	2
aláglik	alágozik	tek	aláglotok	alágoztok	alág	lik	aláglik	2
aláglik	alágozik	ünk	aláglunk	alágozunk	alág	lik	aláglik	2
flerékszik	flerékedik	nek	flerékszenek	flerékednek	flerék	ßik	flerékßik	2
flerékszik	flerékedik	tek	flerékszetek	flerékedtek	flerék	ßik	flerékßik	2
flerékszik	flerékedik	ünk	flerékszünk	flerékedünk	flerék	ßik	flerékßik	2
dugoklik	dugokozik	nek	dugoklanak	dugokoznak	dugok	lik	dugoklik	2
dugoklik	dugokozik	tek	dugoklotok	dugokoztok	dugok	lik	dugoklik	2
dugoklik	dugokozik	ünk	dugoklunk	dugokozunk	dugok	lik	dugoklik	2
tászlik	tászozik	nek	tászlanak	tászoznak	táß	lik	táßlik	1
tászlik	tászozik	tek	tászlotok	tászoztok	táß	lik	táßlik	1
tászlik	tászozik	ünk	tászlunk	tászozunk	táß	lik	táßlik	1
dozlik	dozozik	nek	dozlanak	dozoznak	doz	lik	dozlik	1
dozlik	dozozik	tek	dozlotok	dozoztok	doz	lik	dozlik	1
dozlik	dozozik	ünk	dozlunk	dozozunk	doz	lik	dozlik	1
spámlik	spámozik	nek	spámlanak	spámoznak	spám	lik	spámlik	1
spámlik	spámozik	tek	spámlotok	spámoztok	spám	lik	spámlik	1
spámlik	spámozik	ünk	spámlunk	spámozunk	spám	lik	spámlik	1
bribaslik	bribasozik	nek	bribaslanak	bribasoznak	bribas	lik	bribaslik	2
bribaslik	bribasozik	tek	bribaslotok	bribasoztok	bribas	lik	bribaslik	2
bribaslik	bribasozik	ünk	bribaslunk	bribasozunk	bribas	lik	bribaslik	2
dabzik	dabozik	nek	dabzanak	daboznak	dab	zik	dabzik	1
dabzik	dabozik	tek	dabzotok	daboztok	dab	zik	dabzik	1
dabzik	dabozik	ünk	dabzunk	dabozunk	dab	zik	dabzik	1
hülöslik	hülösözik	nek	hülöslenek	hülösöznek	hülös	lik	hülöslik	2
hülöslik	hülösözik	tek	hülöslötök	hülösöztök	hülös	lik	hülöslik	2
hülöslik	hülösözik	ünk	hülöslünk	hülösözünk	hülös	lik	hülöslik	2
szoklik	szokozik	nek	szoklanak	szokoznak	ßok	lik	ßoklik	1
szoklik	szokozik	tek	szoklotok	szokoztok	ßok	lik	ßoklik	1
szoklik	szokozik	ünk	szoklunk	szokozunk	ßok	lik	ßoklik	1
ribegszik	ribegedik	nek	ribegszenek	ribegednek	ribeg	ßik	ribegßik	2
ribegszik	ribegedik	tek	ribegszetek	ribegedtek	ribeg	ßik	ribegßik	2
ribegszik	ribegedik	ünk	ribegszünk	ribegedünk	ribeg	ßik	ribegßik	2
diveglik	divegezik	nek	diveglenek	divegeznek	diveg	lik	diveglik	2
diveglik	divegezik	tek	divegletek	divegeztek	diveg	lik	diveglik	2
diveglik	divegezik	ünk	diveglünk	divegezünk	diveg	lik	diveglik	2
pluboslik	plubosozik	nek	pluboslanak	plubosoznak	plubos	lik	pluboslik	2
pluboslik	plubosozik	tek	pluboslotok	plubosoztok	plubos	lik	pluboslik	2
pluboslik	plubosozik	ünk	pluboslunk	plubosozunk	plubos	lik	pluboslik	2
trülőrzik	trülőrözik	nek	trülőrzenek	trülőröznek	trülőr	zik	trülőrzik	2
trülőrzik	trülőrözik	tek	trülőrzötök	trülőröztök	trülőr	zik	trülőrzik	2
trülőrzik	trülőrözik	ünk	trülőrzünk	trülőrözünk	trülőr	zik	trülőrzik	2
fivékszik	fivékedik	nek	fivékszenek	fivékednek	fivék	ßik	fivékßik	2
fivékszik	fivékedik	tek	fivékszetek	fivékedtek	fivék	ßik	fivékßik	2
fivékszik	fivékedik	ünk	fivékszünk	fivékedünk	fivék	ßik	fivékßik	2
nyakszik	nyakodik	nek	nyakszanak	nyakodnak	¥ak	ßik	¥akßik	1
nyakszik	nyakodik	tek	nyakszotok	nyakodtok	¥ak	ßik	¥akßik	1
nyakszik	nyakodik	ünk	nyakszunk	nyakodunk	¥ak	ßik	¥akßik	1
gövőrzik	gövőrözik	nek	gövőrzenek	gövőröznek	gövőr	zik	gövőrzik	2
gövőrzik	gövőrözik	tek	gövőrzötök	gövőröztök	gövőr	zik	gövőrzik	2
gövőrzik	gövőrözik	ünk	gövőrzünk	gövőrözünk	gövőr	zik	gövőrzik	2
brüszlik	brüszözik	nek	brüszlenek	brüszöznek	brüß	lik	brüßlik	1
brüszlik	brüszözik	tek	brüszlötök	brüszöztök	brüß	lik	brüßlik	1
brüszlik	brüszözik	ünk	brüszlünk	brüszözünk	brüß	lik	brüßlik	1
űrzik	űrözik	nek	űrzenek	űröznek	űr	zik	űrzik	1
űrzik	űrözik	tek	űrzötök	űröztök	űr	zik	űrzik	1
űrzik	űrözik	ünk	űrzünk	űrözünk	űr	zik	űrzik	1
szálaglik	szálagozik	nek	szálaglanak	szálagoznak	ßálag	lik	ßálaglik	2
szálaglik	szálagozik	tek	szálaglotok	szálagoztok	ßálag	lik	ßálaglik	2
szálaglik	szálagozik	ünk	szálaglunk	szálagozunk	ßálag	lik	ßálaglik	2
sparánylik	sparányozik	nek	sparánylanak	sparányoznak	spará¥	lik	spará¥lik	2
sparánylik	sparányozik	tek	sparánylotok	sparányoztok	spará¥	lik	spará¥lik	2
sparánylik	sparányozik	ünk	sparánylunk	sparányozunk	spará¥	lik	spará¥lik	2
frélegzik	frélegezik	nek	frélegzenek	frélegeznek	fréleg	zik	frélegzik	2
frélegzik	frélegezik	tek	frélegzetek	frélegeztek	fréleg	zik	frélegzik	2
frélegzik	frélegezik	ünk	frélegzünk	frélegezünk	fréleg	zik	frélegzik	2
sprarzik	sprarozik	nek	sprarzanak	spraroznak	sprar	zik	sprarzik	1
sprarzik	sprarozik	tek	sprarzotok	spraroztok	sprar	zik	sprarzik	1
sprarzik	sprarozik	ünk	sprarzunk	sprarozunk	sprar	zik	sprarzik	1
piraklik	pirakozik	nek	piraklanak	pirakoznak	pirak	lik	piraklik	2
piraklik	pirakozik	tek	piraklotok	pirakoztok	pirak	lik	piraklik	2
piraklik	pirakozik	ünk	piraklunk	pirakozunk	pirak	lik	piraklik	2
semlik	semezik	nek	semlenek	semeznek	sem	lik	semlik	1
semlik	semezik	tek	semletek	semeztek	sem	lik	semlik	1
semlik	semezik	ünk	semlünk	semezünk	sem	lik	semlik	1
kliveslik	klivesezik	nek	kliveslenek	kliveseznek	klives	lik	kliveslik	2
kliveslik	klivesezik	tek	klivesletek	kliveseztek	klives	lik	kliveslik	2
kliveslik	klivesezik	ünk	kliveslünk	klivesezünk	klives	lik	kliveslik	2
spélejlik	spélejezik	nek	spélejlenek	spélejeznek	spélej	lik	spélejlik	2
spélejlik	spélejezik	tek	spélejletek	spélejeztek	spélej	lik	spélejlik	2
spélejlik	spélejezik	ünk	spélejlünk	spélejezünk	spélej	lik	spélejlik	2
brilegzik	brilegezik	nek	brilegzenek	brilegeznek	brileg	zik	brilegzik	2
brilegzik	brilegezik	tek	brilegzetek	brilegeztek	brileg	zik	brilegzik	2
brilegzik	brilegezik	ünk	brilegzünk	brilegezünk	brileg	zik	brilegzik	2
hetlik	hetezik	nek	hetlenek	heteznek	het	lik	hetlik	1
hetlik	hetezik	tek	hetletek	heteztek	het	lik	hetlik	1
hetlik	hetezik	ünk	hetlünk	hetezünk	het	lik	hetlik	1
plihamlik	plihamozik	nek	plihamlanak	plihamoznak	pliham	lik	plihamlik	2
plihamlik	plihamozik	tek	plihamlotok	plihamoztok	pliham	lik	plihamlik	2
plihamlik	plihamozik	ünk	plihamlunk	plihamozunk	pliham	lik	plihamlik	2
csiglik	csigozik	nek	csiglanak	csigoznak	çig	lik	çiglik	1
csiglik	csigozik	tek	csiglotok	csigoztok	çig	lik	çiglik	1
csiglik	csigozik	ünk	csiglunk	csigozunk	çig	lik	çiglik	1
torlik	torozik	nek	torlanak	toroznak	tor	lik	torlik	1
torlik	torozik	tek	torlotok	toroztok	tor	lik	torlik	1
torlik	torozik	ünk	torlunk	torozunk	tor	lik	torlik	1
fárapszik	fárapodik	nek	fárapszanak	fárapodnak	fárap	ßik	fárapßik	2
fárapszik	fárapodik	tek	fárapszotok	fárapodtok	fárap	ßik	fárapßik	2
fárapszik	fárapodik	ünk	fárapszunk	fárapodunk	fárap	ßik	fárapßik	2
klihepszik	klihepedik	nek	klihepszenek	klihepednek	klihep	ßik	klihepßik	2
klihepszik	klihepedik	tek	klihepszetek	klihepedtek	klihep	ßik	klihepßik	2
klihepszik	klihepedik	ünk	klihepszünk	klihepedünk	klihep	ßik	klihepßik	2
tribamlik	tribamozik	nek	tribamlanak	tribamoznak	tribam	lik	tribamlik	2
tribamlik	tribamozik	tek	tribamlotok	tribamoztok	tribam	lik	tribamlik	2
tribamlik	tribamozik	ünk	tribamlunk	tribamozunk	tribam	lik	tribamlik	2
klivarzik	klivarozik	nek	klivarzanak	klivaroznak	klivar	zik	klivarzik	2
klivarzik	klivarozik	tek	klivarzotok	klivaroztok	klivar	zik	klivarzik	2
klivarzik	klivarozik	ünk	klivarzunk	klivarozunk	klivar	zik	klivarzik	2
gyivepszik	gyivepedik	nek	gyivepszenek	gyivepednek	©ivep	ßik	©ivepßik	2
gyivepszik	gyivepedik	tek	gyivepszetek	gyivepedtek	©ivep	ßik	©ivepßik	2
gyivepszik	gyivepedik	ünk	gyivepszünk	gyivepedünk	©ivep	ßik	©ivepßik	2
plárakszik	plárakodik	nek	plárakszanak	plárakodnak	plárak	ßik	plárakßik	2
plárakszik	plárakodik	tek	plárakszotok	plárakodtok	plárak	ßik	plárakßik	2
plárakszik	plárakodik	ünk	plárakszunk	plárakodunk	plárak	ßik	plárakßik	2
sprimlik	sprimozik	nek	sprimlanak	sprimoznak	sprim	lik	sprimlik	1
sprimlik	sprimozik	tek	sprimlotok	sprimoztok	sprim	lik	sprimlik	1
sprimlik	sprimozik	ünk	sprimlunk	sprimozunk	sprim	lik	sprimlik	1
flulszik	flulodik	nek	flulszanak	flulodnak	flul	ßik	flulßik	1
flulszik	flulodik	tek	flulszotok	flulodtok	flul	ßik	flulßik	1
flulszik	flulodik	ünk	flulszunk	flulodunk	flul	ßik	flulßik	1
fökszik	föködik	nek	fökszenek	föködnek	fök	ßik	fökßik	1
fökszik	föködik	tek	fökszötök	föködtök	fök	ßik	fökßik	1
fökszik	föködik	ünk	fökszünk	föködünk	fök	ßik	fökßik	1
bügzik	bügözik	nek	bügzenek	bügöznek	büg	zik	bügzik	1
bügzik	bügözik	tek	bügzötök	bügöztök	büg	zik	bügzik	1
bügzik	bügözik	ünk	bügzünk	bügözünk	büg	zik	bügzik	1
traszlik	traszozik	nek	traszlanak	traszoznak	traß	lik	traßlik	1
traszlik	traszozik	tek	traszlotok	traszoztok	traß	lik	traßlik	1
traszlik	traszozik	ünk	traszlunk	traszozunk	traß	lik	traßlik	1
flugonylik	flugonyozik	nek	flugonylanak	flugonyoznak	flugo¥	lik	flugo¥lik	2
flugonylik	flugonyozik	tek	flugonylotok	flugonyoztok	flugo¥	lik	flugo¥lik	2
flugonylik	flugonyozik	ünk	flugonylunk	flugonyozunk	flugo¥	lik	flugo¥lik	2
kűdlik	kűdözik	nek	kűdlenek	kűdöznek	kűd	lik	kűdlik	1
kűdlik	kűdözik	tek	kűdlötök	kűdöztök	kűd	lik	kűdlik	1
kűdlik	kűdözik	ünk	kűdlünk	kűdözünk	kűd	lik	kűdlik	1
tiraglik	tiragozik	nek	tiraglanak	tiragoznak	tirag	lik	tiraglik	2
tiraglik	tiragozik	tek	tiraglotok	tiragoztok	tirag	lik	tiraglik	2
tiraglik	tiragozik	ünk	tiraglunk	tiragozunk	tirag	lik	tiraglik	2
plűjzik	plűjözik	nek	plűjzenek	plűjöznek	plűj	zik	plűjzik	1
plűjzik	plűjözik	tek	plűjzötök	plűjöztök	plűj	zik	plűjzik	1
plűjzik	plűjözik	ünk	plűjzünk	plűjözünk	plűj	zik	plűjzik	1
lírlik	lírozik	nek	lírlanak	líroznak	lír	lik	lírlik	1
lírlik	lírozik	tek	lírlotok	líroztok	lír	lik	lírlik	1
lírlik	lírozik	ünk	lírlunk	lírozunk	lír	lik	lírlik	1
trabzik	trabozik	nek	trabzanak	traboznak	trab	zik	trabzik	1
trabzik	trabozik	tek	trabzotok	traboztok	trab	zik	trabzik	1
trabzik	trabozik	ünk	trabzunk	trabozunk	trab	zik	trabzik	1
trálaklik	trálakozik	nek	trálaklanak	trálakoznak	trálak	lik	trálaklik	2
trálaklik	trálakozik	tek	trálaklotok	trálakoztok	trálak	lik	trálaklik	2
trálaklik	trálakozik	ünk	trálaklunk	trálakozunk	trálak	lik	trálaklik	2
pleglik	plegezik	nek	pleglenek	plegeznek	pleg	lik	pleglik	1
pleglik	plegezik	tek	plegletek	plegeztek	pleg	lik	pleglik	1
pleglik	plegezik	ünk	pleglünk	plegezünk	pleg	lik	pleglik	1
spuboklik	spubokozik	nek	spuboklanak	spubokoznak	spubok	lik	spuboklik	2
spuboklik	spubokozik	tek	spuboklotok	spubokoztok	spubok	lik	spuboklik	2
spuboklik	spubokozik	ünk	spuboklunk	spubokozunk	spubok	lik	spuboklik	2
móloslik	mólosozik	nek	móloslanak	mólosoznak	mólos	lik	móloslik	2
móloslik	mólosozik	tek	móloslotok	mólosoztok	mólos	lik	móloslik	2
móloslik	mólosozik	ünk	móloslunk	mólosozunk	mólos	lik	móloslik	2
vibaklik	vibakozik	nek	vibaklanak	vibakoznak	vibak	lik	vibaklik	2
vibaklik	vibakozik	tek	vibaklotok	vibakoztok	vibak	lik	vibaklik	2
vibaklik	vibakozik	ünk	vibaklunk	vibakozunk	vibak	lik	vibaklik	2
jurlik	jurozik	nek	jurlanak	juroznak	jur	lik	jurlik	1
jurlik	jurozik	tek	jurlotok	juroztok	jur	lik	jurlik	1
jurlik	jurozik	ünk	jurlunk	jurozunk	jur	lik	jurlik	1
kliheglik	klihegezik	nek	kliheglenek	klihegeznek	kliheg	lik	kliheglik	2
kliheglik	klihegezik	tek	klihegletek	klihegeztek	kliheg	lik	kliheglik	2
kliheglik	klihegezik	ünk	kliheglünk	klihegezünk	kliheg	lik	kliheglik	2
műrlik	műrözik	nek	műrlenek	műröznek	műr	lik	műrlik	1
műrlik	műrözik	tek	műrlötök	műröztök	műr	lik	műrlik	1
műrlik	műrözik	ünk	műrlünk	műrözünk	műr	lik	műrlik	1
flihagzik	flihagozik	nek	flihagzanak	flihagoznak	flihag	zik	flihagzik	2
flihagzik	flihagozik	tek	flihagzotok	flihagoztok	flihag	zik	flihagzik	2
flihagzik	flihagozik	ünk	flihagzunk	flihagozunk	flihag	zik	flihagzik	2
véregzik	véregezik	nek	véregzenek	véregeznek	véreg	zik	véregzik	2
véregzik	véregezik	tek	véregzetek	véregeztek	véreg	zik	véregzik	2
véregzik	véregezik	ünk	véregzünk	véregezünk	véreg	zik	véregzik	2
trelékszik	trelékedik	nek	trelékszenek	trelékednek	trelék	ßik	trelékßik	2
trelékszik	trelékedik	tek	trelékszetek	trelékedtek	trelék	ßik	trelékßik	2
trelékszik	trelékedik	ünk	trelékszünk	trelékedünk	trelék	ßik	trelékßik	2
farágzik	farágozik	nek	farágzanak	farágoznak	farág	zik	farágzik	2
farágzik	farágozik	tek	farágzotok	farágoztok	farág	zik	farágzik	2
farágzik	farágozik	ünk	farágzunk	farágozunk	farág	zik	farágzik	2
tűgzik	tűgözik	nek	tűgzenek	tűgöznek	tűg	zik	tűgzik	1
tűgzik	tűgözik	tek	tűgzötök	tűgöztök	tűg	zik	tűgzik	1
tűgzik	tűgözik	ünk	tűgzünk	tűgözünk	tűg	zik	tűgzik	1
plágaklik	plágakozik	nek	plágaklanak	plágakoznak	plágak	lik	plágaklik	2
plágaklik	plágakozik	tek	plágaklotok	plágakoztok	plágak	lik	plágaklik	2
plágaklik	plágakozik	ünk	plágaklunk	plágakozunk	plágak	lik	plágaklik	2
klibaglik	klibagozik	nek	klibaglanak	klibagoznak	klibag	lik	klibaglik	2
klibaglik	klibagozik	tek	klibaglotok	klibagoztok	klibag	lik	klibaglik	2
klibaglik	klibagozik	ünk	klibaglunk	klibagozunk	klibag	lik	klibaglik	2
szireglik	sziregezik	nek	szireglenek	sziregeznek	ßireg	lik	ßireglik	2
szireglik	sziregezik	tek	sziregletek	sziregeztek	ßireg	lik	ßireglik	2
szireglik	sziregezik	ünk	szireglünk	sziregezünk	ßireg	lik	ßireglik	2
bríglik	brígozik	nek	bríglanak	brígoznak	bríg	lik	bríglik	1
bríglik	brígozik	tek	bríglotok	brígoztok	bríg	lik	bríglik	1
bríglik	brígozik	ünk	bríglunk	brígozunk	bríg	lik	bríglik	1
gyivaslik	gyivasozik	nek	gyivaslanak	gyivasoznak	©ivas	lik	©ivaslik	2
gyivaslik	gyivasozik	tek	gyivaslotok	gyivasoztok	©ivas	lik	©ivaslik	2
gyivaslik	gyivasozik	ünk	gyivaslunk	gyivasozunk	©ivas	lik	©ivaslik	2
pehégszik	pehégedik	nek	pehégszenek	pehégednek	pehég	ßik	pehégßik	2
pehégszik	pehégedik	tek	pehégszetek	pehégedtek	pehég	ßik	pehégßik	2
pehégszik	pehégedik	ünk	pehégszünk	pehégedünk	pehég	ßik	pehégßik	2
sprozlik	sprozozik	nek	sprozlanak	sprozoznak	sproz	lik	sprozlik	1
sprozlik	sprozozik	tek	sprozlotok	sprozoztok	sproz	lik	sprozlik	1
sprozlik	sprozozik	ünk	sprozlunk	sprozozunk	sproz	lik	sprozlik	1
nivárzik	nivározik	nek	nivárzanak	nivároznak	nivár	zik	nivárzik	2
nivárzik	nivározik	tek	nivárzotok	nivároztok	nivár	zik	nivárzik	2
nivárzik	nivározik	ünk	nivárzunk	nivározunk	nivár	zik	nivárzik	2
plorzik	plorozik	nek	plorzanak	ploroznak	plor	zik	plorzik	1
plorzik	plorozik	tek	plorzotok	ploroztok	plor	zik	plorzik	1
plorzik	plorozik	ünk	plorzunk	plorozunk	plor	zik	plorzik	1
játlik	játozik	nek	játlanak	játoznak	ját	lik	játlik	1
játlik	játozik	tek	játlotok	játoztok	ját	lik	játlik	1
játlik	játozik	ünk	játlunk	játozunk	ját	lik	játlik	1
fliveglik	flivegezik	nek	fliveglenek	flivegeznek	fliveg	lik	fliveglik	2
fliveglik	flivegezik	tek	flivegletek	flivegeztek	fliveg	lik	fliveglik	2
fliveglik	flivegezik	ünk	fliveglünk	flivegezünk	fliveg	lik	fliveglik	2
trihénylik	trihényezik	nek	trihénylenek	trihényeznek	trihé¥	lik	trihé¥lik	2
trihénylik	trihényezik	tek	trihényletek	trihényeztek	trihé¥	lik	trihé¥lik	2
trihénylik	trihényezik	ünk	trihénylünk	trihényezünk	trihé¥	lik	trihé¥lik	2
flurzik	flurozik	nek	flurzanak	fluroznak	flur	zik	flurzik	1
flurzik	flurozik	tek	flurzotok	fluroztok	flur	zik	flurzik	1
flurzik	flurozik	ünk	flurzunk	flurozunk	flur	zik	flurzik	1
sálamlik	sálamozik	nek	sálamlanak	sálamoznak	sálam	lik	sálamlik	2
sálamlik	sálamozik	tek	sálamlotok	sálamoztok	sálam	lik	sálamlik	2
sálamlik	sálamozik	ünk	sálamlunk	sálamozunk	sálam	lik	sálamlik	2
mágamlik	mágamozik	nek	mágamlanak	mágamoznak	mágam	lik	mágamlik	2
mágamlik	mágamozik	tek	mágamlotok	mágamoztok	mágam	lik	mágamlik	2
mágamlik	mágamozik	ünk	mágamlunk	mágamozunk	mágam	lik	mágamlik	2
prilepszik	prilepedik	nek	prilepszenek	prilepednek	prilep	ßik	prilepßik	2
prilepszik	prilepedik	tek	prilepszetek	prilepedtek	prilep	ßik	prilepßik	2
prilepszik	prilepedik	ünk	prilepszünk	prilepedünk	prilep	ßik	prilepßik	2
kögzik	kögözik	nek	kögzenek	kögöznek	kög	zik	kögzik	1
kögzik	kögözik	tek	kögzötök	kögöztök	kög	zik	kögzik	1
kögzik	kögözik	ünk	kögzünk	kögözünk	kög	zik	kögzik	1
tibánylik	tibányozik	nek	tibánylanak	tibányoznak	tibá¥	lik	tibá¥lik	2
tibánylik	tibányozik	tek	tibánylotok	tibányoztok	tibá¥	lik	tibá¥lik	2
tibánylik	tibányozik	ünk	tibánylunk	tibányozunk	tibá¥	lik	tibá¥lik	2
pilégszik	pilégedik	nek	pilégszenek	pilégednek	pilég	ßik	pilégßik	2
pilégszik	pilégedik	tek	pilégszetek	pilégedtek	pilég	ßik	pilégßik	2
pilégszik	pilégedik	ünk	pilégszünk	pilégedünk	pilég	ßik	pilégßik	2
brileglik	brilegezik	nek	brileglenek	brilegeznek	brileg	lik	brileglik	2
brileglik	brilegezik	tek	brilegletek	brilegeztek	brileg	lik	brileglik	2
brileglik	brilegezik	ünk	brileglünk	brilegezünk	brileg	lik	brileglik	2
náragzik	náragozik	nek	náragzanak	náragoznak	nárag	zik	náragzik	2
náragzik	náragozik	tek	náragzotok	náragoztok	nárag	zik	náragzik	2
náragzik	náragozik	ünk	náragzunk	náragozunk	nárag	zik	náragzik	2
dirlik	dirozik	nek	dirlanak	diroznak	dir	lik	dirlik	1
dirlik	dirozik	tek	dirlotok	diroztok	dir	lik	dirlik	1
dirlik	dirozik	ünk	dirlunk	dirozunk	dir	lik	dirlik	1
gibemlik	gibemezik	nek	gibemlenek	gibemeznek	gibem	lik	gibemlik	2
gibemlik	gibemezik	tek	gibemletek	gibemeztek	gibem	lik	gibemlik	2
gibemlik	gibemezik	ünk	gibemlünk	gibemezünk	gibem	lik	gibemlik	2
flűgzik	flűgözik	nek	flűgzenek	flűgöznek	flűg	zik	flűgzik	1
flűgzik	flűgözik	tek	flűgzötök	flűgöztök	flűg	zik	flűgzik	1
flűgzik	flűgözik	ünk	flűgzünk	flűgözünk	flűg	zik	flűgzik	1
léregszik	léregedik	nek	léregszenek	léregednek	léreg	ßik	léregßik	2
léregszik	léregedik	tek	léregszetek	léregedtek	léreg	ßik	léregßik	2
léregszik	léregedik	ünk	léregszünk	léregedünk	léreg	ßik	léregßik	2
plihapszik	plihapodik	nek	plihapszanak	plihapodnak	plihap	ßik	plihapßik	2
plihapszik	plihapodik	tek	plihapszotok	plihapodtok	plihap	ßik	plihapßik	2
plihapszik	plihapodik	ünk	plihapszunk	plihapodunk	plihap	ßik	plihapßik	2
jínylik	jínyozik	nek	jínylanak	jínyoznak	jí¥	lik	jí¥lik	1
jínylik	jínyozik	tek	jínylotok	jínyoztok	jí¥	lik	jí¥lik	1
jínylik	jínyozik	ünk	jínylunk	jínyozunk	jí¥	lik	jí¥lik	1
dronylik	dronyozik	nek	dronylanak	dronyoznak	dro¥	lik	dro¥lik	1
dronylik	dronyozik	tek	dronylotok	dronyoztok	dro¥	lik	dro¥lik	1
dronylik	dronyozik	ünk	dronylunk	dronyozunk	dro¥	lik	dro¥lik	1
riványlik	riványozik	nek	riványlanak	riványoznak	rivá¥	lik	rivá¥lik	2
riványlik	riványozik	tek	riványlotok	riványoztok	rivá¥	lik	rivá¥lik	2
riványlik	riványozik	ünk	riványlunk	riványozunk	rivá¥	lik	rivá¥lik	2
szajlik	szajozik	nek	szajlanak	szajoznak	ßaj	lik	ßajlik	1
szajlik	szajozik	tek	szajlotok	szajoztok	ßaj	lik	ßajlik	1
szajlik	szajozik	ünk	szajlunk	szajozunk	ßaj	lik	ßajlik	1
rilagzik	rilagozik	nek	rilagzanak	rilagoznak	rilag	zik	rilagzik	2
rilagzik	rilagozik	tek	rilagzotok	rilagoztok	rilag	zik	rilagzik	2
rilagzik	rilagozik	ünk	rilagzunk	rilagozunk	rilag	zik	rilagzik	2
spilajlik	spilajozik	nek	spilajlanak	spilajoznak	spilaj	lik	spilajlik	2
spilajlik	spilajozik	tek	spilajlotok	spilajoztok	spilaj	lik	spilajlik	2
spilajlik	spilajozik	ünk	spilajlunk	spilajozunk	spilaj	lik	spilajlik	2
frihekszik	frihekedik	nek	frihekszenek	frihekednek	frihek	ßik	frihekßik	2
frihekszik	frihekedik	tek	frihekszetek	frihekedtek	frihek	ßik	frihekßik	2
frihekszik	frihekedik	ünk	frihekszünk	frihekedünk	frihek	ßik	frihekßik	2
csilárzik	csilározik	nek	csilárzanak	csilároznak	çilár	zik	çilárzik	2
csilárzik	csilározik	tek	csilárzotok	csilároztok	çilár	zik	çilárzik	2
csilárzik	csilározik	ünk	csilárzunk	csilározunk	çilár	zik	çilárzik	2
spivejlik	spivejezik	nek	spivejlenek	spivejeznek	spivej	lik	spivejlik	2
spivejlik	spivejezik	tek	spivejletek	spivejeztek	spivej	lik	spivejlik	2
spivejlik	spivejezik	ünk	spivejlünk	spivejezünk	spivej	lik	spivejlik	2
ihagszik	ihagodik	nek	ihagszanak	ihagodnak	ihag	ßik	ihagßik	2
ihagszik	ihagodik	tek	ihagszotok	ihagodtok	ihag	ßik	ihagßik	2
ihagszik	ihagodik	ünk	ihagszunk	ihagodunk	ihag	ßik	ihagßik	2
tágarzik	tágarozik	nek	tágarzanak	tágaroznak	tágar	zik	tágarzik	2
tágarzik	tágarozik	tek	tágarzotok	tágaroztok	tágar	zik	tágarzik	2
tágarzik	tágarozik	ünk	tágarzunk	tágarozunk	tágar	zik	tágarzik	2
bratárzik	bratározik	nek	bratárzanak	bratároznak	bratár	zik	bratárzik	2
bratárzik	bratározik	tek	bratárzotok	bratároztok	bratár	zik	bratárzik	2
bratárzik	bratározik	ünk	bratárzunk	bratározunk	bratár	zik	bratárzik	2
kléglik	klégezik	nek	kléglenek	klégeznek	klég	lik	kléglik	1
kléglik	klégezik	tek	klégletek	klégeztek	klég	lik	kléglik	1
kléglik	klégezik	ünk	kléglünk	klégezünk	klég	lik	kléglik	1
fréslik	frésezik	nek	fréslenek	fréseznek	frés	lik	fréslik	1
fréslik	frésezik	tek	frésletek	fréseztek	frés	lik	fréslik	1
fréslik	frésezik	ünk	fréslünk	frésezünk	frés	lik	fréslik	1
trálagszik	trálagodik	nek	trálagszanak	trálagodnak	trálag	ßik	trálagßik	2
trálagszik	trálagodik	tek	trálagszotok	trálagodtok	trálag	ßik	trálagßik	2
trálagszik	trálagodik	ünk	trálagszunk	trálagodunk	trálag	ßik	trálagßik	2
fröjzik	fröjözik	nek	fröjzenek	fröjöznek	fröj	zik	fröjzik	1
fröjzik	fröjözik	tek	fröjzötök	fröjöztök	fröj	zik	fröjzik	1
fröjzik	fröjözik	ünk	fröjzünk	fröjözünk	fröj	zik	fröjzik	1
bejzik	bejezik	nek	bejzenek	bejeznek	bej	zik	bejzik	1
bejzik	bejezik	tek	bejzetek	bejeztek	bej	zik	bejzik	1
bejzik	bejezik	ünk	bejzünk	bejezünk	bej	zik	bejzik	1
brözlik	brözözik	nek	brözlenek	brözöznek	bröz	lik	brözlik	1
brözlik	brözözik	tek	brözlötök	brözöztök	bröz	lik	brözlik	1
brözlik	brözözik	ünk	brözlünk	brözözünk	bröz	lik	brözlik	1
szehénylik	szehényezik	nek	szehénylenek	szehényeznek	ßehé¥	lik	ßehé¥lik	2
szehénylik	szehényezik	tek	szehényletek	szehényeztek	ßehé¥	lik	ßehé¥lik	2
szehénylik	szehényezik	ünk	szehénylünk	szehényezünk	ßehé¥	lik	ßehé¥lik	2
hibaglik	hibagozik	nek	hibaglanak	hibagoznak	hibag	lik	hibaglik	2
hibaglik	hibagozik	tek	hibaglotok	hibagoztok	hibag	lik	hibaglik	2
hibaglik	hibagozik	ünk	hibaglunk	hibagozunk	hibag	lik	hibaglik	2
gyihékszik	gyihékedik	nek	gyihékszenek	gyihékednek	©ihék	ßik	©ihékßik	2
gyihékszik	gyihékedik	tek	gyihékszetek	gyihékedtek	©ihék	ßik	©ihékßik	2
gyihékszik	gyihékedik	ünk	gyihékszünk	gyihékedünk	©ihék	ßik	©ihékßik	2
gyérepszik	gyérepedik	nek	gyérepszenek	gyérepednek	©érep	ßik	©érepßik	2
gyérepszik	gyérepedik	tek	gyérepszetek	gyérepedtek	©érep	ßik	©érepßik	2
gyérepszik	gyérepedik	ünk	gyérepszünk	gyérepedünk	©érep	ßik	©érepßik	2
klirégszik	klirégedik	nek	klirégszenek	klirégednek	klirég	ßik	klirégßik	2
klirégszik	klirégedik	tek	klirégszetek	klirégedtek	klirég	ßik	klirégßik	2
klirégszik	klirégedik	ünk	klirégszünk	klirégedünk	klirég	ßik	klirégßik	2
trojlik	trojozik	nek	trojlanak	trojoznak	troj	lik	trojlik	1
trojlik	trojozik	tek	trojlotok	trojoztok	troj	lik	trojlik	1
trojlik	trojozik	ünk	trojlunk	trojozunk	troj	lik	trojlik	1
klehénylik	klehényezik	nek	klehénylenek	klehényeznek	klehé¥	lik	klehé¥lik	2
klehénylik	klehényezik	tek	klehényletek	klehényeztek	klehé¥	lik	klehé¥lik	2
klehénylik	klehényezik	ünk	klehénylünk	klehényezünk	klehé¥	lik	klehé¥lik	2
vibeglik	vibegezik	nek	vibeglenek	vibegeznek	vibeg	lik	vibeglik	2
vibeglik	vibegezik	tek	vibegletek	vibegeztek	vibeg	lik	vibeglik	2
vibeglik	vibegezik	ünk	vibeglünk	vibegezünk	vibeg	lik	vibeglik	2
brólorzik	brólorozik	nek	brólorzanak	bróloroznak	brólor	zik	brólorzik	2
brólorzik	brólorozik	tek	brólorzotok	bróloroztok	brólor	zik	brólorzik	2
brólorzik	brólorozik	ünk	brólorzunk	brólorozunk	brólor	zik	brólorzik	2
máragszik	máragodik	nek	máragszanak	máragodnak	márag	ßik	máragßik	2
máragszik	máragodik	tek	máragszotok	máragodtok	márag	ßik	máragßik	2
máragszik	máragodik	ünk	máragszunk	máragodunk	márag	ßik	máragßik	2
vonylik	vonyozik	nek	vonylanak	vonyoznak	vo¥	lik	vo¥lik	1
vonylik	vonyozik	tek	vonylotok	vonyoztok	vo¥	lik	vo¥lik	1
vonylik	vonyozik	ünk	vonylunk	vonyozunk	vo¥	lik	vo¥lik	1
döjlik	döjözik	nek	döjlenek	döjöznek	döj	lik	döjlik	1
döjlik	döjözik	tek	döjlötök	döjöztök	döj	lik	döjlik	1
döjlik	döjözik	ünk	döjlünk	döjözünk	döj	lik	döjlik	1
drágajlik	drágajozik	nek	drágajlanak	drágajoznak	drágaj	lik	drágajlik	2
drágajlik	drágajozik	tek	drágajlotok	drágajoztok	drágaj	lik	drágajlik	2
drágajlik	drágajozik	ünk	drágajlunk	drágajozunk	drágaj	lik	drágajlik	2
gihamlik	gihamozik	nek	gihamlanak	gihamoznak	giham	lik	gihamlik	2
gihamlik	gihamozik	tek	gihamlotok	gihamoztok	giham	lik	gihamlik	2
gihamlik	gihamozik	ünk	gihamlunk	gihamozunk	giham	lik	gihamlik	2
magánylik	magányozik	nek	magánylanak	magányoznak	magá¥	lik	magá¥lik	2
magánylik	magányozik	tek	magánylotok	magányoztok	magá¥	lik	magá¥lik	2
magánylik	magányozik	ünk	magánylunk	magányozunk	magá¥	lik	magá¥lik	2
dilemlik	dilemezik	nek	dilemlenek	dilemeznek	dilem	lik	dilemlik	2
dilemlik	dilemezik	tek	dilemletek	dilemeztek	dilem	lik	dilemlik	2
dilemlik	dilemezik	ünk	dilemlünk	dilemezünk	dilem	lik	dilemlik	2
nyizlik	nyizozik	nek	nyizlanak	nyizoznak	¥iz	lik	¥izlik	1
nyizlik	nyizozik	tek	nyizlotok	nyizoztok	¥iz	lik	¥izlik	1
nyizlik	nyizozik	ünk	nyizlunk	nyizozunk	¥iz	lik	¥izlik	1
trilekszik	trilekedik	nek	trilekszenek	trilekednek	trilek	ßik	trilekßik	2
trilekszik	trilekedik	tek	trilekszetek	trilekedtek	trilek	ßik	trilekßik	2
trilekszik	trilekedik	ünk	trilekszünk	trilekedünk	trilek	ßik	trilekßik	2
fláraslik	flárasozik	nek	fláraslanak	flárasoznak	fláras	lik	fláraslik	2
fláraslik	flárasozik	tek	fláraslotok	flárasoztok	fláras	lik	fláraslik	2
fláraslik	flárasozik	ünk	fláraslunk	flárasozunk	fláras	lik	fláraslik	2
sprigzik	sprigozik	nek	sprigzanak	sprigoznak	sprig	zik	sprigzik	1
sprigzik	sprigozik	tek	sprigzotok	sprigoztok	sprig	zik	sprigzik	1
sprigzik	sprigozik	ünk	sprigzunk	sprigozunk	sprig	zik	sprigzik	1
plibagszik	plibagodik	nek	plibagszanak	plibagodnak	plibag	ßik	plibagßik	2
plibagszik	plibagodik	tek	plibagszotok	plibagodtok	plibag	ßik	plibagßik	2
plibagszik	plibagodik	ünk	plibagszunk	plibagodunk	plibag	ßik	plibagßik	2
csázlik	csázozik	nek	csázlanak	csázoznak	çáz	lik	çázlik	1
csázlik	csázozik	tek	csázlotok	csázoztok	çáz	lik	çázlik	1
csázlik	csázozik	ünk	csázlunk	csázozunk	çáz	lik	çázlik	1
dilaklik	dilakozik	nek	dilaklanak	dilakoznak	dilak	lik	dilaklik	2
dilaklik	dilakozik	tek	dilaklotok	dilakoztok	dilak	lik	dilaklik	2
dilaklik	dilakozik	ünk	dilaklunk	dilakozunk	dilak	lik	dilaklik	2
hálakszik	hálakodik	nek	hálakszanak	hálakodnak	hálak	ßik	hálakßik	2
hálakszik	hálakodik	tek	hálakszotok	hálakodtok	hálak	ßik	hálakßik	2
hálakszik	hálakodik	ünk	hálakszunk	hálakodunk	hálak	ßik	hálakßik	2
vömlik	vömözik	nek	vömlenek	vömöznek	vöm	lik	vömlik	1
vömlik	vömözik	tek	vömlötök	vömöztök	vöm	lik	vömlik	1
vömlik	vömözik	ünk	vömlünk	vömözünk	vöm	lik	vömlik	1
drejlik	drejezik	nek	drejlenek	drejeznek	drej	lik	drejlik	1
drejlik	drejezik	tek	drejletek	drejeztek	drej	lik	drejlik	1
drejlik	drejezik	ünk	drejlünk	drejezünk	drej	lik	drejlik	1
dihagzik	dihagozik	nek	dihagzanak	dihagoznak	dihag	zik	dihagzik	2
dihagzik	dihagozik	tek	dihagzotok	dihagoztok	dihag	zik	dihagzik	2
dihagzik	dihagozik	ünk	dihagzunk	dihagozunk	dihag	zik	dihagzik	2
flézlik	flézezik	nek	flézlenek	flézeznek	fléz	lik	flézlik	1
flézlik	flézezik	tek	flézletek	flézeztek	fléz	lik	flézlik	1
flézlik	flézezik	ünk	flézlünk	flézezünk	fléz	lik	flézlik	1
fratánylik	fratányozik	nek	fratánylanak	fratányoznak	fratá¥	lik	fratá¥lik	2
fratánylik	fratányozik	tek	fratánylotok	fratányoztok	fratá¥	lik	fratá¥lik	2
fratánylik	fratányozik	ünk	fratánylunk	fratányozunk	fratá¥	lik	fratá¥lik	2
pliremlik	pliremezik	nek	pliremlenek	pliremeznek	plirem	lik	pliremlik	2
pliremlik	pliremezik	tek	pliremletek	pliremeztek	plirem	lik	pliremlik	2
pliremlik	pliremezik	ünk	pliremlünk	pliremezünk	plirem	lik	pliremlik	2
promlik	promozik	nek	promlanak	promoznak	prom	lik	promlik	1
promlik	promozik	tek	promlotok	promoztok	prom	lik	promlik	1
promlik	promozik	ünk	promlunk	promozunk	prom	lik	promlik	1
lűklik	lűközik	nek	lűklenek	lűköznek	lűk	lik	lűklik	1
lűklik	lűközik	tek	lűklötök	lűköztök	lűk	lik	lűklik	1
lűklik	lűközik	ünk	lűklünk	lűközünk	lűk	lik	lűklik	1
pörzik	pörözik	nek	pörzenek	pöröznek	pör	zik	pörzik	1
pörzik	pörözik	tek	pörzötök	pöröztök	pör	zik	pörzik	1
pörzik	pörözik	ünk	pörzünk	pörözünk	pör	zik	pörzik	1
gyihegzik	gyihegezik	nek	gyihegzenek	gyihegeznek	©iheg	zik	©ihegzik	2
gyihegzik	gyihegezik	tek	gyihegzetek	gyihegeztek	©iheg	zik	©ihegzik	2
gyihegzik	gyihegezik	ünk	gyihegzünk	gyihegezünk	©iheg	zik	©ihegzik	2
trűjzik	trűjözik	nek	trűjzenek	trűjöznek	trűj	zik	trűjzik	1
trűjzik	trűjözik	tek	trűjzötök	trűjöztök	trűj	zik	trűjzik	1
trűjzik	trűjözik	ünk	trűjzünk	trűjözünk	trűj	zik	trűjzik	1
bálapszik	bálapodik	nek	bálapszanak	bálapodnak	bálap	ßik	bálapßik	2
bálapszik	bálapodik	tek	bálapszotok	bálapodtok	bálap	ßik	bálapßik	2
bálapszik	bálapodik	ünk	bálapszunk	bálapodunk	bálap	ßik	bálapßik	2
trólonylik	trólonyozik	nek	trólonylanak	trólonyoznak	trólo¥	lik	trólo¥lik	2
trólonylik	trólonyozik	tek	trólonylotok	trólonyoztok	trólo¥	lik	trólo¥lik	2
trólonylik	trólonyozik	ünk	trólonylunk	trólonyozunk	trólo¥	lik	trólo¥lik	2
spügzik	spügözik	nek	spügzenek	spügöznek	spüg	zik	spügzik	1
spügzik	spügözik	tek	spügzötök	spügöztök	spüg	zik	spügzik	1
spügzik	spügözik	ünk	spügzünk	spügözünk	spüg	zik	spügzik	1
fihakszik	fihakodik	nek	fihakszanak	fihakodnak	fihak	ßik	fihakßik	2
fihakszik	fihakodik	tek	fihakszotok	fihakodtok	fihak	ßik	fihakßik	2
fihakszik	fihakodik	ünk	fihakszunk	fihakodunk	fihak	ßik	fihakßik	2
siheglik	sihegezik	nek	siheglenek	sihegeznek	siheg	lik	siheglik	2
siheglik	sihegezik	tek	sihegletek	sihegeztek	siheg	lik	siheglik	2
siheglik	sihegezik	ünk	siheglünk	sihegezünk	siheg	lik	siheglik	2
vihapszik	vihapodik	nek	vihapszanak	vihapodnak	vihap	ßik	vihapßik	2
vihapszik	vihapodik	tek	vihapszotok	vihapodtok	vihap	ßik	vihapßik	2
vihapszik	vihapodik	ünk	vihapszunk	vihapodunk	vihap	ßik	vihapßik	2
gyihaklik	gyihakozik	nek	gyihaklanak	gyihakoznak	©ihak	lik	©ihaklik	2
gyihaklik	gyihakozik	tek	gyihaklotok	gyihakoztok	©ihak	lik	©ihaklik	2
gyihaklik	gyihakozik	ünk	gyihaklunk	gyihakozunk	©ihak	lik	©ihaklik	2
trivakszik	trivakodik	nek	trivakszanak	trivakodnak	trivak	ßik	trivakßik	2
trivakszik	trivakodik	tek	trivakszotok	trivakodtok	trivak	ßik	trivakßik	2
trivakszik	trivakodik	ünk	trivakszunk	trivakodunk	trivak	ßik	trivakßik	2
fröjlik	fröjözik	nek	fröjlenek	fröjöznek	fröj	lik	fröjlik	1
fröjlik	fröjözik	tek	fröjlötök	fröjöztök	fröj	lik	fröjlik	1
fröjlik	fröjözik	ünk	fröjlünk	fröjözünk	fröj	lik	fröjlik	1
fribakszik	fribakodik	nek	fribakszanak	fribakodnak	fribak	ßik	fribakßik	2
fribakszik	fribakodik	tek	fribakszotok	fribakodtok	fribak	ßik	fribakßik	2
fribakszik	fribakodik	ünk	fribakszunk	fribakodunk	fribak	ßik	fribakßik	2
triklik	trikozik	nek	triklanak	trikoznak	trik	lik	triklik	1
triklik	trikozik	tek	triklotok	trikoztok	trik	lik	triklik	1
triklik	trikozik	ünk	triklunk	trikozunk	trik	lik	triklik	1
dujzik	dujozik	nek	dujzanak	dujoznak	duj	zik	dujzik	1
dujzik	dujozik	tek	dujzotok	dujoztok	duj	zik	dujzik	1
dujzik	dujozik	ünk	dujzunk	dujozunk	duj	zik	dujzik	1
branylik	branyozik	nek	branylanak	branyoznak	bra¥	lik	bra¥lik	1
branylik	branyozik	tek	branylotok	branyoztok	bra¥	lik	bra¥lik	1
branylik	branyozik	ünk	branylunk	branyozunk	bra¥	lik	bra¥lik	1
pliszlik	pliszozik	nek	pliszlanak	pliszoznak	pliß	lik	plißlik	1
pliszlik	pliszozik	tek	pliszlotok	pliszoztok	pliß	lik	plißlik	1
pliszlik	pliszozik	ünk	pliszlunk	pliszozunk	pliß	lik	plißlik	1
hirégszik	hirégedik	nek	hirégszenek	hirégednek	hirég	ßik	hirégßik	2
hirégszik	hirégedik	tek	hirégszetek	hirégedtek	hirég	ßik	hirégßik	2
hirégszik	hirégedik	ünk	hirégszünk	hirégedünk	hirég	ßik	hirégßik	2
lélszik	léledik	nek	lélszenek	lélednek	lél	ßik	lélßik	1
lélszik	léledik	tek	lélszetek	léledtek	lél	ßik	lélßik	1
lélszik	léledik	ünk	lélszünk	léledünk	lél	ßik	lélßik	1
spalárzik	spalározik	nek	spalárzanak	spalároznak	spalár	zik	spalárzik	2
spalárzik	spalározik	tek	spalárzotok	spalároztok	spalár	zik	spalárzik	2
spalárzik	spalározik	ünk	spalárzunk	spalározunk	spalár	zik	spalárzik	2
mirénylik	mirényezik	nek	mirénylenek	mirényeznek	miré¥	lik	miré¥lik	2
mirénylik	mirényezik	tek	mirényletek	mirényeztek	miré¥	lik	miré¥lik	2
mirénylik	mirényezik	ünk	mirénylünk	mirényezünk	miré¥	lik	miré¥lik	2
nyélepszik	nyélepedik	nek	nyélepszenek	nyélepednek	¥élep	ßik	¥élepßik	2
nyélepszik	nyélepedik	tek	nyélepszetek	nyélepedtek	¥élep	ßik	¥élepßik	2
nyélepszik	nyélepedik	ünk	nyélepszünk	nyélepedünk	¥élep	ßik	¥élepßik	2
firamlik	firamozik	nek	firamlanak	firamoznak	firam	lik	firamlik	2
firamlik	firamozik	tek	firamlotok	firamoztok	firam	lik	firamlik	2
firamlik	firamozik	ünk	firamlunk	firamozunk	firam	lik	firamlik	2
píbzik	píbozik	nek	píbzanak	píboznak	píb	zik	píbzik	1
píbzik	píbozik	tek	píbzotok	píboztok	píb	zik	píbzik	1
píbzik	píbozik	ünk	píbzunk	píbozunk	píb	zik	píbzik	1
milegszik	milegedik	nek	milegszenek	milegednek	mileg	ßik	milegßik	2
milegszik	milegedik	tek	milegszetek	milegedtek	mileg	ßik	milegßik	2
milegszik	milegedik	ünk	milegszünk	milegedünk	mileg	ßik	milegßik	2
drojzik	drojozik	nek	drojzanak	drojoznak	droj	zik	drojzik	1
drojzik	drojozik	tek	drojzotok	drojoztok	droj	zik	drojzik	1
drojzik	drojozik	ünk	drojzunk	drojozunk	droj	zik	drojzik	1
frágakszik	frágakodik	nek	frágakszanak	frágakodnak	frágak	ßik	frágakßik	2
frágakszik	frágakodik	tek	frágakszotok	frágakodtok	frágak	ßik	frágakßik	2
frágakszik	frágakodik	ünk	frágakszunk	frágakodunk	frágak	ßik	frágakßik	2
spűjzik	spűjözik	nek	spűjzenek	spűjöznek	spűj	zik	spűjzik	1
spűjzik	spűjözik	tek	spűjzötök	spűjöztök	spűj	zik	spűjzik	1
spűjzik	spűjözik	ünk	spűjzünk	spűjözünk	spűj	zik	spűjzik	1
brájzik	brájozik	nek	brájzanak	brájoznak	bráj	zik	brájzik	1
brájzik	brájozik	tek	brájzotok	brájoztok	bráj	zik	brájzik	1
brájzik	brájozik	ünk	brájzunk	brájozunk	bráj	zik	brájzik	1
brárlik	brározik	nek	brárlanak	brároznak	brár	lik	brárlik	1
brárlik	brározik	tek	brárlotok	brároztok	brár	lik	brárlik	1
brárlik	brározik	ünk	brárlunk	brározunk	brár	lik	brárlik	1
bruborzik	bruborozik	nek	bruborzanak	bruboroznak	brubor	zik	bruborzik	2
bruborzik	bruborozik	tek	bruborzotok	bruboroztok	brubor	zik	bruborzik	2
bruborzik	bruborozik	ünk	bruborzunk	bruborozunk	brubor	zik	bruborzik	2
kláragszik	kláragodik	nek	kláragszanak	kláragodnak	klárag	ßik	kláragßik	2
kláragszik	kláragodik	tek	kláragszotok	kláragodtok	klárag	ßik	kláragßik	2
kláragszik	kláragodik	ünk	kláragszunk	kláragodunk	klárag	ßik	kláragßik	2
valánylik	valányozik	nek	valánylanak	valányoznak	valá¥	lik	valá¥lik	2
valánylik	valányozik	tek	valánylotok	valányoztok	valá¥	lik	valá¥lik	2
valánylik	valányozik	ünk	valánylunk	valányozunk	valá¥	lik	valá¥lik	2
nyüröslik	nyürösözik	nek	nyüröslenek	nyürösöznek	¥ürös	lik	¥üröslik	2
nyüröslik	nyürösözik	tek	nyüröslötök	nyürösöztök	¥ürös	lik	¥üröslik	2
nyüröslik	nyürösözik	ünk	nyüröslünk	nyürösözünk	¥ürös	lik	¥üröslik	2
tratágzik	tratágozik	nek	tratágzanak	tratágoznak	tratág	zik	tratágzik	2
tratágzik	tratágozik	tek	tratágzotok	tratágoztok	tratág	zik	tratágzik	2
tratágzik	tratágozik	ünk	tratágzunk	tratágozunk	tratág	zik	tratágzik	2
drakszik	drakodik	nek	drakszanak	drakodnak	drak	ßik	drakßik	1
drakszik	drakodik	tek	drakszotok	drakodtok	drak	ßik	drakßik	1
drakszik	drakodik	ünk	drakszunk	drakodunk	drak	ßik	drakßik	1
hirajlik	hirajozik	nek	hirajlanak	hirajoznak	hiraj	lik	hirajlik	2
hirajlik	hirajozik	tek	hirajlotok	hirajoztok	hiraj	lik	hirajlik	2
hirajlik	hirajozik	ünk	hirajlunk	hirajozunk	hiraj	lik	hirajlik	2
csibagzik	csibagozik	nek	csibagzanak	csibagoznak	çibag	zik	çibagzik	2
csibagzik	csibagozik	tek	csibagzotok	csibagoztok	çibag	zik	çibagzik	2
csibagzik	csibagozik	ünk	csibagzunk	csibagozunk	çibag	zik	çibagzik	2
tágaklik	tágakozik	nek	tágaklanak	tágakoznak	tágak	lik	tágaklik	2
tágaklik	tágakozik	tek	tágaklotok	tágakoztok	tágak	lik	tágaklik	2
tágaklik	tágakozik	ünk	tágaklunk	tágakozunk	tágak	lik	tágaklik	2
leténylik	letényezik	nek	leténylenek	letényeznek	leté¥	lik	leté¥lik	2
leténylik	letényezik	tek	letényletek	letényeztek	leté¥	lik	leté¥lik	2
leténylik	letényezik	ünk	leténylünk	letényezünk	leté¥	lik	leté¥lik	2
telszik	teledik	nek	telszenek	telednek	tel	ßik	telßik	1
telszik	teledik	tek	telszetek	teledtek	tel	ßik	telßik	1
telszik	teledik	ünk	telszünk	teledünk	tel	ßik	telßik	1
tilapszik	tilapodik	nek	tilapszanak	tilapodnak	tilap	ßik	tilapßik	2
tilapszik	tilapodik	tek	tilapszotok	tilapodtok	tilap	ßik	tilapßik	2
tilapszik	tilapodik	ünk	tilapszunk	tilapodunk	tilap	ßik	tilapßik	2
hákszik	hákodik	nek	hákszanak	hákodnak	hák	ßik	hákßik	1
hákszik	hákodik	tek	hákszotok	hákodtok	hák	ßik	hákßik	1
hákszik	hákodik	ünk	hákszunk	hákodunk	hák	ßik	hákßik	1
bokszik	bokodik	nek	bokszanak	bokodnak	bok	ßik	bokßik	1
bokszik	bokodik	tek	bokszotok	bokodtok	bok	ßik	bokßik	1
bokszik	bokodik	ünk	bokszunk	bokodunk	bok	ßik	bokßik	1
lagárzik	lagározik	nek	lagárzanak	lagároznak	lagár	zik	lagárzik	2
lagárzik	lagározik	tek	lagárzotok	lagároztok	lagár	zik	lagárzik	2
lagárzik	lagározik	ünk	lagárzunk	lagározunk	lagár	zik	lagárzik	2
sigzik	sigozik	nek	sigzanak	sigoznak	sig	zik	sigzik	1
sigzik	sigozik	tek	sigzotok	sigoztok	sig	zik	sigzik	1
sigzik	sigozik	ünk	sigzunk	sigozunk	sig	zik	sigzik	1
tágakszik	tágakodik	nek	tágakszanak	tágakodnak	tágak	ßik	tágakßik	2
tágakszik	tágakodik	tek	tágakszotok	tágakodtok	tágak	ßik	tágakßik	2
tágakszik	tágakodik	ünk	tágakszunk	tágakodunk	tágak	ßik	tágakßik	2
bötőrzik	bötőrözik	nek	bötőrzenek	bötőröznek	bötőr	zik	bötőrzik	2
bötőrzik	bötőrözik	tek	bötőrzötök	bötőröztök	bötőr	zik	bötőrzik	2
bötőrzik	bötőrözik	ünk	bötőrzünk	bötőrözünk	bötőr	zik	bötőrzik	2
sprűrlik	sprűrözik	nek	sprűrlenek	sprűröznek	sprűr	lik	sprűrlik	1
sprűrlik	sprűrözik	tek	sprűrlötök	sprűröztök	sprűr	lik	sprűrlik	1
sprűrlik	sprűrözik	ünk	sprűrlünk	sprűrözünk	sprűr	lik	sprűrlik	1
lumlik	lumozik	nek	lumlanak	lumoznak	lum	lik	lumlik	1
lumlik	lumozik	tek	lumlotok	lumoztok	lum	lik	lumlik	1
lumlik	lumozik	ünk	lumlunk	lumozunk	lum	lik	lumlik	1
kliránylik	klirányozik	nek	kliránylanak	klirányoznak	klirá¥	lik	klirá¥lik	2
kliránylik	klirányozik	tek	kliránylotok	klirányoztok	klirá¥	lik	klirá¥lik	2
kliránylik	klirányozik	ünk	kliránylunk	klirányozunk	klirá¥	lik	klirá¥lik	2
csubzik	csubozik	nek	csubzanak	csuboznak	çub	zik	çubzik	1
csubzik	csubozik	tek	csubzotok	csuboztok	çub	zik	çubzik	1
csubzik	csubozik	ünk	csubzunk	csubozunk	çub	zik	çubzik	1
szörlik	szörözik	nek	szörlenek	szöröznek	ßör	lik	ßörlik	1
szörlik	szörözik	tek	szörlötök	szöröztök	ßör	lik	ßörlik	1
szörlik	szörözik	ünk	szörlünk	szörözünk	ßör	lik	ßörlik	1
fihemlik	fihemezik	nek	fihemlenek	fihemeznek	fihem	lik	fihemlik	2
fihemlik	fihemezik	tek	fihemletek	fihemeztek	fihem	lik	fihemlik	2
fihemlik	fihemezik	ünk	fihemlünk	fihemezünk	fihem	lik	fihemlik	2
filánylik	filányozik	nek	filánylanak	filányoznak	filá¥	lik	filá¥lik	2
filánylik	filányozik	tek	filánylotok	filányoztok	filá¥	lik	filá¥lik	2
filánylik	filányozik	ünk	filánylunk	filányozunk	filá¥	lik	filá¥lik	2
hílszik	hílodik	nek	hílszanak	hílodnak	híl	ßik	hílßik	1
hílszik	hílodik	tek	hílszotok	hílodtok	híl	ßik	hílßik	1
hílszik	hílodik	ünk	hílszunk	hílodunk	híl	ßik	hílßik	1
spuborzik	spuborozik	nek	spuborzanak	spuboroznak	spubor	zik	spuborzik	2
spuborzik	spuborozik	tek	spuborzotok	spuboroztok	spubor	zik	spuborzik	2
spuborzik	spuborozik	ünk	spuborzunk	spuborozunk	spubor	zik	spuborzik	2
fegzik	fegezik	nek	fegzenek	fegeznek	feg	zik	fegzik	1
fegzik	fegezik	tek	fegzetek	fegeztek	feg	zik	fegzik	1
fegzik	fegezik	ünk	fegzünk	fegezünk	feg	zik	fegzik	1
drilarzik	drilarozik	nek	drilarzanak	drilaroznak	drilar	zik	drilarzik	2
drilarzik	drilarozik	tek	drilarzotok	drilaroztok	drilar	zik	drilarzik	2
drilarzik	drilarozik	ünk	drilarzunk	drilarozunk	drilar	zik	drilarzik	2
drivegzik	drivegezik	nek	drivegzenek	drivegeznek	driveg	zik	drivegzik	2
drivegzik	drivegezik	tek	drivegzetek	drivegeztek	driveg	zik	drivegzik	2
drivegzik	drivegezik	ünk	drivegzünk	drivegezünk	driveg	zik	drivegzik	2
lödlik	lödözik	nek	lödlenek	lödöznek	löd	lik	lödlik	1
lödlik	lödözik	tek	lödlötök	lödöztök	löd	lik	lödlik	1
lödlik	lödözik	ünk	lödlünk	lödözünk	löd	lik	lödlik	1
plímlik	plímozik	nek	plímlanak	plímoznak	plím	lik	plímlik	1
plímlik	plímozik	tek	plímlotok	plímoztok	plím	lik	plímlik	1
plímlik	plímozik	ünk	plímlunk	plímozunk	plím	lik	plímlik	1
fóloklik	fólokozik	nek	fóloklanak	fólokoznak	fólok	lik	fóloklik	2
fóloklik	fólokozik	tek	fóloklotok	fólokoztok	fólok	lik	fóloklik	2
fóloklik	fólokozik	ünk	fóloklunk	fólokozunk	fólok	lik	fóloklik	2
plérepszik	plérepedik	nek	plérepszenek	plérepednek	plérep	ßik	plérepßik	2
plérepszik	plérepedik	tek	plérepszetek	plérepedtek	plérep	ßik	plérepßik	2
plérepszik	plérepedik	ünk	plérepszünk	plérepedünk	plérep	ßik	plérepßik	2
spibamlik	spibamozik	nek	spibamlanak	spibamoznak	spibam	lik	spibamlik	2
spibamlik	spibamozik	tek	spibamlotok	spibamoztok	spibam	lik	spibamlik	2
spibamlik	spibamozik	ünk	spibamlunk	spibamozunk	spibam	lik	spibamlik	2
nágapszik	nágapodik	nek	nágapszanak	nágapodnak	nágap	ßik	nágapßik	2
nágapszik	nágapodik	tek	nágapszotok	nágapodtok	nágap	ßik	nágapßik	2
nágapszik	nágapodik	ünk	nágapszunk	nágapodunk	nágap	ßik	nágapßik	2
köszlik	köszözik	nek	köszlenek	köszöznek	köß	lik	kößlik	1
köszlik	köszözik	tek	köszlötök	köszöztök	köß	lik	kößlik	1
köszlik	köszözik	ünk	köszlünk	köszözünk	köß	lik	kößlik	1
nyürzik	nyürözik	nek	nyürzenek	nyüröznek	¥ür	zik	¥ürzik	1
nyürzik	nyürözik	tek	nyürzötök	nyüröztök	¥ür	zik	¥ürzik	1
nyürzik	nyürözik	ünk	nyürzünk	nyürözünk	¥ür	zik	¥ürzik	1
spelénylik	spelényezik	nek	spelénylenek	spelényeznek	spelé¥	lik	spelé¥lik	2
spelénylik	spelényezik	tek	spelényletek	spelényeztek	spelé¥	lik	spelé¥lik	2
spelénylik	spelényezik	ünk	spelénylünk	spelényezünk	spelé¥	lik	spelé¥lik	2
dribemlik	dribemezik	nek	dribemlenek	dribemeznek	dribem	lik	dribemlik	2
dribemlik	dribemezik	tek	dribemletek	dribemeztek	dribem	lik	dribemlik	2
dribemlik	dribemezik	ünk	dribemlünk	dribemezünk	dribem	lik	dribemlik	2
míslik	mísozik	nek	míslanak	mísoznak	mís	lik	míslik	1
míslik	mísozik	tek	míslotok	mísoztok	mís	lik	míslik	1
míslik	mísozik	ünk	míslunk	mísozunk	mís	lik	míslik	1
brürzik	brürözik	nek	brürzenek	brüröznek	brür	zik	brürzik	1
brürzik	brürözik	tek	brürzötök	brüröztök	brür	zik	brürzik	1
brürzik	brürözik	ünk	brürzünk	brürözünk	brür	zik	brürzik	1
hilepszik	hilepedik	nek	hilepszenek	hilepednek	hilep	ßik	hilepßik	2
hilepszik	hilepedik	tek	hilepszetek	hilepedtek	hilep	ßik	hilepßik	2
hilepszik	hilepedik	ünk	hilepszünk	hilepedünk	hilep	ßik	hilepßik	2
tuborzik	tuborozik	nek	tuborzanak	tuboroznak	tubor	zik	tuborzik	2
tuborzik	tuborozik	tek	tuborzotok	tuboroztok	tubor	zik	tuborzik	2
tuborzik	tuborozik	ünk	tuborzunk	tuborozunk	tubor	zik	tuborzik	2
pribaglik	pribagozik	nek	pribaglanak	pribagoznak	pribag	lik	pribaglik	2
pribaglik	pribagozik	tek	pribaglotok	pribagoztok	pribag	lik	pribaglik	2
pribaglik	pribagozik	ünk	pribaglunk	pribagozunk	pribag	lik	pribaglik	2
diránylik	dirányozik	nek	diránylanak	dirányoznak	dirá¥	lik	dirá¥lik	2
diránylik	dirányozik	tek	diránylotok	dirányoztok	dirá¥	lik	dirá¥lik	2
diránylik	dirányozik	ünk	diránylunk	dirányozunk	dirá¥	lik	dirá¥lik	2
tivégszik	tivégedik	nek	tivégszenek	tivégednek	tivég	ßik	tivégßik	2
tivégszik	tivégedik	tek	tivégszetek	tivégedtek	tivég	ßik	tivégßik	2
tivégszik	tivégedik	ünk	tivégszünk	tivégedünk	tivég	ßik	tivégßik	2
tribégszik	tribégedik	nek	tribégszenek	tribégednek	tribég	ßik	tribégßik	2
tribégszik	tribégedik	tek	tribégszetek	tribégedtek	tribég	ßik	tribégßik	2
tribégszik	tribégedik	ünk	tribégszünk	tribégedünk	tribég	ßik	tribégßik	2
giharzik	giharozik	nek	giharzanak	giharoznak	gihar	zik	giharzik	2
giharzik	giharozik	tek	giharzotok	giharoztok	gihar	zik	giharzik	2
giharzik	giharozik	ünk	giharzunk	giharozunk	gihar	zik	giharzik	2
lájzik	lájozik	nek	lájzanak	lájoznak	láj	zik	lájzik	1
lájzik	lájozik	tek	lájzotok	lájoztok	láj	zik	lájzik	1
lájzik	lájozik	ünk	lájzunk	lájozunk	láj	zik	lájzik	1
hileglik	hilegezik	nek	hileglenek	hilegeznek	hileg	lik	hileglik	2
hileglik	hilegezik	tek	hilegletek	hilegeztek	hileg	lik	hileglik	2
hileglik	hilegezik	ünk	hileglünk	hilegezünk	hileg	lik	hileglik	2
livekszik	livekedik	nek	livekszenek	livekednek	livek	ßik	livekßik	2
livekszik	livekedik	tek	livekszetek	livekedtek	livek	ßik	livekßik	2
livekszik	livekedik	ünk	livekszünk	livekedünk	livek	ßik	livekßik	2
míjzik	míjozik	nek	míjzanak	míjoznak	míj	zik	míjzik	1
míjzik	míjozik	tek	míjzotok	míjoztok	míj	zik	míjzik	1
míjzik	míjozik	ünk	míjzunk	míjozunk	míj	zik	míjzik	1
gihejlik	gihejezik	nek	gihejlenek	gihejeznek	gihej	lik	gihejlik	2
gihejlik	gihejezik	tek	gihejletek	gihejeztek	gihej	lik	gihejlik	2
gihejlik	gihejezik	ünk	gihejlünk	gihejezünk	gihej	lik	gihejlik	2
kiháglik	kihágozik	nek	kiháglanak	kihágoznak	kihág	lik	kiháglik	2
kiháglik	kihágozik	tek	kiháglotok	kihágoztok	kihág	lik	kiháglik	2
kiháglik	kihágozik	ünk	kiháglunk	kihágozunk	kihág	lik	kiháglik	2
padlik	padozik	nek	padlanak	padoznak	pad	lik	padlik	1
padlik	padozik	tek	padlotok	padoztok	pad	lik	padlik	1
padlik	padozik	ünk	padlunk	padozunk	pad	lik	padlik	1
plűröslik	plűrösözik	nek	plűröslenek	plűrösöznek	plűrös	lik	plűröslik	2
plűröslik	plűrösözik	tek	plűröslötök	plűrösöztök	plűrös	lik	plűröslik	2
plűröslik	plűrösözik	ünk	plűröslünk	plűrösözünk	plűrös	lik	plűröslik	2
plágapszik	plágapodik	nek	plágapszanak	plágapodnak	plágap	ßik	plágapßik	2
plágapszik	plágapodik	tek	plágapszotok	plágapodtok	plágap	ßik	plágapßik	2
plágapszik	plágapodik	ünk	plágapszunk	plágapodunk	plágap	ßik	plágapßik	2
brélepszik	brélepedik	nek	brélepszenek	brélepednek	brélep	ßik	brélepßik	2
brélepszik	brélepedik	tek	brélepszetek	brélepedtek	brélep	ßik	brélepßik	2
brélepszik	brélepedik	ünk	brélepszünk	brélepedünk	brélep	ßik	brélepßik	2
pibegzik	pibegezik	nek	pibegzenek	pibegeznek	pibeg	zik	pibegzik	2
pibegzik	pibegezik	tek	pibegzetek	pibegeztek	pibeg	zik	pibegzik	2
pibegzik	pibegezik	ünk	pibegzünk	pibegezünk	pibeg	zik	pibegzik	2
trihaklik	trihakozik	nek	trihaklanak	trihakoznak	trihak	lik	trihaklik	2
trihaklik	trihakozik	tek	trihaklotok	trihakoztok	trihak	lik	trihaklik	2
trihaklik	trihakozik	ünk	trihaklunk	trihakozunk	trihak	lik	trihaklik	2
flibaklik	flibakozik	nek	flibaklanak	flibakoznak	flibak	lik	flibaklik	2
flibaklik	flibakozik	tek	flibaklotok	flibakoztok	flibak	lik	flibaklik	2
flibaklik	flibakozik	ünk	flibaklunk	flibakozunk	flibak	lik	flibaklik	2
tólorzik	tólorozik	nek	tólorzanak	tóloroznak	tólor	zik	tólorzik	2
tólorzik	tólorozik	tek	tólorzotok	tóloroztok	tólor	zik	tólorzik	2
tólorzik	tólorozik	ünk	tólorzunk	tólorozunk	tólor	zik	tólorzik	2
nyérekszik	nyérekedik	nek	nyérekszenek	nyérekednek	¥érek	ßik	¥érekßik	2
nyérekszik	nyérekedik	tek	nyérekszetek	nyérekedtek	¥érek	ßik	¥érekßik	2
nyérekszik	nyérekedik	ünk	nyérekszünk	nyérekedünk	¥érek	ßik	¥érekßik	2
nyilarzik	nyilarozik	nek	nyilarzanak	nyilaroznak	¥ilar	zik	¥ilarzik	2
nyilarzik	nyilarozik	tek	nyilarzotok	nyilaroztok	¥ilar	zik	¥ilarzik	2
nyilarzik	nyilarozik	ünk	nyilarzunk	nyilarozunk	¥ilar	zik	¥ilarzik	2
ivejlik	ivejezik	nek	ivejlenek	ivejeznek	ivej	lik	ivejlik	2
ivejlik	ivejezik	tek	ivejletek	ivejeztek	ivej	lik	ivejlik	2
ivejlik	ivejezik	ünk	ivejlünk	ivejezünk	ivej	lik	ivejlik	2
plibzik	plibozik	nek	plibzanak	pliboznak	plib	zik	plibzik	1
plibzik	plibozik	tek	plibzotok	pliboztok	plib	zik	plibzik	1
plibzik	plibozik	ünk	plibzunk	plibozunk	plib	zik	plibzik	1
gatáglik	gatágozik	nek	gatáglanak	gatágoznak	gatág	lik	gatáglik	2
gatáglik	gatágozik	tek	gatáglotok	gatágoztok	gatág	lik	gatáglik	2
gatáglik	gatágozik	ünk	gatáglunk	gatágozunk	gatág	lik	gatáglik	2
dréleglik	drélegezik	nek	dréleglenek	drélegeznek	dréleg	lik	dréleglik	2
dréleglik	drélegezik	tek	drélegletek	drélegeztek	dréleg	lik	dréleglik	2
dréleglik	drélegezik	ünk	dréleglünk	drélegezünk	dréleg	lik	dréleglik	2
trivárzik	trivározik	nek	trivárzanak	trivároznak	trivár	zik	trivárzik	2
trivárzik	trivározik	tek	trivárzotok	trivároztok	trivár	zik	trivárzik	2
trivárzik	trivározik	ünk	trivárzunk	trivározunk	trivár	zik	trivárzik	2
drélegszik	drélegedik	nek	drélegszenek	drélegednek	dréleg	ßik	drélegßik	2
drélegszik	drélegedik	tek	drélegszetek	drélegedtek	dréleg	ßik	drélegßik	2
drélegszik	drélegedik	ünk	drélegszünk	drélegedünk	dréleg	ßik	drélegßik	2
libakszik	libakodik	nek	libakszanak	libakodnak	libak	ßik	libakßik	2
libakszik	libakodik	tek	libakszotok	libakodtok	libak	ßik	libakßik	2
libakszik	libakodik	ünk	libakszunk	libakodunk	libak	ßik	libakßik	2
flöklik	flöközik	nek	flöklenek	flököznek	flök	lik	flöklik	1
flöklik	flöközik	tek	flöklötök	flököztök	flök	lik	flöklik	1
flöklik	flöközik	ünk	flöklünk	flöközünk	flök	lik	flöklik	1
nelégszik	nelégedik	nek	nelégszenek	nelégednek	nelég	ßik	nelégßik	2
nelégszik	nelégedik	tek	nelégszetek	nelégedtek	nelég	ßik	nelégßik	2
nelégszik	nelégedik	ünk	nelégszünk	nelégedünk	nelég	ßik	nelégßik	2
nirekszik	nirekedik	nek	nirekszenek	nirekednek	nirek	ßik	nirekßik	2
nirekszik	nirekedik	tek	nirekszetek	nirekedtek	nirek	ßik	nirekßik	2
nirekszik	nirekedik	ünk	nirekszünk	nirekedünk	nirek	ßik	nirekßik	2
dárakszik	dárakodik	nek	dárakszanak	dárakodnak	dárak	ßik	dárakßik	2
dárakszik	dárakodik	tek	dárakszotok	dárakodtok	dárak	ßik	dárakßik	2
dárakszik	dárakodik	ünk	dárakszunk	dárakodunk	dárak	ßik	dárakßik	2
bulszik	bulodik	nek	bulszanak	bulodnak	bul	ßik	bulßik	1
bulszik	bulodik	tek	bulszotok	bulodtok	bul	ßik	bulßik	1
bulszik	bulodik	ünk	bulszunk	bulodunk	bul	ßik	bulßik	1
hetékszik	hetékedik	nek	hetékszenek	hetékednek	heték	ßik	hetékßik	2
hetékszik	hetékedik	tek	hetékszetek	hetékedtek	heték	ßik	hetékßik	2
hetékszik	hetékedik	ünk	hetékszünk	hetékedünk	heték	ßik	hetékßik	2
püzlik	püzözik	nek	püzlenek	püzöznek	püz	lik	püzlik	1
püzlik	püzözik	tek	püzlötök	püzöztök	püz	lik	püzlik	1
püzlik	püzözik	ünk	püzlünk	püzözünk	püz	lik	püzlik	1
trihágzik	trihágozik	nek	trihágzanak	trihágoznak	trihág	zik	trihágzik	2
trihágzik	trihágozik	tek	trihágzotok	trihágoztok	trihág	zik	trihágzik	2
trihágzik	trihágozik	ünk	trihágzunk	trihágozunk	trihág	zik	trihágzik	2
spirlik	spirozik	nek	spirlanak	spiroznak	spir	lik	spirlik	1
spirlik	spirozik	tek	spirlotok	spiroztok	spir	lik	spirlik	1
spirlik	spirozik	ünk	spirlunk	spirozunk	spir	lik	spirlik	1
flemlik	flemezik	nek	flemlenek	flemeznek	flem	lik	flemlik	1
flemlik	flemezik	tek	flemletek	flemeztek	flem	lik	flemlik	1
flemlik	flemezik	ünk	flemlünk	flemezünk	flem	lik	flemlik	1
dreténylik	dretényezik	nek	dreténylenek	dretényeznek	dreté¥	lik	dreté¥lik	2
dreténylik	dretényezik	tek	dretényletek	dretényeztek	dreté¥	lik	dreté¥lik	2
dreténylik	dretényezik	ünk	dreténylünk	dretényezünk	dreté¥	lik	dreté¥lik	2
trülöklik	trülöközik	nek	trülöklenek	trülököznek	trülök	lik	trülöklik	2
trülöklik	trülöközik	tek	trülöklötök	trülököztök	trülök	lik	trülöklik	2
trülöklik	trülöközik	ünk	trülöklünk	trülöközünk	trülök	lik	trülöklik	2
ibénylik	ibényezik	nek	ibénylenek	ibényeznek	ibé¥	lik	ibé¥lik	2
ibénylik	ibényezik	tek	ibényletek	ibényeztek	ibé¥	lik	ibé¥lik	2
ibénylik	ibényezik	ünk	ibénylünk	ibényezünk	ibé¥	lik	ibé¥lik	2
brülöslik	brülösözik	nek	brülöslenek	brülösöznek	brülös	lik	brülöslik	2
brülöslik	brülösözik	tek	brülöslötök	brülösöztök	brülös	lik	brülöslik	2
brülöslik	brülösözik	ünk	brülöslünk	brülösözünk	brülös	lik	brülöslik	2
datánylik	datányozik	nek	datánylanak	datányoznak	datá¥	lik	datá¥lik	2
datánylik	datányozik	tek	datánylotok	datányoztok	datá¥	lik	datá¥lik	2
datánylik	datányozik	ünk	datánylunk	datányozunk	datá¥	lik	datá¥lik	2
ékszik	ékedik	nek	ékszenek	ékednek	ék	ßik	ékßik	1
ékszik	ékedik	tek	ékszetek	ékedtek	ék	ßik	ékßik	1
ékszik	ékedik	ünk	ékszünk	ékedünk	ék	ßik	ékßik	1
dribapszik	dribapodik	nek	dribapszanak	dribapodnak	dribap	ßik	dribapßik	2
dribapszik	dribapodik	tek	dribapszotok	dribapodtok	dribap	ßik	dribapßik	2
dribapszik	dribapodik	ünk	dribapszunk	dribapodunk	dribap	ßik	dribapßik	2
uklik	ukozik	nek	uklanak	ukoznak	uk	lik	uklik	1
uklik	ukozik	tek	uklotok	ukoztok	uk	lik	uklik	1
uklik	ukozik	ünk	uklunk	ukozunk	uk	lik	uklik	1
nyádlik	nyádozik	nek	nyádlanak	nyádoznak	¥ád	lik	¥ádlik	1
nyádlik	nyádozik	tek	nyádlotok	nyádoztok	¥ád	lik	¥ádlik	1
nyádlik	nyádozik	ünk	nyádlunk	nyádozunk	¥ád	lik	¥ádlik	1
brilajlik	brilajozik	nek	brilajlanak	brilajoznak	brilaj	lik	brilajlik	2
brilajlik	brilajozik	tek	brilajlotok	brilajoztok	brilaj	lik	brilajlik	2
brilajlik	brilajozik	ünk	brilajlunk	brilajozunk	brilaj	lik	brilajlik	2
térzik	térezik	nek	térzenek	téreznek	tér	zik	térzik	1
térzik	térezik	tek	térzetek	téreztek	tér	zik	térzik	1
térzik	térezik	ünk	térzünk	térezünk	tér	zik	térzik	1
baráglik	barágozik	nek	baráglanak	barágoznak	barág	lik	baráglik	2
baráglik	barágozik	tek	baráglotok	barágoztok	barág	lik	baráglik	2
baráglik	barágozik	ünk	baráglunk	barágozunk	barág	lik	baráglik	2
trugzik	trugozik	nek	trugzanak	trugoznak	trug	zik	trugzik	1
trugzik	trugozik	tek	trugzotok	trugoztok	trug	zik	trugzik	1
trugzik	trugozik	ünk	trugzunk	trugozunk	trug	zik	trugzik	1
kliregzik	kliregezik	nek	kliregzenek	kliregeznek	klireg	zik	kliregzik	2
kliregzik	kliregezik	tek	kliregzetek	kliregeztek	klireg	zik	kliregzik	2
kliregzik	kliregezik	ünk	kliregzünk	kliregezünk	klireg	zik	kliregzik	2
flátlik	flátozik	nek	flátlanak	flátoznak	flát	lik	flátlik	1
flátlik	flátozik	tek	flátlotok	flátoztok	flát	lik	flátlik	1
flátlik	flátozik	ünk	flátlunk	flátozunk	flát	lik	flátlik	1
flivegzik	flivegezik	nek	flivegzenek	flivegeznek	fliveg	zik	flivegzik	2
flivegzik	flivegezik	tek	flivegzetek	flivegeztek	fliveg	zik	flivegzik	2
flivegzik	flivegezik	ünk	flivegzünk	flivegezünk	fliveg	zik	flivegzik	2
klenylik	klenyezik	nek	klenylenek	klenyeznek	kle¥	lik	kle¥lik	1
klenylik	klenyezik	tek	klenyletek	klenyeztek	kle¥	lik	kle¥lik	1
klenylik	klenyezik	ünk	klenylünk	klenyezünk	kle¥	lik	kle¥lik	1
forzik	forozik	nek	forzanak	foroznak	for	zik	forzik	1
forzik	forozik	tek	forzotok	foroztok	for	zik	forzik	1
forzik	forozik	ünk	forzunk	forozunk	for	zik	forzik	1
nugoslik	nugosozik	nek	nugoslanak	nugosoznak	nugos	lik	nugoslik	2
nugoslik	nugosozik	tek	nugoslotok	nugosoztok	nugos	lik	nugoslik	2
nugoslik	nugosozik	ünk	nugoslunk	nugosozunk	nugos	lik	nugoslik	2
gibagszik	gibagodik	nek	gibagszanak	gibagodnak	gibag	ßik	gibagßik	2
gibagszik	gibagodik	tek	gibagszotok	gibagodtok	gibag	ßik	gibagßik	2
gibagszik	gibagodik	ünk	gibagszunk	gibagodunk	gibag	ßik	gibagßik	2
sztrorlik	sztrorozik	nek	sztrorlanak	sztroroznak	ßtror	lik	ßtrorlik	1
sztrorlik	sztrorozik	tek	sztrorlotok	sztroroztok	ßtror	lik	ßtrorlik	1
sztrorlik	sztrorozik	ünk	sztrorlunk	sztrorozunk	ßtror	lik	ßtrorlik	1
prihegszik	prihegedik	nek	prihegszenek	prihegednek	priheg	ßik	prihegßik	2
prihegszik	prihegedik	tek	prihegszetek	prihegedtek	priheg	ßik	prihegßik	2
prihegszik	prihegedik	ünk	prihegszünk	prihegedünk	priheg	ßik	prihegßik	2
rérlik	rérezik	nek	rérlenek	réreznek	rér	lik	rérlik	1
rérlik	rérezik	tek	rérletek	réreztek	rér	lik	rérlik	1
rérlik	rérezik	ünk	rérlünk	rérezünk	rér	lik	rérlik	1
klijzik	klijozik	nek	klijzanak	klijoznak	klij	zik	klijzik	1
klijzik	klijozik	tek	klijzotok	klijoztok	klij	zik	klijzik	1
klijzik	klijozik	ünk	klijzunk	klijozunk	klij	zik	klijzik	1
pragánylik	pragányozik	nek	pragánylanak	pragányoznak	pragá¥	lik	pragá¥lik	2
pragánylik	pragányozik	tek	pragánylotok	pragányoztok	pragá¥	lik	pragá¥lik	2
pragánylik	pragányozik	ünk	pragánylunk	pragányozunk	pragá¥	lik	pragá¥lik	2
vélemlik	vélemezik	nek	vélemlenek	vélemeznek	vélem	lik	vélemlik	2
vélemlik	vélemezik	tek	vélemletek	vélemeztek	vélem	lik	vélemlik	2
vélemlik	vélemezik	ünk	vélemlünk	vélemezünk	vélem	lik	vélemlik	2
prugorzik	prugorozik	nek	prugorzanak	prugoroznak	prugor	zik	prugorzik	2
prugorzik	prugorozik	tek	prugorzotok	prugoroztok	prugor	zik	prugorzik	2
prugorzik	prugorozik	ünk	prugorzunk	prugorozunk	prugor	zik	prugorzik	2
héreslik	héresezik	nek	héreslenek	héreseznek	héres	lik	héreslik	2
héreslik	héresezik	tek	héresletek	héreseztek	héres	lik	héreslik	2
héreslik	héresezik	ünk	héreslünk	héresezünk	héres	lik	héreslik	2
ogzik	ogozik	nek	ogzanak	ogoznak	og	zik	ogzik	1
ogzik	ogozik	tek	ogzotok	ogoztok	og	zik	ogzik	1
ogzik	ogozik	ünk	ogzunk	ogozunk	og	zik	ogzik	1
trürlik	trürözik	nek	trürlenek	trüröznek	trür	lik	trürlik	1
trürlik	trürözik	tek	trürlötök	trüröztök	trür	lik	trürlik	1
trürlik	trürözik	ünk	trürlünk	trürözünk	trür	lik	trürlik	1
ilszik	ilodik	nek	ilszanak	ilodnak	il	ßik	ilßik	1
ilszik	ilodik	tek	ilszotok	ilodtok	il	ßik	ilßik	1
ilszik	ilodik	ünk	ilszunk	ilodunk	il	ßik	ilßik	1
plűlszik	plűlödik	nek	plűlszenek	plűlödnek	plűl	ßik	plűlßik	1
plűlszik	plűlödik	tek	plűlszötök	plűlödtök	plűl	ßik	plűlßik	1
plűlszik	plűlödik	ünk	plűlszünk	plűlödünk	plűl	ßik	plűlßik	1
helénylik	helényezik	nek	helénylenek	helényeznek	helé¥	lik	helé¥lik	2
helénylik	helényezik	tek	helényletek	helényeztek	helé¥	lik	helé¥lik	2
helénylik	helényezik	ünk	helénylünk	helényezünk	helé¥	lik	helé¥lik	2
pluronylik	pluronyozik	nek	pluronylanak	pluronyoznak	pluro¥	lik	pluro¥lik	2
pluronylik	pluronyozik	tek	pluronylotok	pluronyoztok	pluro¥	lik	pluro¥lik	2
pluronylik	pluronyozik	ünk	pluronylunk	pluronyozunk	pluro¥	lik	pluro¥lik	2
frorlik	frorozik	nek	frorlanak	froroznak	fror	lik	frorlik	1
frorlik	frorozik	tek	frorlotok	froroztok	fror	lik	frorlik	1
frorlik	frorozik	ünk	frorlunk	frorozunk	fror	lik	frorlik	1
prélemlik	prélemezik	nek	prélemlenek	prélemeznek	prélem	lik	prélemlik	2
prélemlik	prélemezik	tek	prélemletek	prélemeztek	prélem	lik	prélemlik	2
prélemlik	prélemezik	ünk	prélemlünk	prélemezünk	prélem	lik	prélemlik	2
kibepszik	kibepedik	nek	kibepszenek	kibepednek	kibep	ßik	kibepßik	2
kibepszik	kibepedik	tek	kibepszetek	kibepedtek	kibep	ßik	kibepßik	2
kibepszik	kibepedik	ünk	kibepszünk	kibepedünk	kibep	ßik	kibepßik	2
kléremlik	kléremezik	nek	kléremlenek	kléremeznek	klérem	lik	kléremlik	2
kléremlik	kléremezik	tek	kléremletek	kléremeztek	klérem	lik	kléremlik	2
kléremlik	kléremezik	ünk	kléremlünk	kléremezünk	klérem	lik	kléremlik	2
klarágzik	klarágozik	nek	klarágzanak	klarágoznak	klarág	zik	klarágzik	2
klarágzik	klarágozik	tek	klarágzotok	klarágoztok	klarág	zik	klarágzik	2
klarágzik	klarágozik	ünk	klarágzunk	klarágozunk	klarág	zik	klarágzik	2
sztritlik	sztritozik	nek	sztritlanak	sztritoznak	ßtrit	lik	ßtritlik	1
sztritlik	sztritozik	tek	sztritlotok	sztritoztok	ßtrit	lik	ßtritlik	1
sztritlik	sztritozik	ünk	sztritlunk	sztritozunk	ßtrit	lik	ßtritlik	1
kihégszik	kihégedik	nek	kihégszenek	kihégednek	kihég	ßik	kihégßik	2
kihégszik	kihégedik	tek	kihégszetek	kihégedtek	kihég	ßik	kihégßik	2
kihégszik	kihégedik	ünk	kihégszünk	kihégedünk	kihég	ßik	kihégßik	2
virzik	virozik	nek	virzanak	viroznak	vir	zik	virzik	1
virzik	virozik	tek	virzotok	viroztok	vir	zik	virzik	1
virzik	virozik	ünk	virzunk	virozunk	vir	zik	virzik	1
driláglik	drilágozik	nek	driláglanak	drilágoznak	drilág	lik	driláglik	2
driláglik	drilágozik	tek	driláglotok	drilágoztok	drilág	lik	driláglik	2
driláglik	drilágozik	ünk	driláglunk	drilágozunk	drilág	lik	driláglik	2
klűmlik	klűmözik	nek	klűmlenek	klűmöznek	klűm	lik	klűmlik	1
klűmlik	klűmözik	tek	klűmlötök	klűmöztök	klűm	lik	klűmlik	1
klűmlik	klűmözik	ünk	klűmlünk	klűmözünk	klűm	lik	klűmlik	1
hubonylik	hubonyozik	nek	hubonylanak	hubonyoznak	hubo¥	lik	hubo¥lik	2
hubonylik	hubonyozik	tek	hubonylotok	hubonyoztok	hubo¥	lik	hubo¥lik	2
hubonylik	hubonyozik	ünk	hubonylunk	hubonyozunk	hubo¥	lik	hubo¥lik	2
flivapszik	flivapodik	nek	flivapszanak	flivapodnak	flivap	ßik	flivapßik	2
flivapszik	flivapodik	tek	flivapszotok	flivapodtok	flivap	ßik	flivapßik	2
flivapszik	flivapodik	ünk	flivapszunk	flivapodunk	flivap	ßik	flivapßik	2
bribékszik	bribékedik	nek	bribékszenek	bribékednek	bribék	ßik	bribékßik	2
bribékszik	bribékedik	tek	bribékszetek	bribékedtek	bribék	ßik	bribékßik	2
bribékszik	bribékedik	ünk	bribékszünk	bribékedünk	bribék	ßik	bribékßik	2
galárzik	galározik	nek	galárzanak	galároznak	galár	zik	galárzik	2
galárzik	galározik	tek	galárzotok	galároztok	galár	zik	galárzik	2
galárzik	galározik	ünk	galárzunk	galározunk	galár	zik	galárzik	2
plöslik	plösözik	nek	plöslenek	plösöznek	plös	lik	plöslik	1
plöslik	plösözik	tek	plöslötök	plösöztök	plös	lik	plöslik	1
plöslik	plösözik	ünk	plöslünk	plösözünk	plös	lik	plöslik	1
pliheslik	plihesezik	nek	pliheslenek	pliheseznek	plihes	lik	pliheslik	2
pliheslik	plihesezik	tek	plihesletek	pliheseztek	plihes	lik	pliheslik	2
pliheslik	plihesezik	ünk	pliheslünk	plihesezünk	plihes	lik	pliheslik	2
fliványlik	fliványozik	nek	fliványlanak	fliványoznak	flivá¥	lik	flivá¥lik	2
fliványlik	fliványozik	tek	fliványlotok	fliványoztok	flivá¥	lik	flivá¥lik	2
fliványlik	fliványozik	ünk	fliványlunk	fliványozunk	flivá¥	lik	flivá¥lik	2
málarzik	málarozik	nek	málarzanak	málaroznak	málar	zik	málarzik	2
málarzik	málarozik	tek	málarzotok	málaroztok	málar	zik	málarzik	2
málarzik	málarozik	ünk	málarzunk	málarozunk	málar	zik	málarzik	2
drédlik	drédezik	nek	drédlenek	drédeznek	dréd	lik	drédlik	1
drédlik	drédezik	tek	drédletek	drédeztek	dréd	lik	drédlik	1
drédlik	drédezik	ünk	drédlünk	drédezünk	dréd	lik	drédlik	1
patágzik	patágozik	nek	patágzanak	patágoznak	patág	zik	patágzik	2
patágzik	patágozik	tek	patágzotok	patágoztok	patág	zik	patágzik	2
patágzik	patágozik	ünk	patágzunk	patágozunk	patág	zik	patágzik	2
álajlik	álajozik	nek	álajlanak	álajoznak	álaj	lik	álajlik	2
álajlik	álajozik	tek	álajlotok	álajoztok	álaj	lik	álajlik	2
álajlik	álajozik	ünk	álajlunk	álajozunk	álaj	lik	álajlik	2
nyülöklik	nyülöközik	nek	nyülöklenek	nyülököznek	¥ülök	lik	¥ülöklik	2
nyülöklik	nyülöközik	tek	nyülöklötök	nyülököztök	¥ülök	lik	¥ülöklik	2
nyülöklik	nyülöközik	ünk	nyülöklünk	nyülöközünk	¥ülök	lik	¥ülöklik	2
csujlik	csujozik	nek	csujlanak	csujoznak	çuj	lik	çujlik	1
csujlik	csujozik	tek	csujlotok	csujoztok	çuj	lik	çujlik	1
csujlik	csujozik	ünk	csujlunk	csujozunk	çuj	lik	çujlik	1
prilamlik	prilamozik	nek	prilamlanak	prilamoznak	prilam	lik	prilamlik	2
prilamlik	prilamozik	tek	prilamlotok	prilamoztok	prilam	lik	prilamlik	2
prilamlik	prilamozik	ünk	prilamlunk	prilamozunk	prilam	lik	prilamlik	2
nyivágzik	nyivágozik	nek	nyivágzanak	nyivágoznak	¥ivág	zik	¥ivágzik	2
nyivágzik	nyivágozik	tek	nyivágzotok	nyivágoztok	¥ivág	zik	¥ivágzik	2
nyivágzik	nyivágozik	ünk	nyivágzunk	nyivágozunk	¥ivág	zik	¥ivágzik	2
jajzik	jajozik	nek	jajzanak	jajoznak	jaj	zik	jajzik	1
jajzik	jajozik	tek	jajzotok	jajoztok	jaj	zik	jajzik	1
jajzik	jajozik	ünk	jajzunk	jajozunk	jaj	zik	jajzik	1
fihajlik	fihajozik	nek	fihajlanak	fihajoznak	fihaj	lik	fihajlik	2
fihajlik	fihajozik	tek	fihajlotok	fihajoztok	fihaj	lik	fihajlik	2
fihajlik	fihajozik	ünk	fihajlunk	fihajozunk	fihaj	lik	fihajlik	2
poslik	posozik	nek	poslanak	posoznak	pos	lik	poslik	1
poslik	posozik	tek	poslotok	posoztok	pos	lik	poslik	1
poslik	posozik	ünk	poslunk	posozunk	pos	lik	poslik	1
trírzik	trírozik	nek	trírzanak	tríroznak	trír	zik	trírzik	1
trírzik	trírozik	tek	trírzotok	tríroztok	trír	zik	trírzik	1
trírzik	trírozik	ünk	trírzunk	trírozunk	trír	zik	trírzik	1
breslik	bresezik	nek	breslenek	breseznek	bres	lik	breslik	1
breslik	bresezik	tek	bresletek	breseztek	bres	lik	breslik	1
breslik	bresezik	ünk	breslünk	bresezünk	bres	lik	breslik	1
spuronylik	spuronyozik	nek	spuronylanak	spuronyoznak	spuro¥	lik	spuro¥lik	2
spuronylik	spuronyozik	tek	spuronylotok	spuronyoztok	spuro¥	lik	spuro¥lik	2
spuronylik	spuronyozik	ünk	spuronylunk	spuronyozunk	spuro¥	lik	spuro¥lik	2
livénylik	livényezik	nek	livénylenek	livényeznek	livé¥	lik	livé¥lik	2
livénylik	livényezik	tek	livényletek	livényeztek	livé¥	lik	livé¥lik	2
livénylik	livényezik	ünk	livénylünk	livényezünk	livé¥	lik	livé¥lik	2
vólonylik	vólonyozik	nek	vólonylanak	vólonyoznak	vólo¥	lik	vólo¥lik	2
vólonylik	vólonyozik	tek	vólonylotok	vólonyoztok	vólo¥	lik	vólo¥lik	2
vólonylik	vólonyozik	ünk	vólonylunk	vólonyozunk	vólo¥	lik	vólo¥lik	2
néleslik	nélesezik	nek	néleslenek	néleseznek	néles	lik	néleslik	2
néleslik	nélesezik	tek	nélesletek	néleseztek	néles	lik	néleslik	2
néleslik	nélesezik	ünk	néleslünk	nélesezünk	néles	lik	néleslik	2
bregzik	bregezik	nek	bregzenek	bregeznek	breg	zik	bregzik	1
bregzik	bregezik	tek	bregzetek	bregeztek	breg	zik	bregzik	1
bregzik	bregezik	ünk	bregzünk	bregezünk	breg	zik	bregzik	1
mübzik	mübözik	nek	mübzenek	müböznek	müb	zik	mübzik	1
mübzik	mübözik	tek	mübzötök	müböztök	müb	zik	mübzik	1
mübzik	mübözik	ünk	mübzünk	mübözünk	müb	zik	mübzik	1
szinylik	szinyozik	nek	szinylanak	szinyoznak	ßi¥	lik	ßi¥lik	1
szinylik	szinyozik	tek	szinylotok	szinyoztok	ßi¥	lik	ßi¥lik	1
szinylik	szinyozik	ünk	szinylunk	szinyozunk	ßi¥	lik	ßi¥lik	1
frálapszik	frálapodik	nek	frálapszanak	frálapodnak	frálap	ßik	frálapßik	2
frálapszik	frálapodik	tek	frálapszotok	frálapodtok	frálap	ßik	frálapßik	2
frálapszik	frálapodik	ünk	frálapszunk	frálapodunk	frálap	ßik	frálapßik	2
mivakszik	mivakodik	nek	mivakszanak	mivakodnak	mivak	ßik	mivakßik	2
mivakszik	mivakodik	tek	mivakszotok	mivakodtok	mivak	ßik	mivakßik	2
mivakszik	mivakodik	ünk	mivakszunk	mivakodunk	mivak	ßik	mivakßik	2
briváglik	brivágozik	nek	briváglanak	brivágoznak	brivág	lik	briváglik	2
briváglik	brivágozik	tek	briváglotok	brivágoztok	brivág	lik	briváglik	2
briváglik	brivágozik	ünk	briváglunk	brivágozunk	brivág	lik	briváglik	2
frízlik	frízozik	nek	frízlanak	frízoznak	fríz	lik	frízlik	1
frízlik	frízozik	tek	frízlotok	frízoztok	fríz	lik	frízlik	1
frízlik	frízozik	ünk	frízlunk	frízozunk	fríz	lik	frízlik	1
báramlik	báramozik	nek	báramlanak	báramoznak	báram	lik	báramlik	2
báramlik	báramozik	tek	báramlotok	báramoztok	báram	lik	báramlik	2
báramlik	báramozik	ünk	báramlunk	báramozunk	báram	lik	báramlik	2
vüszlik	vüszözik	nek	vüszlenek	vüszöznek	vüß	lik	vüßlik	1
vüszlik	vüszözik	tek	vüszlötök	vüszöztök	vüß	lik	vüßlik	1
vüszlik	vüszözik	ünk	vüszlünk	vüszözünk	vüß	lik	vüßlik	1
tribejlik	tribejezik	nek	tribejlenek	tribejeznek	tribej	lik	tribejlik	2
tribejlik	tribejezik	tek	tribejletek	tribejeztek	tribej	lik	tribejlik	2
tribejlik	tribejezik	ünk	tribejlünk	tribejezünk	tribej	lik	tribejlik	2
klarzik	klarozik	nek	klarzanak	klaroznak	klar	zik	klarzik	1
klarzik	klarozik	tek	klarzotok	klaroztok	klar	zik	klarzik	1
klarzik	klarozik	ünk	klarzunk	klarozunk	klar	zik	klarzik	1
nyáraglik	nyáragozik	nek	nyáraglanak	nyáragoznak	¥árag	lik	¥áraglik	2
nyáraglik	nyáragozik	tek	nyáraglotok	nyáragoztok	¥árag	lik	¥áraglik	2
nyáraglik	nyáragozik	ünk	nyáraglunk	nyáragozunk	¥árag	lik	¥áraglik	2
pliraslik	plirasozik	nek	pliraslanak	plirasoznak	pliras	lik	pliraslik	2
pliraslik	plirasozik	tek	pliraslotok	plirasoztok	pliras	lik	pliraslik	2
pliraslik	plirasozik	ünk	pliraslunk	plirasozunk	pliras	lik	pliraslik	2
bratáglik	bratágozik	nek	bratáglanak	bratágoznak	bratág	lik	bratáglik	2
bratáglik	bratágozik	tek	bratáglotok	bratágoztok	bratág	lik	bratáglik	2
bratáglik	bratágozik	ünk	bratáglunk	bratágozunk	bratág	lik	bratáglik	2
klihaslik	klihasozik	nek	klihaslanak	klihasoznak	klihas	lik	klihaslik	2
klihaslik	klihasozik	tek	klihaslotok	klihasoztok	klihas	lik	klihaslik	2
klihaslik	klihasozik	ünk	klihaslunk	klihasozunk	klihas	lik	klihaslik	2
hivegzik	hivegezik	nek	hivegzenek	hivegeznek	hiveg	zik	hivegzik	2
hivegzik	hivegezik	tek	hivegzetek	hivegeztek	hiveg	zik	hivegzik	2
hivegzik	hivegezik	ünk	hivegzünk	hivegezünk	hiveg	zik	hivegzik	2
flüröklik	flüröközik	nek	flüröklenek	flürököznek	flürök	lik	flüröklik	2
flüröklik	flüröközik	tek	flüröklötök	flürököztök	flürök	lik	flüröklik	2
flüröklik	flüröközik	ünk	flüröklünk	flüröközünk	flürök	lik	flüröklik	2
brivepszik	brivepedik	nek	brivepszenek	brivepednek	brivep	ßik	brivepßik	2
brivepszik	brivepedik	tek	brivepszetek	brivepedtek	brivep	ßik	brivepßik	2
brivepszik	brivepedik	ünk	brivepszünk	brivepedünk	brivep	ßik	brivepßik	2
trűnylik	trűnyözik	nek	trűnylenek	trűnyöznek	trű¥	lik	trű¥lik	1
trűnylik	trűnyözik	tek	trűnylötök	trűnyöztök	trű¥	lik	trű¥lik	1
trűnylik	trűnyözik	ünk	trűnylünk	trűnyözünk	trű¥	lik	trű¥lik	1
sugonylik	sugonyozik	nek	sugonylanak	sugonyoznak	sugo¥	lik	sugo¥lik	2
sugonylik	sugonyozik	tek	sugonylotok	sugonyoztok	sugo¥	lik	sugo¥lik	2
sugonylik	sugonyozik	ünk	sugonylunk	sugonyozunk	sugo¥	lik	sugo¥lik	2
dráslik	drásozik	nek	dráslanak	drásoznak	drás	lik	dráslik	1
dráslik	drásozik	tek	dráslotok	drásoztok	drás	lik	dráslik	1
dráslik	drásozik	ünk	dráslunk	drásozunk	drás	lik	dráslik	1
prélszik	préledik	nek	prélszenek	prélednek	prél	ßik	prélßik	1
prélszik	préledik	tek	prélszetek	préledtek	prél	ßik	prélßik	1
prélszik	préledik	ünk	prélszünk	préledünk	prél	ßik	prélßik	1
brehénylik	brehényezik	nek	brehénylenek	brehényeznek	brehé¥	lik	brehé¥lik	2
brehénylik	brehényezik	tek	brehényletek	brehényeztek	brehé¥	lik	brehé¥lik	2
brehénylik	brehényezik	ünk	brehénylünk	brehényezünk	brehé¥	lik	brehé¥lik	2
fluboklik	flubokozik	nek	fluboklanak	flubokoznak	flubok	lik	fluboklik	2
fluboklik	flubokozik	tek	fluboklotok	flubokoztok	flubok	lik	fluboklik	2
fluboklik	flubokozik	ünk	fluboklunk	flubokozunk	flubok	lik	fluboklik	2
nibaslik	nibasozik	nek	nibaslanak	nibasoznak	nibas	lik	nibaslik	2
nibaslik	nibasozik	tek	nibaslotok	nibasoztok	nibas	lik	nibaslik	2
nibaslik	nibasozik	ünk	nibaslunk	nibasozunk	nibas	lik	nibaslik	2
vileslik	vilesezik	nek	vileslenek	vileseznek	viles	lik	vileslik	2
vileslik	vilesezik	tek	vilesletek	vileseztek	viles	lik	vileslik	2
vileslik	vilesezik	ünk	vileslünk	vilesezünk	viles	lik	vileslik	2
pletékszik	pletékedik	nek	pletékszenek	pletékednek	pleték	ßik	pletékßik	2
pletékszik	pletékedik	tek	pletékszetek	pletékedtek	pleték	ßik	pletékßik	2
pletékszik	pletékedik	ünk	pletékszünk	pletékedünk	pleték	ßik	pletékßik	2
szuboklik	szubokozik	nek	szuboklanak	szubokoznak	ßubok	lik	ßuboklik	2
szuboklik	szubokozik	tek	szuboklotok	szubokoztok	ßubok	lik	ßuboklik	2
szuboklik	szubokozik	ünk	szuboklunk	szubokozunk	ßubok	lik	ßuboklik	2
sztredlik	sztredezik	nek	sztredlenek	sztredeznek	ßtred	lik	ßtredlik	1
sztredlik	sztredezik	tek	sztredletek	sztredeztek	ßtred	lik	ßtredlik	1
sztredlik	sztredezik	ünk	sztredlünk	sztredezünk	ßtred	lik	ßtredlik	1
frinylik	frinyozik	nek	frinylanak	frinyoznak	fri¥	lik	fri¥lik	1
frinylik	frinyozik	tek	frinylotok	frinyoztok	fri¥	lik	fri¥lik	1
frinylik	frinyozik	ünk	frinylunk	frinyozunk	fri¥	lik	fri¥lik	1
kireslik	kiresezik	nek	kireslenek	kireseznek	kires	lik	kireslik	2
kireslik	kiresezik	tek	kiresletek	kireseztek	kires	lik	kireslik	2
kireslik	kiresezik	ünk	kireslünk	kiresezünk	kires	lik	kireslik	2
biláglik	bilágozik	nek	biláglanak	bilágoznak	bilág	lik	biláglik	2
biláglik	bilágozik	tek	biláglotok	bilágoztok	bilág	lik	biláglik	2
biláglik	bilágozik	ünk	biláglunk	bilágozunk	bilág	lik	biláglik	2
nuroklik	nurokozik	nek	nuroklanak	nurokoznak	nurok	lik	nuroklik	2
nuroklik	nurokozik	tek	nuroklotok	nurokoztok	nurok	lik	nuroklik	2
nuroklik	nurokozik	ünk	nuroklunk	nurokozunk	nurok	lik	nuroklik	2
géreglik	géregezik	nek	géreglenek	géregeznek	géreg	lik	géreglik	2
géreglik	géregezik	tek	géregletek	géregeztek	géreg	lik	géreglik	2
géreglik	géregezik	ünk	géreglünk	géregezünk	géreg	lik	géreglik	2
dibáglik	dibágozik	nek	dibáglanak	dibágoznak	dibág	lik	dibáglik	2
dibáglik	dibágozik	tek	dibáglotok	dibágoztok	dibág	lik	dibáglik	2
dibáglik	dibágozik	ünk	dibáglunk	dibágozunk	dibág	lik	dibáglik	2
nyöbzik	nyöbözik	nek	nyöbzenek	nyöböznek	¥öb	zik	¥öbzik	1
nyöbzik	nyöbözik	tek	nyöbzötök	nyöböztök	¥öb	zik	¥öbzik	1
nyöbzik	nyöbözik	ünk	nyöbzünk	nyöbözünk	¥öb	zik	¥öbzik	1
hiragzik	hiragozik	nek	hiragzanak	hiragoznak	hirag	zik	hiragzik	2
hiragzik	hiragozik	tek	hiragzotok	hiragoztok	hirag	zik	hiragzik	2
hiragzik	hiragozik	ünk	hiragzunk	hiragozunk	hirag	zik	hiragzik	2
spiharzik	spiharozik	nek	spiharzanak	spiharoznak	spihar	zik	spiharzik	2
spiharzik	spiharozik	tek	spiharzotok	spiharoztok	spihar	zik	spiharzik	2
spiharzik	spiharozik	ünk	spiharzunk	spiharozunk	spihar	zik	spiharzik	2
sűjlik	sűjözik	nek	sűjlenek	sűjöznek	sűj	lik	sűjlik	1
sűjlik	sűjözik	tek	sűjlötök	sűjöztök	sűj	lik	sűjlik	1
sűjlik	sűjözik	ünk	sűjlünk	sűjözünk	sűj	lik	sűjlik	1
vilaglik	vilagozik	nek	vilaglanak	vilagoznak	vilag	lik	vilaglik	2
vilaglik	vilagozik	tek	vilaglotok	vilagoztok	vilag	lik	vilaglik	2
vilaglik	vilagozik	ünk	vilaglunk	vilagozunk	vilag	lik	vilaglik	2
fivaklik	fivakozik	nek	fivaklanak	fivakoznak	fivak	lik	fivaklik	2
fivaklik	fivakozik	tek	fivaklotok	fivakoztok	fivak	lik	fivaklik	2
fivaklik	fivakozik	ünk	fivaklunk	fivakozunk	fivak	lik	fivaklik	2
spibénylik	spibényezik	nek	spibénylenek	spibényeznek	spibé¥	lik	spibé¥lik	2
spibénylik	spibényezik	tek	spibényletek	spibényeztek	spibé¥	lik	spibé¥lik	2
spibénylik	spibényezik	ünk	spibénylünk	spibényezünk	spibé¥	lik	spibé¥lik	2
plibekszik	plibekedik	nek	plibekszenek	plibekednek	plibek	ßik	plibekßik	2
plibekszik	plibekedik	tek	plibekszetek	plibekedtek	plibek	ßik	plibekßik	2
plibekszik	plibekedik	ünk	plibekszünk	plibekedünk	plibek	ßik	plibekßik	2
