onset	nucleus	coda	tr	word	target	keep_enough_distance	keep_no_overlap
gr	áç	em	gráçem	grácsem	gráçem	TRUE	TRUE
g	ám	elt	gámelt	gámelt	gámelt	TRUE	TRUE
kl	urd	eß	klurdeß	klurdesz	klurdeß	TRUE	TRUE
t	oc	éj	tocéj	tocéj	tocéj	TRUE	TRUE
fl	aç	eb	flaçeb	flacseb	flaçeb	TRUE	TRUE
f	orß	éd	forßéd	forszéd	forßéd	TRUE	TRUE
fr	up	éΩ	frupéΩ	frupézs	frupéΩ	TRUE	TRUE
sm	alv	eg	smalveg	smalveg	smalveg	TRUE	TRUE
kv	ang	eb	kvangeb	kvangeb	kvangeb	TRUE	TRUE
k	úsv	éz	kúsvéz	kúsvéz	kúsvéz	TRUE	TRUE
fl	ajß	ég	flajßég	flajszég	flajßég	TRUE	TRUE
v	ipk	eßt	vipkeßt	vipkeszt	vipkeßt	TRUE	TRUE
st	ód	el	stódel	stódel	stódel	TRUE	TRUE
t	apß	enc	tapßenc	tapszenc	tapßenc	TRUE	TRUE
fl	an	éj	flanéj	flanéj	flanéj	TRUE	TRUE
f	ip	erz	fiperz	fiperz	fiperz	TRUE	TRUE
m	ukf	é¬	mukfé¬	mukfély	mukfé¬	TRUE	TRUE
r	olv	en	rolven	rolven	rolven	TRUE	TRUE
p	anz	ec	panzec	panzec	panzec	TRUE	TRUE
sp	aj	et	spajet	spajet	spajet	TRUE	TRUE
sk	at	em	skatem	skatem	skatem	TRUE	TRUE
b	ißn	et	bißnet	bisznet	bißnet	TRUE	TRUE
sk	adr	et	skadret	skadret	skadret	TRUE	TRUE
sk	ab	él	skabél	skabél	skabél	TRUE	TRUE
g	up	é¬	gupé¬	gupély	gupé¬	TRUE	TRUE
d	ogr	ék	dogrék	dogrék	dogrék	TRUE	TRUE
©	ip	ét	©ipét	gyipét	©ipét	TRUE	TRUE
ç	itn	erz	çitnerz	csitnerz	çitnerz	TRUE	TRUE
NA	ort	é¬	orté¬	ortély	orté¬	TRUE	TRUE
kv	ázn	ej	kváznej	kváznej	kváznej	TRUE	TRUE
Ω	adr	ék	Ωadrék	zsadrék	Ωadrék	TRUE	TRUE
l	und	év	lundév	lundév	lundév	TRUE	TRUE
m	áb	éd	mábéd	mábéd	mábéd	TRUE	TRUE
Ω	alr	ef	Ωalref	zsalref	Ωalref	TRUE	TRUE
†	ikß	eg	†ikßeg	tyikszeg	†ikßeg	TRUE	TRUE
n	óm	éz	nóméz	nóméz	nóméz	TRUE	TRUE
f	át	ers	fáters	fáters	fáters	TRUE	TRUE
f	ádv	et	fádvet	fádvet	fádvet	TRUE	TRUE
©	ízj	ek	©ízjek	gyízjek	©ízjek	TRUE	TRUE
dΩ	itv	ec	dΩitvec	dzsitvec	dΩitvec	TRUE	TRUE
sk	óm	elv	skómelv	skómelv	skómelv	TRUE	TRUE
j	ásr	em	jásrem	jásrem	jásrem	TRUE	TRUE
skr	ól	éc	skróléc	skróléc	skróléc	TRUE	TRUE
sp	ímk	e¬	spímke¬	spímkely	spímke¬	TRUE	TRUE
n	ásr	ezt	násrezt	násrezt	násrezt	TRUE	TRUE
dΩ	il	ef	dΩilef	dzsilef	dΩilef	TRUE	TRUE
d	átk	eb	dátkeb	dátkeb	dátkeb	TRUE	TRUE
©	und	eßk	©undeßk	gyundeszk	©undeßk	TRUE	TRUE
kr	uc	éj	krucéj	krucéj	krucéj	TRUE	TRUE
p	íns	elv	pínselv	pínselv	pínselv	TRUE	TRUE
l	ágn	ed	lágned	lágned	lágned	TRUE	TRUE
g	ilm	éz	gilméz	gilméz	gilméz	TRUE	TRUE
s	im	ej	simej	simej	simej	TRUE	TRUE
br	úsl	ek	brúslek	brúslek	brúslek	TRUE	TRUE
h	ap	éc	hapéc	hapéc	hapéc	TRUE	TRUE
f	ißk	éc	fißkéc	fiszkéc	fißkéc	TRUE	TRUE
n	okß	ec	nokßec	nokszec	nokßec	TRUE	TRUE
f	ink	erz	finkerz	finkerz	finkerz	TRUE	TRUE
h	ótl	end	hótlend	hótlend	hótlend	TRUE	TRUE
sm	áln	et	smálnet	smálnet	smálnet	TRUE	TRUE
sm	ic	el	smicel	smicel	smicel	TRUE	TRUE
©	iv	éc	©ivéc	gyivéc	©ivéc	TRUE	TRUE
NA	anz	ers	anzers	anzers	anzers	TRUE	TRUE
ßl	ip	éj	ßlipéj	szlipéj	ßlipéj	TRUE	TRUE
st	apf	é¬	stapfé¬	stapfély	stapfé¬	TRUE	TRUE
tr	ism	éz	trisméz	trisméz	trisméz	TRUE	TRUE
kl	itn	ef	klitnef	klitnef	klitnef	TRUE	TRUE
fr	úkß	éd	frúkßéd	frúkszéd	frúkßéd	TRUE	TRUE
d	its	en	ditsen	ditsen	ditsen	TRUE	TRUE
m	ánd	éz	mándéz	mándéz	mándéz	TRUE	TRUE
k	ußt	ed	kußted	kuszted	kußted	TRUE	TRUE
st	uz	ég	stuzég	stuzég	stuzég	TRUE	TRUE
gr	úd	ét	grúdét	grúdét	grúdét	TRUE	TRUE
g	ótl	éd	gótléd	gótléd	gótléd	TRUE	TRUE
m	ovd	és	movdés	movdés	movdés	TRUE	TRUE
s	ímf	er	símfer	símfer	símfer	TRUE	TRUE
NA	anr	eb	anreb	anreb	anreb	TRUE	TRUE
sm	ig	ét	smigét	smigét	smigét	TRUE	TRUE
k	órn	éd	kórnéd	kórnéd	kórnéd	TRUE	TRUE
p	ofß	eb	pofßeb	pofszeb	pofßeb	TRUE	TRUE
tr	ayk	eb	traykeb	traykeb	traykeb	TRUE	TRUE
g	orv	es	gorves	gorves	gorves	TRUE	TRUE
n	om	erz	nomerz	nomerz	nomerz	TRUE	TRUE
Ω	ájk	e©	Ωájke©	zsájkegy	Ωájke©	TRUE	TRUE
ç	ám	ét	çámét	csámét	çámét	TRUE	TRUE
spr	óg	ej	sprógej	sprógej	sprógej	TRUE	TRUE
NA	ußj	é©	ußjé©	uszjégy	ußjé©	TRUE	TRUE
z	ámj	és	zámjés	zámjés	zámjés	TRUE	TRUE
ßp	urd	ef	ßpurdef	szpurdef	ßpurdef	TRUE	TRUE
l	orv	ép	lorvép	lorvép	lorvép	TRUE	TRUE
pr	omß	et	promßet	promszet	promßet	TRUE	TRUE
sl	á©	eb	slá©eb	slágyeb	slá©eb	TRUE	TRUE
c	itv	ern	citvern	citvern	citvern	TRUE	TRUE
ßp	ik	ert	ßpikert	szpikert	ßpikert	TRUE	TRUE
k	a†	él	ka†él	katyél	ka†él	TRUE	TRUE
sm	árv	éc	smárvéc	smárvéc	smárvéc	TRUE	TRUE
sp	if	é©	spifé©	spifégy	spifé©	TRUE	TRUE
sk	uc	ezt	skucezt	skucezt	skucezt	TRUE	TRUE
m	í¥l	év	mí¥lév	mínylév	mí¥lév	TRUE	TRUE
k	und	eßt	kundeßt	kundeszt	kundeßt	TRUE	TRUE
sk	apf	ég	skapfég	skapfég	skapfég	TRUE	TRUE
l	ók	éΩ	lókéΩ	lókézs	lókéΩ	TRUE	TRUE
n	ók	él	nókél	nókél	nókél	TRUE	TRUE
j	akt	ef	jaktef	jaktef	jaktef	TRUE	TRUE
k	ab	elv	kabelv	kabelv	kabelv	TRUE	TRUE
ßl	ij	ef	ßlijef	szlijef	ßlijef	TRUE	TRUE
ßl	idr	ép	ßlidrép	szlidrép	ßlidrép	TRUE	TRUE
tr	ód	el	tródel	tródel	tródel	TRUE	TRUE
sr	an	él	sranél	sranél	sranél	TRUE	TRUE
d	az	é¥	dazé¥	dazény	dazé¥	TRUE	TRUE
sk	ód	él	skódél	skódél	skódél	TRUE	TRUE
©	ic	ens	©icens	gyicens	©icens	TRUE	TRUE
ç	ínk	er	çínker	csínker	çínker	TRUE	TRUE
j	ín	erz	jínerz	jínerz	jínerz	TRUE	TRUE
sp	irt	e©	spirte©	spirtegy	spirte©	TRUE	TRUE
kl	ív	eßt	klíveßt	klíveszt	klíveßt	TRUE	TRUE
sp	igm	év	spigmév	spigmév	spigmév	TRUE	TRUE
k	ar	ent	karent	karent	karent	TRUE	TRUE
sm	uc	én	smucén	smucén	smucén	TRUE	TRUE
d	aß	él	daßél	daszél	daßél	TRUE	TRUE
sr	it	en	sriten	sriten	sriten	TRUE	TRUE
pr	igm	ej	prigmej	prigmej	prigmej	TRUE	TRUE
f	ayk	éc	faykéc	faykéc	faykéc	TRUE	TRUE
n	iv	eg	niveg	niveg	niveg	TRUE	TRUE
pr	ak	éd	prakéd	prakéd	prakéd	TRUE	TRUE
s	ábf	ég	sábfég	sábfég	sábfég	TRUE	TRUE
sl	ap	é©	slapé©	slapégy	slapé©	TRUE	TRUE
h	ód	éc	hódéc	hódéc	hódéc	TRUE	TRUE
kv	íml	eg	kvímleg	kvímleg	kvímleg	TRUE	TRUE
kv	áb	e¬	kvábe¬	kvábely	kvábe¬	TRUE	TRUE
f	ipk	e¬	fipke¬	fipkely	fipke¬	TRUE	TRUE
kl	ap	é¥	klapé¥	klapény	klapé¥	TRUE	TRUE
br	ap	el	brapel	brapel	brapel	TRUE	TRUE
c	ukf	év	cukfév	cukfév	cukfév	TRUE	TRUE
†	av	éΩ	†avéΩ	tyavézs	†avéΩ	TRUE	TRUE
gr	imb	ek	grimbek	grimbek	grimbek	TRUE	TRUE
ßl	íb	ed	ßlíbed	szlíbed	ßlíbed	TRUE	TRUE
v	oç	ef	voçef	vocsef	voçef	TRUE	TRUE
d	amz	ér	damzér	damzér	damzér	TRUE	TRUE
g	alv	ert	galvert	galvert	galvert	TRUE	TRUE
d	átv	ec	dátvec	dátvec	dátvec	TRUE	TRUE
fr	íp	ej	frípej	frípej	frípej	TRUE	TRUE
br	új	e¬	brúje¬	brújely	brúje¬	TRUE	TRUE
sk	ar	é¥	skaré¥	skarény	skaré¥	TRUE	TRUE
†	ikr	éß	†ikréß	tyikrész	†ikréß	TRUE	TRUE
kr	alf	éΩ	kralféΩ	kralfézs	kralféΩ	TRUE	TRUE
kl	íß	end	klíßend	klíszend	klíßend	TRUE	TRUE
b	ár¥	ec	bár¥ec	bárnyec	bár¥ec	TRUE	TRUE
d	aj	é©	dajé©	dajégy	dajé©	TRUE	TRUE
kv	óm	én	kvómén	kvómén	kvómén	TRUE	TRUE
sp	oc	é¬	spocé¬	spocély	spocé¬	TRUE	TRUE
pr	á©	ef	prá©ef	prágyef	prá©ef	TRUE	TRUE
v	óg	en	vógen	vógen	vógen	TRUE	TRUE
©	ojl	ek	©ojlek	gyojlek	©ojlek	TRUE	TRUE
†	apn	éß	†apnéß	tyapnész	†apnéß	TRUE	TRUE
kr	ing	ec	kringec	kringec	kringec	TRUE	TRUE
sp	írn	ef	spírnef	spírnef	spírnef	TRUE	TRUE
fr	alß	év	fralßév	fralszév	fralßév	TRUE	TRUE
sk	und	eb	skundeb	skundeb	skundeb	TRUE	TRUE
f	itn	él	fitnél	fitnél	fitnél	TRUE	TRUE
gr	ábf	é¥	grábfé¥	grábfény	grábfé¥	TRUE	TRUE
g	akn	e¬	gakne¬	gaknely	gakne¬	TRUE	TRUE
fl	id	ez	flidez	flidez	flidez	TRUE	TRUE
g	akb	é¬	gakbé¬	gakbély	gakbé¬	TRUE	TRUE
b	ízj	et	bízjet	bízjet	bízjet	TRUE	TRUE
sp	anr	ej	spanrej	spanrej	spanrej	TRUE	TRUE
¥	okt	ed	¥okted	nyokted	¥okted	TRUE	TRUE
g	ußt	e¬	gußte¬	gusztely	gußte¬	TRUE	TRUE
z	a†	ec	za†ec	zatyec	za†ec	TRUE	TRUE
l	ub	éd	lubéd	lubéd	lubéd	TRUE	TRUE
d	apn	est	dapnest	dapnest	dapnest	TRUE	TRUE
n	itv	éz	nitvéz	nitvéz	nitvéz	TRUE	TRUE
k	ímf	est	kímfest	kímfest	kímfest	TRUE	TRUE
p	ís	é¥	písé¥	písény	písé¥	TRUE	TRUE
f	iß	év	fißév	fiszév	fißév	TRUE	TRUE
©	art	eßk	©arteßk	gyarteszk	©arteßk	TRUE	TRUE
ç	igm	éd	çigméd	csigméd	çigméd	TRUE	TRUE
ß	imb	ej	ßimbej	szimbej	ßimbej	TRUE	TRUE
t	ín	eßk	tíneßk	tíneszk	tíneßk	TRUE	TRUE
tr	ak	el	trakel	trakel	trakel	TRUE	TRUE
ßp	án	e¬	ßpáne¬	szpánely	ßpáne¬	TRUE	TRUE
m	anr	ec	manrec	manrec	manrec	TRUE	TRUE
j	íg	ert	jígert	jígert	jígert	TRUE	TRUE
kl	int	éc	klintéc	klintéc	klintéc	TRUE	TRUE
b	áln	ert	bálnert	bálnert	bálnert	TRUE	TRUE
d	alk	enc	dalkenc	dalkenc	dalkenc	TRUE	TRUE
fl	ík	et	flíket	flíket	flíket	TRUE	TRUE
ß	inc	éj	ßincéj	szincéj	ßincéj	TRUE	TRUE
ß	ajr	ent	ßajrent	szajrent	ßajrent	TRUE	TRUE
z	uk	es	zukes	zukes	zukes	TRUE	TRUE
f	árv	eb	fárveb	fárveb	fárveb	TRUE	TRUE
d	its	ép	ditsép	ditsép	ditsép	TRUE	TRUE
tr	ín	el	trínel	trínel	trínel	TRUE	TRUE
p	is	et	piset	piset	piset	TRUE	TRUE
tr	am	és	tramés	tramés	tramés	TRUE	TRUE
k	ojl	end	kojlend	kojlend	kojlend	TRUE	TRUE
ßp	ind	el	ßpindel	szpindel	ßpindel	TRUE	TRUE
l	akb	ec	lakbec	lakbec	lakbec	TRUE	TRUE
fr	uß	ég	frußég	fruszég	frußég	TRUE	TRUE
Ω	ík	éd	Ωíkéd	zsíkéd	Ωíkéd	TRUE	TRUE
sr	úl	ép	srúlép	srúlép	srúlép	TRUE	TRUE
l	is	end	lisend	lisend	lisend	TRUE	TRUE
k	ogr	éj	kogréj	kogréj	kogréj	TRUE	TRUE
sl	ár¥	et	slár¥et	slárnyet	slár¥et	TRUE	TRUE
l	uc	ens	lucens	lucens	lucens	TRUE	TRUE
ßp	ord	él	ßpordél	szpordél	ßpordél	TRUE	TRUE
br	ojl	éd	brojléd	brojléd	brojléd	TRUE	TRUE
NA	ápr	év	áprév	áprév	áprév	TRUE	TRUE
b	uc	eß	buceß	bucesz	buceß	TRUE	TRUE
k	íß	éj	kíßéj	kíszéj	kíßéj	TRUE	TRUE
ç	idr	é©	çidré©	csidrégy	çidré©	TRUE	TRUE
g	ázn	elt	gáznelt	gáznelt	gáznelt	TRUE	TRUE
p	içf	er	piçfer	picsfer	piçfer	TRUE	TRUE
sk	ir	ed	skired	skired	skired	TRUE	TRUE
k	ób	e¬	kóbe¬	kóbely	kóbe¬	TRUE	TRUE
f	am	ern	famern	famern	famern	TRUE	TRUE
Ω	av	éd	Ωavéd	zsavéd	Ωavéd	TRUE	TRUE
†	ízl	éj	†ízléj	tyízléj	†ízléj	TRUE	TRUE
t	ad	és	tadés	tadés	tadés	TRUE	TRUE
sl	ort	en	slorten	slorten	slorten	TRUE	TRUE
t	akb	end	takbend	takbend	takbend	TRUE	TRUE
sm	án	ek	smánek	smánek	smánek	TRUE	TRUE
z	íl	ef	zílef	zílef	zílef	TRUE	TRUE
br	ak	elt	brakelt	brakelt	brakelt	TRUE	TRUE
t	onv	ec	tonvec	tonvec	tonvec	TRUE	TRUE
sl	amz	en	slamzen	slamzen	slamzen	TRUE	TRUE
NA	imb	éz	imbéz	imbéz	imbéz	TRUE	TRUE
j	orz	enc	jorzenc	jorzenc	jorzenc	TRUE	TRUE
v	ámj	éz	vámjéz	vámjéz	vámjéz	TRUE	TRUE
Ω	iv	eb	Ωiveb	zsiveb	Ωiveb	TRUE	TRUE
n	ít	erz	níterz	níterz	níterz	TRUE	TRUE
st	alf	e©	stalfe©	stalfegy	stalfe©	TRUE	TRUE
kl	anz	éd	klanzéd	klanzéd	klanzéd	TRUE	TRUE
z	ot	ék	zoték	zoték	zoték	TRUE	TRUE
g	adr	éß	gadréß	gadrész	gadréß	TRUE	TRUE
c	amz	ék	camzék	camzék	camzék	TRUE	TRUE
¥	im	ég	¥imég	nyimég	¥imég	TRUE	TRUE
c	áj	ér	cájér	cájér	cájér	TRUE	TRUE
NA	akn	ét	aknét	aknét	aknét	TRUE	TRUE
©	uc	ert	©ucert	gyucert	©ucert	TRUE	TRUE
r	i†	elv	ri†elv	rityelv	ri†elv	TRUE	TRUE
g	oßt	ern	goßtern	gosztern	goßtern	TRUE	TRUE
r	ilt	é©	rilté©	riltégy	rilté©	TRUE	TRUE
pr	ij	él	prijél	prijél	prijél	TRUE	TRUE
sk	arm	el	skarmel	skarmel	skarmel	TRUE	TRUE
tr	il	ek	trilek	trilek	trilek	TRUE	TRUE
kr	ánd	él	krándél	krándél	krándél	TRUE	TRUE
j	úfn	eßk	júfneßk	júfneszk	júfneßk	TRUE	TRUE
kr	im	e©	krime©	krimegy	krime©	TRUE	TRUE
pr	ín	é©	príné©	prínégy	príné©	TRUE	TRUE
f	ínt	e¬	fínte¬	fíntely	fínte¬	TRUE	TRUE
†	íb	ez	†íbez	tyíbez	†íbez	TRUE	TRUE
v	ayk	ég	vaykég	vaykég	vaykég	TRUE	TRUE
j	os	enc	josenc	josenc	josenc	TRUE	TRUE
fl	ap	éz	flapéz	flapéz	flapéz	TRUE	TRUE
g	om	ek	gomek	gomek	gomek	TRUE	TRUE
s	ang	elt	sangelt	sangelt	sangelt	TRUE	TRUE
j	i†	éd	ji†éd	jityéd	ji†éd	TRUE	TRUE
r	anß	et	ranßet	ranszet	ranßet	TRUE	TRUE
k	uc	ég	kucég	kucég	kucég	TRUE	TRUE
sr	ov	enc	srovenc	srovenc	srovenc	TRUE	TRUE
†	úsl	ég	†úslég	tyúslég	†úslég	TRUE	TRUE
t	ám	ez	támez	támez	támez	TRUE	TRUE
n	ajr	eg	najreg	najreg	najreg	TRUE	TRUE
c	ayk	elt	caykelt	caykelt	caykelt	TRUE	TRUE
kl	áj	ert	klájert	klájert	klájert	TRUE	TRUE
tr	ovj	ed	trovjed	trovjed	trovjed	TRUE	TRUE
l	íns	ék	línsék	línsék	línsék	TRUE	TRUE
fr	azb	en	frazben	frazben	frazben	TRUE	TRUE
fr	ot	ez	frotez	frotez	frotez	TRUE	TRUE
t	ovd	é©	tovdé©	tovdégy	tovdé©	TRUE	TRUE
kv	ajt	ed	kvajted	kvajted	kvajted	TRUE	TRUE
ß	ic	ed	ßiced	sziced	ßiced	TRUE	TRUE
l	ind	ef	lindef	lindef	lindef	TRUE	TRUE
sp	ímz	ét	spímzét	spímzét	spímzét	TRUE	TRUE
t	uß	enc	tußenc	tuszenc	tußenc	TRUE	TRUE
l	uz	év	luzév	luzév	luzév	TRUE	TRUE
j	olf	enc	jolfenc	jolfenc	jolfenc	TRUE	TRUE
c	um	ép	cumép	cumép	cumép	TRUE	TRUE
p	ist	ek	pistek	pistek	pistek	TRUE	TRUE
l	ágn	ezt	lágnezt	lágnezt	lágnezt	TRUE	TRUE
f	itv	eg	fitveg	fitveg	fitveg	TRUE	TRUE
d	áç	ez	dáçez	dácsez	dáçez	TRUE	TRUE
d	ár¥	ég	dár¥ég	dárnyég	dár¥ég	TRUE	TRUE
Ω	áb	ép	Ωábép	zsábép	Ωábép	TRUE	TRUE
c	ízl	ef	cízlef	cízlef	cízlef	TRUE	TRUE
spr	ób	éd	spróbéd	spróbéd	spróbéd	TRUE	TRUE
c	óß	ed	cóßed	cószed	cóßed	TRUE	TRUE
b	írl	ek	bírlek	bírlek	bírlek	TRUE	TRUE
r	uc	est	rucest	rucest	rucest	TRUE	TRUE
c	ábß	em	cábßem	cábszem	cábßem	TRUE	TRUE
z	ond	elt	zondelt	zondelt	zondelt	TRUE	TRUE
k	itv	enc	kitvenc	kitvenc	kitvenc	TRUE	TRUE
sk	alt	ég	skaltég	skaltég	skaltég	TRUE	TRUE
h	olv	enß	holvenß	holvensz	holvenß	TRUE	TRUE
kl	ámj	et	klámjet	klámjet	klámjet	TRUE	TRUE
v	idr	est	vidrest	vidrest	vidrest	TRUE	TRUE
skr	aj	ed	skrajed	skrajed	skrajed	TRUE	TRUE
ßp	íml	er	ßpímler	szpímler	ßpímler	TRUE	TRUE
fr	its	eb	fritseb	fritseb	fritseb	TRUE	TRUE
j	ám	ef	jámef	jámef	jámef	TRUE	TRUE
sk	int	eg	skinteg	skinteg	skinteg	TRUE	TRUE
st	ánc	éd	stáncéd	stáncéd	stáncéd	TRUE	TRUE
ßp	akb	ét	ßpakbét	szpakbét	ßpakbét	TRUE	TRUE
c	íz	e¬	cíze¬	cízely	cíze¬	TRUE	TRUE
¥	arm	éß	¥arméß	nyarmész	¥arméß	TRUE	TRUE
t	íl	ern	tílern	tílern	tílern	TRUE	TRUE
r	itn	és	ritnés	ritnés	ritnés	TRUE	TRUE
ßp	íml	ég	ßpímlég	szpímlég	ßpímlég	TRUE	TRUE
pl	ók	eg	plókeg	plókeg	plókeg	TRUE	TRUE
t	óg	eß	tógeß	tógesz	tógeß	TRUE	TRUE
ç	árv	e¬	çárve¬	csárvely	çárve¬	TRUE	TRUE
kr	an	ef	kranef	kranef	kranef	TRUE	TRUE
c	isk	ét	ciskét	ciskét	ciskét	TRUE	TRUE
k	íz	en	kízen	kízen	kízen	TRUE	TRUE
j	ink	éΩ	jinkéΩ	jinkézs	jinkéΩ	TRUE	TRUE
¥	íß	eg	¥íßeg	nyíszeg	¥íßeg	TRUE	TRUE
l	í¥	erz	lí¥erz	línyerz	lí¥erz	TRUE	TRUE
tr	os	él	trosél	trosél	trosél	TRUE	TRUE
k	urd	e¬	kurde¬	kurdely	kurde¬	TRUE	TRUE
h	adv	em	hadvem	hadvem	hadvem	TRUE	TRUE
z	ínt	es	zíntes	zíntes	zíntes	TRUE	TRUE
br	íp	en	brípen	brípen	brípen	TRUE	TRUE
p	ádv	e¬	pádve¬	pádvely	pádve¬	TRUE	TRUE
†	urd	él	†urdél	tyurdél	†urdél	TRUE	TRUE
h	orz	és	horzés	horzés	horzés	TRUE	TRUE
h	ost	éj	hostéj	hostéj	hostéj	TRUE	TRUE
gr	ók	éß	grókéß	grókész	grókéß	TRUE	TRUE
kv	urn	eb	kvurneb	kvurneb	kvurneb	TRUE	TRUE
g	omß	ér	gomßér	gomszér	gomßér	TRUE	TRUE
s	onc	ej	soncej	soncej	soncej	TRUE	TRUE
fl	iç	ér	fliçér	flicsér	fliçér	TRUE	TRUE
ßp	om	él	ßpomél	szpomél	ßpomél	TRUE	TRUE
pr	ívf	éß	prívféß	prívfész	prívféß	TRUE	TRUE
Ω	ak	ég	Ωakég	zsakég	Ωakég	TRUE	TRUE
sp	ágn	ét	spágnét	spágnét	spágnét	TRUE	TRUE
f	ímk	elt	fímkelt	fímkelt	fímkelt	TRUE	TRUE
fr	inc	es	frinces	frinces	frinces	TRUE	TRUE
c	imb	ek	cimbek	cimbek	cimbek	TRUE	TRUE
n	ápr	elv	náprelv	náprelv	náprelv	TRUE	TRUE
spr	ub	éj	sprubéj	sprubéj	sprubéj	TRUE	TRUE
d	i©	es	di©es	digyes	di©es	TRUE	TRUE
†	oc	ers	†ocers	tyocers	†ocers	TRUE	TRUE
ßp	od	elv	ßpodelv	szpodelv	ßpodelv	TRUE	TRUE
sp	al	éc	spaléc	spaléc	spaléc	TRUE	TRUE
¥	orb	éd	¥orbéd	nyorbéd	¥orbéd	TRUE	TRUE
k	ív	erz	kíverz	kíverz	kíverz	TRUE	TRUE
p	iß	enc	pißenc	piszenc	pißenc	TRUE	TRUE
p	az	él	pazél	pazél	pazél	TRUE	TRUE
v	içf	éd	viçféd	vicsféd	viçféd	TRUE	TRUE
h	árm	eßk	hármeßk	hármeszk	hármeßk	TRUE	TRUE
fr	ád	éΩ	frádéΩ	frádézs	frádéΩ	TRUE	TRUE
h	ákß	eg	hákßeg	hákszeg	hákßeg	TRUE	TRUE
f	uk	é¥	fuké¥	fukény	fuké¥	TRUE	TRUE
c	ámj	ég	cámjég	cámjég	cámjég	TRUE	TRUE
h	itn	eg	hitneg	hitneg	hitneg	TRUE	TRUE
k	ót	éc	kótéc	kótéc	kótéc	TRUE	TRUE
s	akn	ej	saknej	saknej	saknej	TRUE	TRUE
pr	átß	em	prátßem	prátszem	prátßem	TRUE	TRUE
z	ubl	ej	zublej	zublej	zublej	TRUE	TRUE
ßl	ám	e©	ßláme©	szlámegy	ßláme©	TRUE	TRUE
s	ót	é¬	sóté¬	sótély	sóté¬	TRUE	TRUE
©	úfn	ér	©úfnér	gyúfnér	©úfnér	TRUE	TRUE
NA	úsl	ej	úslej	úslej	úslej	TRUE	TRUE
k	ágn	ér	kágnér	kágnér	kágnér	TRUE	TRUE
sk	inz	ej	skinzej	skinzej	skinzej	TRUE	TRUE
dΩ	ink	ec	dΩinkec	dzsinkec	dΩinkec	TRUE	TRUE
sk	árt	en	skárten	skárten	skárten	TRUE	TRUE
b	ajl	éΩ	bajléΩ	bajlézs	bajléΩ	TRUE	TRUE
st	ak	ern	stakern	stakern	stakern	TRUE	TRUE
gr	íßl	ét	gríßlét	gríszlét	gríßlét	TRUE	TRUE
r	inz	em	rinzem	rinzem	rinzem	TRUE	TRUE
r	ovd	elt	rovdelt	rovdelt	rovdelt	TRUE	TRUE
kv	ir	e¬	kvire¬	kvirely	kvire¬	TRUE	TRUE
m	ótl	ek	mótlek	mótlek	mótlek	TRUE	TRUE
NA	up	él	upél	upél	upél	TRUE	TRUE
sm	ogr	éd	smogréd	smogréd	smogréd	TRUE	TRUE
p	oc	év	pocév	pocév	pocév	TRUE	TRUE
fl	ár	ezt	flárezt	flárezt	flárezt	TRUE	TRUE
kv	ánd	éß	kvándéß	kvándész	kvándéß	TRUE	TRUE
d	íb	éz	díbéz	díbéz	díbéz	TRUE	TRUE
©	ir	ez	©irez	gyirez	©irez	TRUE	TRUE
l	ank	ér	lankér	lankér	lankér	TRUE	TRUE
gr	ízj	e¬	grízje¬	grízjely	grízje¬	TRUE	TRUE
ß	omb	end	ßombend	szombend	ßombend	TRUE	TRUE
¥	ág	éΩ	¥ágéΩ	nyágézs	¥ágéΩ	TRUE	TRUE
fr	ág	eß	frágeß	frágesz	frágeß	TRUE	TRUE
n	ívf	em	nívfem	nívfem	nívfem	TRUE	TRUE
gr	azb	et	grazbet	grazbet	grazbet	TRUE	TRUE
t	içf	erz	tiçferz	ticsferz	tiçferz	TRUE	TRUE
p	ovj	é¥	povjé¥	povjény	povjé¥	TRUE	TRUE
p	ust	ern	pustern	pustern	pustern	TRUE	TRUE
pl	int	éz	plintéz	plintéz	plintéz	TRUE	TRUE
n	uc	éj	nucéj	nucéj	nucéj	TRUE	TRUE
h	ig	ej	higej	higej	higej	TRUE	TRUE
k	olf	en	kolfen	kolfen	kolfen	TRUE	TRUE
sp	í¥	ef	spí¥ef	spínyef	spí¥ef	TRUE	TRUE
br	átk	éΩ	brátkéΩ	brátkézs	brátkéΩ	TRUE	TRUE
ßl	and	éj	ßlandéj	szlandéj	ßlandéj	TRUE	TRUE
s	iz	ét	sizét	sizét	sizét	TRUE	TRUE
t	ú¥k	eg	tú¥keg	túnykeg	tú¥keg	TRUE	TRUE
NA	a†	er	a†er	atyer	a†er	TRUE	TRUE
k	av	elt	kavelt	kavelt	kavelt	TRUE	TRUE
m	olv	er	molver	molver	molver	TRUE	TRUE
sm	úd	elt	smúdelt	smúdelt	smúdelt	TRUE	TRUE
sp	it	én	spitén	spitén	spitén	TRUE	TRUE
st	id	é©	stidé©	stidégy	stidé©	TRUE	TRUE
sp	ut	e¬	spute¬	sputely	spute¬	TRUE	TRUE
sm	á¥	ej	smá¥ej	smányej	smá¥ej	TRUE	TRUE
f	ij	é©	fijé©	fijégy	fijé©	TRUE	TRUE
z	áb	én	zábén	zábén	zábén	TRUE	TRUE
kr	apf	ez	krapfez	krapfez	krapfez	TRUE	TRUE
z	óm	ég	zómég	zómég	zómég	TRUE	TRUE
©	ajr	ed	©ajred	gyajred	©ajred	TRUE	TRUE
kl	uß	éd	klußéd	kluszéd	klußéd	TRUE	TRUE
ç	ú¥k	ég	çú¥kég	csúnykég	çú¥kég	TRUE	TRUE
p	ít	ek	pítek	pítek	pítek	TRUE	TRUE
p	aj	év	pajév	pajév	pajév	TRUE	TRUE
sp	i¬	ét	spi¬ét	spilyét	spi¬ét	TRUE	TRUE
v	om	elt	vomelt	vomelt	vomelt	TRUE	TRUE
br	um	eßk	brumeßk	brumeszk	brumeßk	TRUE	TRUE
k	aß	ert	kaßert	kaszert	kaßert	TRUE	TRUE
k	í¥l	erz	kí¥lerz	kínylerz	kí¥lerz	TRUE	TRUE
