onset	v	c1c2	tr	word	target	keep_enough_distance	keep_no_overlap
b	á	zz	bázzik	bázzik	bázz	TRUE	TRUE
f	ű	lß	fűlßik	fűlszik	fűlß	TRUE	TRUE
ç	o	ll	çollik	csollik	çoll	TRUE	TRUE
NA	a	rz	arzik	arzik	arz	TRUE	TRUE
d	é	zz	dézzik	dézzik	dézz	TRUE	TRUE
f	é	kß	fékßik	fékszik	fékß	TRUE	TRUE
¥	ű	ml	¥űmlik	nyűmlik	¥űml	TRUE	TRUE
s	i	¥l	si¥lik	sinylik	si¥l	TRUE	TRUE
ç	a	bz	çabzik	csabzik	çabz	TRUE	TRUE
t	ö	lß	tölßik	tölszik	tölß	TRUE	TRUE
j	é	tß	jétßik	jétszik	jétß	TRUE	TRUE
k	e	ng	kengik	kengik	keng	TRUE	TRUE
r	e	tl	retlik	retlik	retl	TRUE	TRUE
k	ű	gr	kűgrik	kűgrik	kűgr	TRUE	TRUE
j	u	ng	jungik	jungik	jung	TRUE	TRUE
¥	u	zl	¥uzlik	nyuzlik	¥uzl	TRUE	TRUE
h	á	tl	hátlik	hátlik	hátl	TRUE	TRUE
ç	ű	ll	çűllik	csűllik	çűll	TRUE	TRUE
l	í	ml	límlik	límlik	líml	TRUE	TRUE
v	i	zz	vizzik	vizzik	vizz	TRUE	TRUE
ç	í	kl	çíklik	csíklik	çíkl	TRUE	TRUE
¥	í	¥l	¥í¥lik	nyínylik	¥í¥l	TRUE	TRUE
d	ö	gz	dögzik	dögzik	dögz	TRUE	TRUE
b	u	¥l	bu¥lik	bunylik	bu¥l	TRUE	TRUE
s	ű	jz	sűjzik	sűjzik	sűjz	TRUE	TRUE
NA	í	zz	ízzik	ízzik	ízz	TRUE	TRUE
p	ű	kl	pűklik	pűklik	pűkl	TRUE	TRUE
r	é	sd	résdik	résdik	résd	TRUE	TRUE
r	o	ßl	roßlik	roszlik	roßl	TRUE	TRUE
j	ü	jl	jüjlik	jüjlik	jüjl	TRUE	TRUE
p	e	tl	petlik	petlik	petl	TRUE	TRUE
j	a	gr	jagrik	jagrik	jagr	TRUE	TRUE
s	a	tß	satßik	satszik	satß	TRUE	TRUE
¥	a	ßp	¥aßpik	nyaszpik	¥aßp	TRUE	TRUE
ç	é	kl	çéklik	cséklik	çékl	TRUE	TRUE
s	o	jz	sojzik	sojzik	sojz	TRUE	TRUE
t	e	ßp	teßpik	teszpik	teßp	TRUE	TRUE
v	é	rl	vérlik	vérlik	vérl	TRUE	TRUE
b	ű	ßl	bűßlik	bűszlik	bűßl	TRUE	TRUE
b	é	dl	bédlik	bédlik	bédl	TRUE	TRUE
f	u	gß	fugßik	fugszik	fugß	TRUE	TRUE
z	a	sd	zasdik	zasdik	zasd	TRUE	TRUE
f	ü	bz	fübzik	fübzik	fübz	TRUE	TRUE
¥	á	zl	¥ázlik	nyázlik	¥ázl	TRUE	TRUE
v	ö	rl	vörlik	vörlik	vörl	TRUE	TRUE
ß	u	gr	ßugrik	szugrik	ßugr	TRUE	TRUE
h	é	rz	hérzik	hérzik	hérz	TRUE	TRUE
d	á	zz	dázzik	dázzik	dázz	TRUE	TRUE
p	o	gl	poglik	poglik	pogl	TRUE	TRUE
ß	é	tß	ßétßik	szétszik	ßétß	TRUE	TRUE
m	u	dl	mudlik	mudlik	mudl	TRUE	TRUE
f	a	rd	fardik	fardik	fard	TRUE	TRUE
¥	í	gß	¥ígßik	nyígszik	¥ígß	TRUE	TRUE
l	á	zl	lázlik	lázlik	lázl	TRUE	TRUE
r	ű	lß	rűlßik	rűlszik	rűlß	TRUE	TRUE
l	i	ßl	lißlik	liszlik	lißl	TRUE	TRUE
m	ö	gß	mögßik	mögszik	mögß	TRUE	TRUE
p	e	ßl	peßlik	peszlik	peßl	TRUE	TRUE
f	ű	ll	fűllik	fűllik	fűll	TRUE	TRUE
p	ű	rz	pűrzik	pűrzik	pűrz	TRUE	TRUE
d	ű	kl	dűklik	dűklik	dűkl	TRUE	TRUE
p	o	dl	podlik	podlik	podl	TRUE	TRUE
ß	o	ßp	ßoßpik	szoszpik	ßoßp	TRUE	TRUE
NA	a	sl	aslik	aslik	asl	TRUE	TRUE
l	u	gl	luglik	luglik	lugl	TRUE	TRUE
ß	o	sl	ßoslik	szoslik	ßosl	TRUE	TRUE
d	u	sl	duslik	duslik	dusl	TRUE	TRUE
j	e	rd	jerdik	jerdik	jerd	TRUE	TRUE
r	á	rl	rárlik	rárlik	rárl	TRUE	TRUE
k	é	gz	kégzik	kégzik	kégz	TRUE	TRUE
k	ü	rz	kürzik	kürzik	kürz	TRUE	TRUE
z	o	zl	zozlik	zozlik	zozl	TRUE	TRUE
d	ü	tl	dütlik	dütlik	dütl	TRUE	TRUE
¥	á	sl	¥áslik	nyáslik	¥ásl	TRUE	TRUE
ç	i	tl	çitlik	csitlik	çitl	TRUE	TRUE
m	é	bz	mébzik	mébzik	mébz	TRUE	TRUE
s	í	bz	síbzik	síbzik	síbz	TRUE	TRUE
ç	u	lß	çulßik	csulszik	çulß	TRUE	TRUE
ß	o	gß	ßogßik	szogszik	ßogß	TRUE	TRUE
ç	a	ßp	çaßpik	csaszpik	çaßp	TRUE	TRUE
ß	ö	gß	ßögßik	szögszik	ßögß	TRUE	TRUE
h	i	ßp	hißpik	hiszpik	hißp	TRUE	TRUE
f	e	zz	fezzik	fezzik	fezz	TRUE	TRUE
¥	í	tß	¥ítßik	nyítszik	¥ítß	TRUE	TRUE
k	e	gz	kegzik	kegzik	kegz	TRUE	TRUE
¥	ü	tl	¥ütlik	nyütlik	¥ütl	TRUE	TRUE
ß	e	sl	ßeslik	szeslik	ßesl	TRUE	TRUE
NA	a	ßl	aßlik	aszlik	aßl	TRUE	TRUE
h	ü	rl	hürlik	hürlik	hürl	TRUE	TRUE
r	ű	gz	rűgzik	rűgzik	rűgz	TRUE	TRUE
d	e	rd	derdik	derdik	derd	TRUE	TRUE
t	ü	gr	tügrik	tügrik	tügr	TRUE	TRUE
t	a	kß	takßik	takszik	takß	TRUE	TRUE
¥	a	gz	¥agzik	nyagzik	¥agz	TRUE	TRUE
b	a	ml	bamlik	bamlik	baml	TRUE	TRUE
ç	u	jl	çujlik	csujlik	çujl	TRUE	TRUE
r	u	kl	ruklik	ruklik	rukl	TRUE	TRUE
l	i	rl	lirlik	lirlik	lirl	TRUE	TRUE
t	í	rl	tírlik	tírlik	tírl	TRUE	TRUE
j	ű	rd	jűrdik	jűrdik	jűrd	TRUE	TRUE
b	á	gl	báglik	báglik	bágl	TRUE	TRUE
NA	u	rd	urdik	urdik	urd	TRUE	TRUE
t	e	tl	tetlik	tetlik	tetl	TRUE	TRUE
j	u	kß	jukßik	jukszik	jukß	TRUE	TRUE
l	i	¥l	li¥lik	linylik	li¥l	TRUE	TRUE
s	u	ll	sullik	sullik	sull	TRUE	TRUE
h	u	zl	huzlik	huzlik	huzl	TRUE	TRUE
j	í	sl	jíslik	jíslik	jísl	TRUE	TRUE
z	a	rl	zarlik	zarlik	zarl	TRUE	TRUE
ç	o	zz	çozzik	csozzik	çozz	TRUE	TRUE
NA	é	ßp	éßpik	észpik	éßp	TRUE	TRUE
v	e	rl	verlik	verlik	verl	TRUE	TRUE
NA	á	bz	ábzik	ábzik	ábz	TRUE	TRUE
l	i	gl	liglik	liglik	ligl	TRUE	TRUE
ç	u	¥l	çu¥lik	csunylik	çu¥l	TRUE	TRUE
r	ű	zz	rűzzik	rűzzik	rűzz	TRUE	TRUE
m	o	jl	mojlik	mojlik	mojl	TRUE	TRUE
d	é	sd	désdik	désdik	désd	TRUE	TRUE
z	o	ng	zongik	zongik	zong	TRUE	TRUE
m	á	kl	máklik	máklik	mákl	TRUE	TRUE
m	é	gr	mégrik	mégrik	mégr	TRUE	TRUE
k	ü	jl	küjlik	küjlik	küjl	TRUE	TRUE
l	u	ml	lumlik	lumlik	luml	TRUE	TRUE
ç	u	ll	çullik	csullik	çull	TRUE	TRUE
b	é	sd	bésdik	bésdik	bésd	TRUE	TRUE
z	ö	gß	zögßik	zögszik	zögß	TRUE	TRUE
m	á	gl	máglik	máglik	mágl	TRUE	TRUE
z	i	kl	ziklik	ziklik	zikl	TRUE	TRUE
d	ű	rl	dűrlik	dűrlik	dűrl	TRUE	TRUE
j	ö	kß	jökßik	jökszik	jökß	TRUE	TRUE
s	o	¥l	so¥lik	sonylik	so¥l	TRUE	TRUE
v	e	kß	vekßik	vekszik	vekß	TRUE	TRUE
p	u	gß	pugßik	pugszik	pugß	TRUE	TRUE
ç	á	rl	çárlik	csárlik	çárl	TRUE	TRUE
m	u	rz	murzik	murzik	murz	TRUE	TRUE
l	á	kl	láklik	láklik	lákl	TRUE	TRUE
l	o	ßp	loßpik	loszpik	loßp	TRUE	TRUE
v	é	zl	vézlik	vézlik	vézl	TRUE	TRUE
p	á	gz	págzik	págzik	págz	TRUE	TRUE
¥	ű	tß	¥űtßik	nyűtszik	¥űtß	TRUE	TRUE
v	í	ßl	víßlik	víszlik	víßl	TRUE	TRUE
ç	ű	rd	çűrdik	csűrdik	çűrd	TRUE	TRUE
m	á	zz	mázzik	mázzik	mázz	TRUE	TRUE
t	í	gz	tígzik	tígzik	tígz	TRUE	TRUE
r	á	gr	rágrik	rágrik	rágr	TRUE	TRUE
z	i	ßl	zißlik	ziszlik	zißl	TRUE	TRUE
k	í	sl	kíslik	kíslik	kísl	TRUE	TRUE
m	a	gß	magßik	magszik	magß	TRUE	TRUE
k	o	ml	komlik	komlik	koml	TRUE	TRUE
k	í	sd	kísdik	kísdik	kísd	TRUE	TRUE
j	ü	gl	jüglik	jüglik	jügl	TRUE	TRUE
l	ü	dl	lüdlik	lüdlik	lüdl	TRUE	TRUE
¥	á	ßp	¥áßpik	nyászpik	¥áßp	TRUE	TRUE
f	ü	tß	fütßik	fütszik	fütß	TRUE	TRUE
¥	i	ll	¥illik	nyillik	¥ill	TRUE	TRUE
t	ü	ng	tüngik	tüngik	tüng	TRUE	TRUE
p	i	sl	pislik	pislik	pisl	TRUE	TRUE
b	u	ßl	bußlik	buszlik	bußl	TRUE	TRUE
d	u	ßp	dußpik	duszpik	dußp	TRUE	TRUE
j	á	gr	jágrik	jágrik	jágr	TRUE	TRUE
ß	á	gß	ßágßik	szágszik	ßágß	TRUE	TRUE
h	é	bz	hébzik	hébzik	hébz	TRUE	TRUE
b	ű	rd	bűrdik	bűrdik	bűrd	TRUE	TRUE
p	ü	ng	püngik	püngik	püng	TRUE	TRUE
ß	o	gl	ßoglik	szoglik	ßogl	TRUE	TRUE
v	o	kl	voklik	voklik	vokl	TRUE	TRUE
r	e	lß	relßik	relszik	relß	TRUE	TRUE
¥	ö	bz	¥öbzik	nyöbzik	¥öbz	TRUE	TRUE
h	ű	bz	hűbzik	hűbzik	hűbz	TRUE	TRUE
¥	o	rl	¥orlik	nyorlik	¥orl	TRUE	TRUE
¥	ű	lß	¥űlßik	nyűlszik	¥űlß	TRUE	TRUE
d	o	rd	dordik	dordik	dord	TRUE	TRUE
ß	ö	¥l	ßö¥lik	szönylik	ßö¥l	TRUE	TRUE
v	ü	zl	vüzlik	vüzlik	vüzl	TRUE	TRUE
NA	ö	gl	öglik	öglik	ögl	TRUE	TRUE
r	a	lß	ralßik	ralszik	ralß	TRUE	TRUE
b	a	tß	batßik	batszik	batß	TRUE	TRUE
ç	í	tl	çítlik	csítlik	çítl	TRUE	TRUE
j	e	ll	jellik	jellik	jell	TRUE	TRUE
f	ö	zz	fözzik	fözzik	fözz	TRUE	TRUE
k	u	lß	kulßik	kulszik	kulß	TRUE	TRUE
t	ü	ml	tümlik	tümlik	tüml	TRUE	TRUE
f	ű	ßp	fűßpik	fűszpik	fűßp	TRUE	TRUE
j	ö	lß	jölßik	jölszik	jölß	TRUE	TRUE
m	í	ml	mímlik	mímlik	míml	TRUE	TRUE
d	i	lß	dilßik	dilszik	dilß	TRUE	TRUE
v	e	bz	vebzik	vebzik	vebz	TRUE	TRUE
¥	á	dl	¥ádlik	nyádlik	¥ádl	TRUE	TRUE
m	o	gz	mogzik	mogzik	mogz	TRUE	TRUE
ç	u	zz	çuzzik	csuzzik	çuzz	TRUE	TRUE
k	o	rz	korzik	korzik	korz	TRUE	TRUE
p	e	jz	pejzik	pejzik	pejz	TRUE	TRUE
f	é	ml	fémlik	fémlik	féml	TRUE	TRUE
v	a	lß	valßik	valszik	valß	TRUE	TRUE
v	ű	bz	vűbzik	vűbzik	vűbz	TRUE	TRUE
b	u	zz	buzzik	buzzik	buzz	TRUE	TRUE
z	á	gl	záglik	záglik	zágl	TRUE	TRUE
v	é	bz	vébzik	vébzik	vébz	TRUE	TRUE
¥	ö	rz	¥örzik	nyörzik	¥örz	TRUE	TRUE
r	a	gl	raglik	raglik	ragl	TRUE	TRUE
ç	ö	tl	çötlik	csötlik	çötl	TRUE	TRUE
v	í	ng	víngik	víngik	víng	TRUE	TRUE
l	u	tß	lutßik	lutszik	lutß	TRUE	TRUE
b	o	zl	bozlik	bozlik	bozl	TRUE	TRUE
t	í	rz	tírzik	tírzik	tírz	TRUE	TRUE
t	ü	tl	tütlik	tütlik	tütl	TRUE	TRUE
s	ű	gß	sűgßik	sűgszik	sűgß	TRUE	TRUE
h	ű	gr	hűgrik	hűgrik	hűgr	TRUE	TRUE
NA	ö	rl	örlik	örlik	örl	TRUE	TRUE
r	u	gz	rugzik	rugzik	rugz	TRUE	TRUE
b	e	gr	begrik	begrik	begr	TRUE	TRUE
¥	á	¥l	¥á¥lik	nyánylik	¥á¥l	TRUE	TRUE
p	ű	¥l	pű¥lik	pűnylik	pű¥l	TRUE	TRUE
l	á	jl	lájlik	lájlik	lájl	TRUE	TRUE
r	í	gr	rígrik	rígrik	rígr	TRUE	TRUE
t	u	rz	turzik	turzik	turz	TRUE	TRUE
ß	ű	rz	ßűrzik	szűrzik	ßűrz	TRUE	TRUE
p	é	zl	pézlik	pézlik	pézl	TRUE	TRUE
f	é	rz	férzik	férzik	férz	TRUE	TRUE
r	ö	tl	rötlik	rötlik	rötl	TRUE	TRUE
r	i	gr	rigrik	rigrik	rigr	TRUE	TRUE
p	í	ml	pímlik	pímlik	píml	TRUE	TRUE
j	ü	jz	jüjzik	jüjzik	jüjz	TRUE	TRUE
j	í	jl	jíjlik	jíjlik	jíjl	TRUE	TRUE
NA	o	zz	ozzik	ozzik	ozz	TRUE	TRUE
ç	o	kß	çokßik	csokszik	çokß	TRUE	TRUE
d	ö	ll	döllik	döllik	döll	TRUE	TRUE
¥	é	lß	¥élßik	nyélszik	¥élß	TRUE	TRUE
l	ö	gl	löglik	löglik	lögl	TRUE	TRUE
t	ö	kß	tökßik	tökszik	tökß	TRUE	TRUE
b	i	rl	birlik	birlik	birl	TRUE	TRUE
m	i	rl	mirlik	mirlik	mirl	TRUE	TRUE
l	e	gz	legzik	legzik	legz	TRUE	TRUE
l	ö	sl	löslik	löslik	lösl	TRUE	TRUE
ç	ü	jz	çüjzik	csüjzik	çüjz	TRUE	TRUE
v	ü	sd	vüsdik	vüsdik	vüsd	TRUE	TRUE
¥	á	rl	¥árlik	nyárlik	¥árl	TRUE	TRUE
m	e	kl	meklik	meklik	mekl	TRUE	TRUE
¥	ü	jz	¥üjzik	nyüjzik	¥üjz	TRUE	TRUE
r	í	jz	ríjzik	ríjzik	ríjz	TRUE	TRUE
p	é	ßl	péßlik	pészlik	péßl	TRUE	TRUE
z	o	gß	zogßik	zogszik	zogß	TRUE	TRUE
b	a	gr	bagrik	bagrik	bagr	TRUE	TRUE
NA	é	sl	éslik	éslik	ésl	TRUE	TRUE
z	í	tß	zítßik	zítszik	zítß	TRUE	TRUE
r	á	tl	rátlik	rátlik	rátl	TRUE	TRUE
z	í	ml	zímlik	zímlik	zíml	TRUE	TRUE
r	a	sl	raslik	raslik	rasl	TRUE	TRUE
t	í	sl	tíslik	tíslik	tísl	TRUE	TRUE
f	o	¥l	fo¥lik	fonylik	fo¥l	TRUE	TRUE
r	í	kl	ríklik	ríklik	ríkl	TRUE	TRUE
h	u	kß	hukßik	hukszik	hukß	TRUE	TRUE
k	a	ßl	kaßlik	kaszlik	kaßl	TRUE	TRUE
l	a	gz	lagzik	lagzik	lagz	TRUE	TRUE
s	u	sl	suslik	suslik	susl	TRUE	TRUE
h	ü	sl	hüslik	hüslik	hüsl	TRUE	TRUE
ç	á	ml	çámlik	csámlik	çáml	TRUE	TRUE
s	ű	tl	sűtlik	sűtlik	sűtl	TRUE	TRUE
r	é	zz	rézzik	rézzik	rézz	TRUE	TRUE
m	ö	jz	möjzik	möjzik	möjz	TRUE	TRUE
¥	á	gr	¥ágrik	nyágrik	¥ágr	TRUE	TRUE
d	ű	bz	dűbzik	dűbzik	dűbz	TRUE	TRUE
f	i	zl	fizlik	fizlik	fizl	TRUE	TRUE
b	é	gr	bégrik	bégrik	bégr	TRUE	TRUE
l	ű	tl	lűtlik	lűtlik	lűtl	TRUE	TRUE
f	á	ßp	fáßpik	fászpik	fáßp	TRUE	TRUE
ç	ö	ml	çömlik	csömlik	çöml	TRUE	TRUE
h	ű	tß	hűtßik	hűtszik	hűtß	TRUE	TRUE
r	a	tß	ratßik	ratszik	ratß	TRUE	TRUE
s	ö	tl	sötlik	sötlik	sötl	TRUE	TRUE
f	á	tl	fátlik	fátlik	fátl	TRUE	TRUE
ç	ű	lß	çűlßik	csűlszik	çűlß	TRUE	TRUE
s	u	sd	susdik	susdik	susd	TRUE	TRUE
l	o	tß	lotßik	lotszik	lotß	TRUE	TRUE
NA	é	lß	élßik	élszik	élß	TRUE	TRUE
d	ö	lß	dölßik	dölszik	dölß	TRUE	TRUE
f	á	rd	fárdik	fárdik	fárd	TRUE	TRUE
s	u	¥l	su¥lik	sunylik	su¥l	TRUE	TRUE
z	ü	rl	zürlik	zürlik	zürl	TRUE	TRUE
s	e	zz	sezzik	sezzik	sezz	TRUE	TRUE
f	ö	ll	föllik	föllik	föll	TRUE	TRUE
t	ö	kl	töklik	töklik	tökl	TRUE	TRUE
l	u	tl	lutlik	lutlik	lutl	TRUE	TRUE
v	ű	gr	vűgrik	vűgrik	vűgr	TRUE	TRUE
d	i	zl	dizlik	dizlik	dizl	TRUE	TRUE
m	ű	kß	műkßik	műkszik	műkß	TRUE	TRUE
ç	i	zl	çizlik	csizlik	çizl	TRUE	TRUE
b	é	kl	béklik	béklik	békl	TRUE	TRUE
j	a	gl	jaglik	jaglik	jagl	TRUE	TRUE
d	ü	ml	dümlik	dümlik	düml	TRUE	TRUE
b	e	tß	betßik	betszik	betß	TRUE	TRUE
z	u	ßl	zußlik	zuszlik	zußl	TRUE	TRUE
¥	é	ßl	¥éßlik	nyészlik	¥éßl	TRUE	TRUE
z	ö	rz	zörzik	zörzik	zörz	TRUE	TRUE
h	í	lß	hílßik	hílszik	hílß	TRUE	TRUE
s	ű	kl	sűklik	sűklik	sűkl	TRUE	TRUE
ç	o	gß	çogßik	csogszik	çogß	TRUE	TRUE
j	o	lß	jolßik	jolszik	jolß	TRUE	TRUE
h	o	ml	homlik	homlik	homl	TRUE	TRUE
d	u	ßl	dußlik	duszlik	dußl	TRUE	TRUE
v	e	jz	vejzik	vejzik	vejz	TRUE	TRUE
h	a	lß	halßik	halszik	halß	TRUE	TRUE
¥	e	ßp	¥eßpik	nyeszpik	¥eßp	TRUE	TRUE
h	í	zl	hízlik	hízlik	hízl	TRUE	TRUE
s	a	gl	saglik	saglik	sagl	TRUE	TRUE
NA	á	rd	árdik	árdik	árd	TRUE	TRUE
k	e	rd	kerdik	kerdik	kerd	TRUE	TRUE
h	i	kl	hiklik	hiklik	hikl	TRUE	TRUE
j	a	sd	jasdik	jasdik	jasd	TRUE	TRUE
r	i	dl	ridlik	ridlik	ridl	TRUE	TRUE
m	ö	gz	mögzik	mögzik	mögz	TRUE	TRUE
b	é	bz	bébzik	bébzik	bébz	TRUE	TRUE
s	u	zl	suzlik	suzlik	suzl	TRUE	TRUE
s	a	gz	sagzik	sagzik	sagz	TRUE	TRUE
NA	ű	tl	űtlik	űtlik	űtl	TRUE	TRUE
¥	ü	rd	¥ürdik	nyürdik	¥ürd	TRUE	TRUE
ß	é	jl	ßéjlik	széjlik	ßéjl	TRUE	TRUE
h	é	ßp	héßpik	hészpik	héßp	TRUE	TRUE
l	á	lß	lálßik	lálszik	lálß	TRUE	TRUE
j	i	kl	jiklik	jiklik	jikl	TRUE	TRUE
r	i	gz	rigzik	rigzik	rigz	TRUE	TRUE
h	o	zz	hozzik	hozzik	hozz	TRUE	TRUE
v	u	ßl	vußlik	vuszlik	vußl	TRUE	TRUE
h	é	tl	hétlik	hétlik	hétl	TRUE	TRUE
NA	ö	jz	öjzik	öjzik	öjz	TRUE	TRUE
p	u	lß	pulßik	pulszik	pulß	TRUE	TRUE
NA	i	tß	itßik	itszik	itß	TRUE	TRUE
¥	é	ßp	¥éßpik	nyészpik	¥éßp	TRUE	TRUE
t	á	gl	táglik	táglik	tágl	TRUE	TRUE
m	í	bz	míbzik	míbzik	míbz	TRUE	TRUE
v	á	gr	vágrik	vágrik	vágr	TRUE	TRUE
k	é	ml	kémlik	kémlik	kéml	TRUE	TRUE
d	é	zl	dézlik	dézlik	dézl	TRUE	TRUE
l	e	jz	lejzik	lejzik	lejz	TRUE	TRUE
h	a	gr	hagrik	hagrik	hagr	TRUE	TRUE
f	ü	ml	fümlik	fümlik	füml	TRUE	TRUE
s	a	ßl	saßlik	saszlik	saßl	TRUE	TRUE
k	ü	ng	küngik	küngik	küng	TRUE	TRUE
b	í	ßl	bíßlik	bíszlik	bíßl	TRUE	TRUE
p	é	tß	pétßik	pétszik	pétß	TRUE	TRUE
r	ö	ll	röllik	röllik	röll	TRUE	TRUE
p	u	sd	pusdik	pusdik	pusd	TRUE	TRUE
d	é	rz	dérzik	dérzik	dérz	TRUE	TRUE
ß	i	zl	ßizlik	szizlik	ßizl	TRUE	TRUE
b	ö	tß	bötßik	bötszik	bötß	TRUE	TRUE
v	á	jl	vájlik	vájlik	vájl	TRUE	TRUE
d	a	rd	dardik	dardik	dard	TRUE	TRUE
k	é	gß	kégßik	kégszik	kégß	TRUE	TRUE
d	í	sl	díslik	díslik	dísl	TRUE	TRUE
k	ü	ßp	küßpik	küszpik	küßp	TRUE	TRUE
k	á	rd	kárdik	kárdik	kárd	TRUE	TRUE
NA	a	zz	azzik	azzik	azz	TRUE	TRUE
h	o	kß	hokßik	hokszik	hokß	TRUE	TRUE
k	i	ml	kimlik	kimlik	kiml	TRUE	TRUE
ç	á	lß	çálßik	csálszik	çálß	TRUE	TRUE
h	e	kß	hekßik	hekszik	hekß	TRUE	TRUE
NA	á	kß	ákßik	ákszik	ákß	TRUE	TRUE
s	ö	ml	sömlik	sömlik	söml	TRUE	TRUE
¥	a	rl	¥arlik	nyarlik	¥arl	TRUE	TRUE
s	i	gl	siglik	siglik	sigl	TRUE	TRUE
r	a	zl	razlik	razlik	razl	TRUE	TRUE
s	é	jl	séjlik	séjlik	séjl	TRUE	TRUE
ç	o	gr	çogrik	csogrik	çogr	TRUE	TRUE
f	ü	¥l	fü¥lik	fünylik	fü¥l	TRUE	TRUE
ç	é	gß	çégßik	cségszik	çégß	TRUE	TRUE
k	ö	gz	kögzik	kögzik	kögz	TRUE	TRUE
f	a	lß	falßik	falszik	falß	TRUE	TRUE
j	á	kß	jákßik	jákszik	jákß	TRUE	TRUE
d	e	sd	desdik	desdik	desd	TRUE	TRUE
f	i	¥l	fi¥lik	finylik	fi¥l	TRUE	TRUE
d	u	dl	dudlik	dudlik	dudl	TRUE	TRUE
z	u	rd	zurdik	zurdik	zurd	TRUE	TRUE
m	ö	tß	mötßik	mötszik	mötß	TRUE	TRUE
ç	o	jz	çojzik	csojzik	çojz	TRUE	TRUE
s	ü	sd	süsdik	süsdik	süsd	TRUE	TRUE
NA	o	bz	obzik	obzik	obz	TRUE	TRUE
NA	í	lß	ílßik	ílszik	ílß	TRUE	TRUE
l	é	jl	léjlik	léjlik	léjl	TRUE	TRUE
ß	a	gß	ßagßik	szagszik	ßagß	TRUE	TRUE
l	u	kl	luklik	luklik	lukl	TRUE	TRUE
¥	é	jz	¥éjzik	nyéjzik	¥éjz	TRUE	TRUE
h	u	dl	hudlik	hudlik	hudl	TRUE	TRUE
NA	ü	rz	ürzik	ürzik	ürz	TRUE	TRUE
l	i	rz	lirzik	lirzik	lirz	TRUE	TRUE
l	ü	jz	lüjzik	lüjzik	lüjz	TRUE	TRUE
ß	e	rl	ßerlik	szerlik	ßerl	TRUE	TRUE
b	ö	rz	börzik	börzik	börz	TRUE	TRUE
s	ü	gl	süglik	süglik	sügl	TRUE	TRUE
ç	ö	lß	çölßik	csölszik	çölß	TRUE	TRUE
t	a	tß	tatßik	tatszik	tatß	TRUE	TRUE
f	í	lß	fílßik	fílszik	fílß	TRUE	TRUE
ß	ü	jl	ßüjlik	szüjlik	ßüjl	TRUE	TRUE
f	ö	rd	fördik	fördik	förd	TRUE	TRUE
t	u	ng	tungik	tungik	tung	TRUE	TRUE
b	ö	kl	böklik	böklik	bökl	TRUE	TRUE
d	ü	bz	dübzik	dübzik	dübz	TRUE	TRUE
h	o	jl	hojlik	hojlik	hojl	TRUE	TRUE
v	ű	¥l	vű¥lik	vűnylik	vű¥l	TRUE	TRUE
l	i	gr	ligrik	ligrik	ligr	TRUE	TRUE
l	é	zz	lézzik	lézzik	lézz	TRUE	TRUE
j	o	kß	jokßik	jokszik	jokß	TRUE	TRUE
f	o	gr	fogrik	fogrik	fogr	TRUE	TRUE
z	ű	gr	zűgrik	zűgrik	zűgr	TRUE	TRUE
m	ö	gl	möglik	möglik	mögl	TRUE	TRUE
r	é	ll	réllik	réllik	réll	TRUE	TRUE
k	ö	rd	kördik	kördik	körd	TRUE	TRUE
r	a	jl	rajlik	rajlik	rajl	TRUE	TRUE
NA	i	sl	islik	islik	isl	TRUE	TRUE
b	á	rz	bárzik	bárzik	bárz	TRUE	TRUE
ç	ö	kß	çökßik	csökszik	çökß	TRUE	TRUE
ç	i	ßp	çißpik	csiszpik	çißp	TRUE	TRUE
j	u	gr	jugrik	jugrik	jugr	TRUE	TRUE
¥	u	rd	¥urdik	nyurdik	¥urd	TRUE	TRUE
NA	o	gl	oglik	oglik	ogl	TRUE	TRUE
s	í	zz	sízzik	sízzik	sízz	TRUE	TRUE
m	ű	ßp	műßpik	műszpik	műßp	TRUE	TRUE
r	í	ßl	ríßlik	ríszlik	ríßl	TRUE	TRUE
z	u	zl	zuzlik	zuzlik	zuzl	TRUE	TRUE
r	ö	tß	rötßik	rötszik	rötß	TRUE	TRUE
h	i	rl	hirlik	hirlik	hirl	TRUE	TRUE
m	e	jl	mejlik	mejlik	mejl	TRUE	TRUE
z	ű	lß	zűlßik	zűlszik	zűlß	TRUE	TRUE
ç	ü	rl	çürlik	csürlik	çürl	TRUE	TRUE
r	í	tl	rítlik	rítlik	rítl	TRUE	TRUE
m	ü	jz	müjzik	müjzik	müjz	TRUE	TRUE
h	ű	ml	hűmlik	hűmlik	hűml	TRUE	TRUE
d	í	kl	díklik	díklik	díkl	TRUE	TRUE
m	ű	ng	műngik	műngik	műng	TRUE	TRUE
NA	a	¥l	a¥lik	anylik	a¥l	TRUE	TRUE
ç	ü	gl	çüglik	csüglik	çügl	TRUE	TRUE
t	í	gr	tígrik	tígrik	tígr	TRUE	TRUE
NA	ü	ng	üngik	üngik	üng	TRUE	TRUE
r	e	bz	rebzik	rebzik	rebz	TRUE	TRUE
s	e	kß	sekßik	sekszik	sekß	TRUE	TRUE
z	i	zl	zizlik	zizlik	zizl	TRUE	TRUE
d	ö	¥l	dö¥lik	dönylik	dö¥l	TRUE	TRUE
m	u	ßp	mußpik	muszpik	mußp	TRUE	TRUE
ß	o	¥l	ßo¥lik	szonylik	ßo¥l	TRUE	TRUE
b	í	ll	bíllik	bíllik	bíll	TRUE	TRUE
NA	e	tß	etßik	etszik	etß	TRUE	TRUE
ß	e	ml	ßemlik	szemlik	ßeml	TRUE	TRUE
m	í	lß	mílßik	mílszik	mílß	TRUE	TRUE
t	é	sl	téslik	téslik	tésl	TRUE	TRUE
t	ű	bz	tűbzik	tűbzik	tűbz	TRUE	TRUE
v	i	sd	visdik	visdik	visd	TRUE	TRUE
r	a	tl	ratlik	ratlik	ratl	TRUE	TRUE
r	e	jz	rejzik	rejzik	rejz	TRUE	TRUE
m	a	tl	matlik	matlik	matl	TRUE	TRUE
b	o	tß	botßik	botszik	botß	TRUE	TRUE
j	é	ßp	jéßpik	jészpik	jéßp	TRUE	TRUE
j	o	zl	jozlik	jozlik	jozl	TRUE	TRUE
t	ü	bz	tübzik	tübzik	tübz	TRUE	TRUE
ß	o	rz	ßorzik	szorzik	ßorz	TRUE	TRUE
l	o	jz	lojzik	lojzik	lojz	TRUE	TRUE
t	é	jz	téjzik	téjzik	téjz	TRUE	TRUE
p	a	zz	pazzik	pazzik	pazz	TRUE	TRUE
ç	i	rl	çirlik	csirlik	çirl	TRUE	TRUE
ç	ű	kß	çűkßik	csűkszik	çűkß	TRUE	TRUE
j	u	gl	juglik	juglik	jugl	TRUE	TRUE
v	i	bz	vibzik	vibzik	vibz	TRUE	TRUE
v	é	ng	véngik	véngik	véng	TRUE	TRUE
k	é	rl	kérlik	kérlik	kérl	TRUE	TRUE
NA	ü	ßl	üßlik	üszlik	üßl	TRUE	TRUE
t	o	zz	tozzik	tozzik	tozz	TRUE	TRUE
NA	a	gl	aglik	aglik	agl	TRUE	TRUE
ç	a	kl	çaklik	csaklik	çakl	TRUE	TRUE
b	u	ng	bungik	bungik	bung	TRUE	TRUE
ß	á	jz	ßájzik	szájzik	ßájz	TRUE	TRUE
s	ü	kß	sükßik	sükszik	sükß	TRUE	TRUE
r	í	sd	rísdik	rísdik	rísd	TRUE	TRUE
m	o	gl	moglik	moglik	mogl	TRUE	TRUE
ß	i	sl	ßislik	szislik	ßisl	TRUE	TRUE
NA	í	rl	írlik	írlik	írl	TRUE	TRUE
r	é	gz	régzik	régzik	régz	TRUE	TRUE
ç	o	dl	çodlik	csodlik	çodl	TRUE	TRUE
m	í	tß	mítßik	mítszik	mítß	TRUE	TRUE
d	ű	jl	dűjlik	dűjlik	dűjl	TRUE	TRUE
l	a	gß	lagßik	lagszik	lagß	TRUE	TRUE
l	í	ßl	líßlik	líszlik	líßl	TRUE	TRUE
f	o	gl	foglik	foglik	fogl	TRUE	TRUE
h	ü	ßl	hüßlik	hüszlik	hüßl	TRUE	TRUE
NA	i	dl	idlik	idlik	idl	TRUE	TRUE
v	í	ml	vímlik	vímlik	víml	TRUE	TRUE
j	i	sd	jisdik	jisdik	jisd	TRUE	TRUE
ß	é	rl	ßérlik	szérlik	ßérl	TRUE	TRUE
b	ű	sl	bűslik	bűslik	bűsl	TRUE	TRUE
ç	o	ßp	çoßpik	csoszpik	çoßp	TRUE	TRUE
f	i	ll	fillik	fillik	fill	TRUE	TRUE
s	e	tl	setlik	setlik	setl	TRUE	TRUE
f	é	kl	féklik	féklik	fékl	TRUE	TRUE
l	o	rz	lorzik	lorzik	lorz	TRUE	TRUE
NA	í	tl	ítlik	ítlik	ítl	TRUE	TRUE
s	á	zz	sázzik	sázzik	sázz	TRUE	TRUE
s	í	tl	sítlik	sítlik	sítl	TRUE	TRUE
ç	ö	kl	çöklik	csöklik	çökl	TRUE	TRUE
h	í	ßp	híßpik	híszpik	híßp	TRUE	TRUE
s	u	gr	sugrik	sugrik	sugr	TRUE	TRUE
v	i	ßl	vißlik	viszlik	vißl	TRUE	TRUE
k	í	gr	kígrik	kígrik	kígr	TRUE	TRUE
d	i	rz	dirzik	dirzik	dirz	TRUE	TRUE
r	í	lß	rílßik	rílszik	rílß	TRUE	TRUE
j	á	zl	jázlik	jázlik	jázl	TRUE	TRUE
v	é	jz	véjzik	véjzik	véjz	TRUE	TRUE
t	á	kl	táklik	táklik	tákl	TRUE	TRUE
z	ö	ßl	zößlik	zöszlik	zößl	TRUE	TRUE
ç	ö	ll	çöllik	csöllik	çöll	TRUE	TRUE
b	i	lß	bilßik	bilszik	bilß	TRUE	TRUE
r	ű	ll	rűllik	rűllik	rűll	TRUE	TRUE
t	ű	gr	tűgrik	tűgrik	tűgr	TRUE	TRUE
j	á	tl	játlik	játlik	játl	TRUE	TRUE
m	i	ßl	mißlik	miszlik	mißl	TRUE	TRUE
l	u	ßl	lußlik	luszlik	lußl	TRUE	TRUE
ß	u	ll	ßullik	szullik	ßull	TRUE	TRUE
z	o	dl	zodlik	zodlik	zodl	TRUE	TRUE
NA	u	tß	utßik	utszik	utß	TRUE	TRUE
z	i	tl	zitlik	zitlik	zitl	TRUE	TRUE
b	é	zl	bézlik	bézlik	bézl	TRUE	TRUE
f	á	gß	fágßik	fágszik	fágß	TRUE	TRUE
¥	ö	dl	¥ödlik	nyödlik	¥ödl	TRUE	TRUE
l	o	zz	lozzik	lozzik	lozz	TRUE	TRUE
z	ö	kß	zökßik	zökszik	zökß	TRUE	TRUE
t	á	ng	tángik	tángik	táng	TRUE	TRUE
m	o	¥l	mo¥lik	monylik	mo¥l	TRUE	TRUE
ß	í	kl	ßíklik	szíklik	ßíkl	TRUE	TRUE
d	e	jz	dejzik	dejzik	dejz	TRUE	TRUE
z	ű	rl	zűrlik	zűrlik	zűrl	TRUE	TRUE
¥	é	¥l	¥é¥lik	nyénylik	¥é¥l	TRUE	TRUE
f	á	kß	fákßik	fákszik	fákß	TRUE	TRUE
m	é	gz	mégzik	mégzik	mégz	TRUE	TRUE
f	u	ßl	fußlik	fuszlik	fußl	TRUE	TRUE
¥	o	jz	¥ojzik	nyojzik	¥ojz	TRUE	TRUE
f	o	ng	fongik	fongik	fong	TRUE	TRUE
¥	í	sl	¥íslik	nyíslik	¥ísl	TRUE	TRUE
NA	á	zz	ázzik	ázzik	ázz	TRUE	TRUE
j	á	zz	jázzik	jázzik	jázz	TRUE	TRUE
r	i	zz	rizzik	rizzik	rizz	TRUE	TRUE
l	á	gß	lágßik	lágszik	lágß	TRUE	TRUE
j	i	rd	jirdik	jirdik	jird	TRUE	TRUE
t	a	ml	tamlik	tamlik	taml	TRUE	TRUE
d	é	dl	dédlik	dédlik	dédl	TRUE	TRUE
¥	ö	kl	¥öklik	nyöklik	¥ökl	TRUE	TRUE
ß	u	sd	ßusdik	szusdik	ßusd	TRUE	TRUE
r	á	rd	rárdik	rárdik	rárd	TRUE	TRUE
h	e	tß	hetßik	hetszik	hetß	TRUE	TRUE
b	é	ßp	béßpik	bészpik	béßp	TRUE	TRUE
ç	ü	kl	çüklik	csüklik	çükl	TRUE	TRUE
z	á	¥l	zá¥lik	zánylik	zá¥l	TRUE	TRUE
j	é	gz	jégzik	jégzik	jégz	TRUE	TRUE
k	i	jl	kijlik	kijlik	kijl	TRUE	TRUE
v	i	kl	viklik	viklik	vikl	TRUE	TRUE
d	i	gl	diglik	diglik	digl	TRUE	TRUE
l	o	bz	lobzik	lobzik	lobz	TRUE	TRUE
d	á	tl	dátlik	dátlik	dátl	TRUE	TRUE
ß	í	bz	ßíbzik	szíbzik	ßíbz	TRUE	TRUE
p	é	rz	pérzik	pérzik	pérz	TRUE	TRUE
¥	í	zl	¥ízlik	nyízlik	¥ízl	TRUE	TRUE
ç	e	zl	çezlik	csezlik	çezl	TRUE	TRUE
l	a	¥l	la¥lik	lanylik	la¥l	TRUE	TRUE
