stem	front	nsyl	word	gcm_weight	gcm_decile
jag	FALSE	1	jagik	0.22906620380629353	1
nar	FALSE	1	narik	0.2745255191790459	1
lur	FALSE	1	lurik	0.23428517482776867	1
faz	FALSE	1	fazik	0.19028609689954837	1
lun	FALSE	1	lunik	0.23119774601752144	1
fak	FALSE	1	fakik	0.042531973515931513	1
fát	FALSE	1	fátik	0.041116433502384635	1
dág	FALSE	1	dágik	0.22536732448458563	1
vag	FALSE	1	vagik	0.1985558069288375	1
boz	FALSE	1	bozik	0.2527644675815785	1
big	FALSE	1	bigik	0.3482022251959965	2
rált	FALSE	1	ráltik	0.3777131608773024	2
fíz	FALSE	1	fízik	0.3644410300768778	2
jók	FALSE	1	jókik	0.3732416314601565	2
kuk	FALSE	1	kukik	0.3082667911299235	2
múk	FALSE	1	múkik	0.3217371329473921	2
nuk	FALSE	1	nukik	0.30199705308120317	2
rik	FALSE	1	rikik	0.3405257902976336	2
zák	FALSE	1	zákik	0.3728120807880617	2
búzd	FALSE	1	búzdik	0.30498244773640665	2
káng	FALSE	1	kángik	0.4493350504730047	3
líd	FALSE	1	lídik	0.4155381041105938	3
paz	FALSE	1	pazik	0.42649567621722795	3
frún	FALSE	1	frúnik	0.39699340147175555	3
lúng	FALSE	1	lúngik	0.4339416716753218	3
furt	FALSE	1	furtik	0.43060650449768934	3
kaz	FALSE	1	kazik	0.4276404395200276	3
grung	FALSE	1	grungik	0.40395680960022606	3
nut	FALSE	1	nutik	0.5002065624765362	4
jal	FALSE	1	jalik	0.5012371902294737	4
ral	FALSE	1	ralik	0.4978717923544217	4
jít	FALSE	1	jítik	0.5017926800016775	4
kúd	FALSE	1	kúdik	0.4599128980718033	4
vaz	FALSE	1	vazik	0.46936416179654544	4
run	FALSE	1	runik	0.5052181118352382	4
klol	FALSE	1	klolik	0.4771092132687078	4
kíg	FALSE	1	kígik	0.4874748563547496	4
ríf	FALSE	1	rífik	0.502959124376813	4
tóz	FALSE	1	tózik	0.5065238422889344	5
síd	FALSE	1	sídik	0.5329502359145372	5
rínt	FALSE	1	ríntik	0.5311699110764954	5
lúl	FALSE	1	lúlik	0.5085732462028645	5
tík	FALSE	1	tíkik	0.5070530376022356	5
kur	FALSE	1	kurik	0.5168053300623832	5
vút	FALSE	1	vútik	0.5140658754467674	5
fól	FALSE	1	fólik	0.5227691950598933	5
zík	FALSE	1	zíkik	0.508167238101875	5
gunt	FALSE	1	guntik	0.5869844019055351	6
sik	FALSE	1	sikik	0.5569186448325807	6
dúz	FALSE	1	dúzik	0.580682927482778	6
mók	FALSE	1	mókik	0.5421042576690439	6
vuz	FALSE	1	vuzik	0.5605240136378711	6
voz	FALSE	1	vozik	0.5600536096403633	6
rin	FALSE	1	rinik	0.5934753126878849	7
pant	FALSE	1	pantik	0.5968591257039991	7
sún	FALSE	1	súnik	0.5982275983892259	7
gód	FALSE	1	gódik	0.6201335172517568	7
jíl	FALSE	1	jílik	0.6436867133053794	7
ting	FALSE	1	tingik	0.6245109474108614	7
stríd	FALSE	1	strídik	0.6070839235467824	7
gíl	FALSE	1	gílik	0.6425331101914291	7
míl	FALSE	1	mílik	0.6571575182004711	8
túg	FALSE	1	túgik	0.7071334556720348	8
skór	FALSE	1	skórik	0.6633993497022718	8
tir	FALSE	1	tirik	0.712594544424831	8
ton	FALSE	1	tonik	0.7012632650042988	8
zsol	FALSE	1	zsolik	0.714873877302203	8
sid	FALSE	1	sidik	0.6473083647814286	8
did	FALSE	1	didik	0.7552378216729109	9
kúl	FALSE	1	kúlik	0.7713834170040776	9
gul	FALSE	1	gulik	0.7912366089073186	9
tit	FALSE	1	titik	0.7459340279492782	9
sod	FALSE	1	sodik	0.7321564690417112	9
szúz	FALSE	1	szúzik	0.7433785986026439	9
zsil	FALSE	1	zsilik	0.7513479189896354	9
dol	FALSE	1	dolik	0.8440926627673321	10
skák	FALSE	1	skákik	0.8100566196660143	10
skil	FALSE	1	skilik	0.8023220331104592	10
súl	FALSE	1	súlik	0.8116685065124757	10
sul	FALSE	1	sulik	0.8663710958544908	10
mol	FALSE	1	molik	0.8785147506192933	10
tólt	FALSE	1	tóltik	0.8181233046787962	10
szík	FALSE	1	szíkik	0.9751762348098693	10
szát	FALSE	1	szátik	0.8192847347463559	10
pólszut	FALSE	2	pólszutik	0.08582239926583203	1
fúzut	FALSE	2	fúzutik	0.2714391958296574	1
rusztaz	FALSE	2	rusztazik	0.12249357728087779	1
fázsmigy	FALSE	2	fázsmigyik	0.2145646902551349	1
bászpot	FALSE	2	bászpotik	0.26724958478314637	1
júknoz	FALSE	2	júknozik	0.2287216912492534	1
fáltut	FALSE	2	fáltutik	0.18652918365395685	1
zsíkon	FALSE	2	zsíkonik	0.31476660645009585	2
szíriz	FALSE	2	szírizik	0.3307693347784284	2
vobíg	FALSE	2	vobígik	0.3674693095592214	2
lóbant	FALSE	2	lóbantik	0.3530664421912394	2
záprik	FALSE	2	záprikik	0.34947686480373646	2
lúngonz	FALSE	2	lúngonzik	0.35023945871045886	2
spumak	FALSE	2	spumakik	0.3788224266895485	2
szoblul	FALSE	2	szoblulik	0.37814270663929367	2
jonszug	FALSE	2	jonszugik	0.37704250628704516	2
lurkuk	FALSE	2	lurkukik	0.2922758856853969	2
dádzil	FALSE	2	dádzilik	0.451595592814358	3
miltuz	FALSE	2	miltuzik	0.4384912235845941	3
rástit	FALSE	2	rástitik	0.4387666586814719	3
búnyung	FALSE	2	búnyungik	0.42674827398002535	3
fúgyil	FALSE	2	fúgyilik	0.3858292182060408	3
lístal	FALSE	2	lístalik	0.43989941606051697	3
zúrdot	FALSE	2	zúrdotik	0.4454468082393825	3
tírlaz	FALSE	2	tírlazik	0.49481119120065165	4
szúmont	FALSE	2	szúmontik	0.5011876179057833	4
zúfot	FALSE	2	zúfotik	0.4560431763912682	4
dotazd	FALSE	2	dotazdik	0.4899712359609721	4
komloz	FALSE	2	komlozik	0.5024202384592633	4
pugud	FALSE	2	pugudik	0.4581104162362215	4
rókid	FALSE	2	rókidik	0.4687405965912817	4
múszkun	FALSE	2	múszkunik	0.5151112719387102	5
pipral	FALSE	2	pipralik	0.5113522902008519	5
vórdot	FALSE	2	vórdotik	0.5102429471391965	5
pugyit	FALSE	2	pugyitik	0.5104232561967232	5
lójíl	FALSE	2	lójílik	0.5206701420713795	5
fagtul	FALSE	2	fagtulik	0.5282784160562999	5
bómíl	FALSE	2	bómílik	0.5331457178407151	5
lúszol	FALSE	2	lúszolik	0.5056605601417828	5
jujod	FALSE	2	jujodik	0.5069709989902303	5
razsík	FALSE	2	razsíkik	0.5694367310360208	6
jómbul	FALSE	2	jómbulik	0.5432514381034868	6
vórsal	FALSE	2	vórsalik	0.5650388336872572	6
túntik	FALSE	2	túntikik	0.5794200578132973	6
góbiz	FALSE	2	góbizik	0.5573773029116259	6
zílug	FALSE	2	zílugik	0.5458190080500523	6
súníz	FALSE	2	súnízik	0.5713915787810031	6
lólfut	FALSE	2	lólfutik	0.5595134517027217	6
bokant	FALSE	2	bokantik	0.6098736246409493	7
bazmíz	FALSE	2	bazmízik	0.6096637693949382	7
tudony	FALSE	2	tudonyik	0.6053608068178908	7
dábot	FALSE	2	dábotik	0.6194738558950875	7
szóbug	FALSE	2	szóbugik	0.641140202761297	7
máldar	FALSE	2	máldarik	0.5938853857510515	7
lomid	FALSE	2	lomidik	0.633153089772338	7
jupik	FALSE	2	jupikik	0.6064431391567248	7
túlíng	FALSE	2	túlíngik	0.6168657717604802	7
kúfird	FALSE	2	kúfirdik	0.6684814957043347	8
pamort	FALSE	2	pamortik	0.6471353871828033	8
gungil	FALSE	2	gungilik	0.6811167123182623	8
lúlíd	FALSE	2	lúlídik	0.6838144880021053	8
túngaz	FALSE	2	túngazik	0.6547988938742455	8
kórdong	FALSE	2	kórdongik	0.7144532908482034	8
kúrgin	FALSE	2	kúrginik	0.6879036628983161	8
mogluk	FALSE	2	moglukik	0.686306420751625	8
zintal	FALSE	2	zintalik	0.7546959157648134	9
tumpud	FALSE	2	tumpudik	0.7375989776558644	9
túvíf	FALSE	2	túvífik	0.7267499397341148	9
mípsuk	FALSE	2	mípsukik	0.7288582439712944	9
dafiz	FALSE	2	dafizik	0.7935329334807566	9
saldol	FALSE	2	saldolik	0.9460138305145945	10
rotluk	FALSE	2	rotlukik	0.8128172899945112	10
buplol	FALSE	2	buplolik	0.8549262274025103	10
sospíl	FALSE	2	sospílik	0.8031423714535694	10
misdal	FALSE	2	misdalik	0.9172381296460496	10
konzaz	FALSE	2	konzazik	0.8630590848640289	10
kafrin	FALSE	2	kafrinik	0.8130834872722934	10
rókopól	FALSE	3	rókopólik	0.25495871347750537	1
súkszoszat	FALSE	3	súkszoszatik	0.23130631814386987	1
lúturkol	FALSE	3	lúturkolik	0.2019275173133062	1
vatuszíl	FALSE	3	vatuszílik	0.1826322689433783	1
roszonyak	FALSE	3	roszonyakik	0.0337633754400041	1
fóvapong	FALSE	3	fóvapongik	0.22069094714856843	1
dimbítút	FALSE	3	dimbítútik	0.2755108899645267	1
rágapvuk	FALSE	3	rágapvukik	0.2748266910204782	1
tipirdot	FALSE	3	tipirdotik	0.2016514701745786	1
lakuróz	FALSE	3	lakurózik	0.2775192011462847	1
síkardor	FALSE	3	síkardorik	0.31973906777872135	2
fígyusak	FALSE	3	fígyusakik	0.37463816412230044	2
pátosil	FALSE	3	pátosilik	0.32251197433376744	2
dizkadand	FALSE	3	dizkadandik	0.33601619943317973	2
kóvulol	FALSE	3	kóvulolik	0.3726196472947447	2
tuvokag	FALSE	3	tuvokagik	0.333510045241945	2
támíktól	FALSE	3	támíktólik	0.344771871860663	2
mádutok	FALSE	3	mádutokik	0.2935409760194011	2
zápluzsát	FALSE	3	zápluzsátik	0.3624891845258387	2
bóforbujt	FALSE	3	bóforbujtik	0.3156634803936779	2
tonustúk	FALSE	3	tonustúkik	0.4029302948789217	3
lákofol	FALSE	3	lákofolik	0.4031539178664861	3
mukabít	FALSE	3	mukabítik	0.45172804688011625	3
dakutut	FALSE	3	dakututik	0.40681092654641576	3
tuvazól	FALSE	3	tuvazólik	0.3873758187660076	3
miluvok	FALSE	3	miluvokik	0.4523384300364608	3
kuskotok	FALSE	3	kuskotokik	0.4296596257044503	3
dúgotag	FALSE	3	dúgotagik	0.41715524663846404	3
gírakul	FALSE	3	gírakulik	0.41413370461501453	3
lúzoldul	FALSE	3	lúzoldulik	0.4458851176837887	3
múdobaz	FALSE	3	múdobazik	0.505494296535389	4
lánopín	FALSE	3	lánopínik	0.49806959758628994	4
tógivog	FALSE	3	tógivogik	0.4811700430186318	4
tolinád	FALSE	3	tolinádik	0.5029104739193264	4
rógdubat	FALSE	3	rógdubatik	0.47142996065058657	4
luriszud	FALSE	3	luriszudik	0.4838250812459378	4
kútutol	FALSE	3	kútutolik	0.4544085877445053	4
ronyasól	FALSE	3	ronyasólik	0.4839062837313875	4
szátílol	FALSE	3	szátílolik	0.4621441044351124	4
rúpalvul	FALSE	3	rúpalvulik	0.49697961911981037	4
kugyapúl	FALSE	3	kugyapúlik	0.5198722308172914	5
zsiszojír	FALSE	3	zsiszojírik	0.5245001945851873	5
stidindaz	FALSE	3	stidindazik	0.5107009196182569	5
lúdiral	FALSE	3	lúdiralik	0.541167745334153	5
múkupúl	FALSE	3	múkupúlik	0.5121967337693086	5
lazovald	FALSE	3	lazovaldik	0.5166533318694831	5
zástíndug	FALSE	3	zástíndugik	0.5370671861709428	5
búrkorlav	FALSE	3	búrkorlavik	0.5133575838516864	5
síkurkót	FALSE	3	síkurkótik	0.5314233336754567	5
víszabut	FALSE	3	víszabutik	0.5872817389351321	6
kaszukar	FALSE	3	kaszukarik	0.5707739584646915	6
tosatud	FALSE	3	tosatudik	0.573108318922383	6
módunúz	FALSE	3	módunúzik	0.5655930097547297	6
ráfrigrajt	FALSE	3	ráfrigrajtik	0.5453217437417452	6
sístulat	FALSE	3	sístulatik	0.5821733604345342	6
muríszál	FALSE	3	muríszálik	0.5853625645636354	6
truvupot	FALSE	3	truvupotik	0.5738526797598935	6
tanfufrig	FALSE	3	tanfufrigik	0.5755130560091742	6
fótoktág	FALSE	3	fótoktágik	0.5520890649957254	6
rilozop	FALSE	3	rilozopik	0.589716107180819	7
zsárusdáz	FALSE	3	zsárusdázik	0.6448709068481703	7
toszírlul	FALSE	3	toszírlulik	0.6223311350397467	7
rantrotin	FALSE	3	rantrotinik	0.6297204596707925	7
súrarít	FALSE	3	súrarítik	0.6156442060846813	7
búpafáz	FALSE	3	búpafázik	0.5938710867196546	7
míbavul	FALSE	3	míbavulik	0.6130755063933757	7
rúkumáz	FALSE	3	rúkumázik	0.5913410555205372	7
káfafúg	FALSE	3	káfafúgik	0.60950103257825206	7
fijduval	FALSE	3	fijduvalik	0.6164201050457424	7
mújovat	FALSE	3	mújovatik	0.6487509403077837	8
turapot	FALSE	3	turapotik	0.683715161283949	8
sztagoful	FALSE	3	sztagofulik	0.7075723277668982	8
vúparlíz	FALSE	3	vúparlízik	0.6689990663595963	8
jogaval	FALSE	3	jogavalik	0.6754377492109463	8
priksarsák	FALSE	3	priksarsákik	0.696583728394551	8
tógorik	FALSE	3	tógorikik	0.6916540243951417	8
siganut	FALSE	3	siganutik	0.6673174427749257	8
rítonyát	FALSE	3	rítonyátik	0.7620675613442497	9
szubuntál	FALSE	3	szubuntálik	0.7636533880615652	9
tágomfil	FALSE	3	tágomfilik	0.7314478835880295	9
mobolík	FALSE	3	mobolíkik	0.7328903068701969	9
szajdolal	FALSE	3	szajdolalik	0.7612550853294618	9
kigurar	FALSE	3	kigurarik	0.7514404982208411	9
szarbagán	FALSE	3	szarbagánik	0.7838541693509886	9
kozsílut	FALSE	3	kozsílutik	0.7913331820441861	9
tubiszák	FALSE	3	tubiszákik	0.7525805912842278	9
tóktufik	FALSE	3	tóktufikik	0.7214639015845492	9
kadikuz	FALSE	3	kadikuzik	0.9653847329634874	10
fírolmól	FALSE	3	fírolmólik	0.8584811701622357	10
kógyostuk	FALSE	3	kógyostukik	0.8291378845071328	10
raszusil	FALSE	3	raszusilik	0.880166654718107	10
baptibíl	FALSE	3	baptibílik	0.8522348226144545	10
kóturad	FALSE	3	kóturadik	0.7989831210782251	10
szururát	FALSE	3	szururátik	0.8095133826708236	10
túbosáz	FALSE	3	túbosázik	0.831075274242378	10
súnyolal	FALSE	3	súnyolalik	0.9897122501150013	10
káproglok	FALSE	3	káproglokik	0.8073019757405134	10
vegy	TRUE	1	vegyik	0.053068901341913076	1
lűk	TRUE	1	lűkik	0.04074479905339466	1
vők	TRUE	1	vőkik	0.2567790857643406	1
jügy	TRUE	1	jügyik	0.09633697350993621	1
bőd	TRUE	1	bődik	0.2738278439537669	1
bik	TRUE	1	bikik	0.26251653170193306	1
bűg	TRUE	1	bűgik	0.26300350212746415	1
für	TRUE	1	fürik	0.2403537029409206	1
röd	TRUE	1	rödik	0.3095902612066954	2
fit	TRUE	1	fitik	0.3367504155108874	2
mük	TRUE	1	mükik	0.3199857241789257	2
vög	TRUE	1	vögik	0.3061321664043264	2
rők	TRUE	1	rőkik	0.31046747020930415	2
plív	TRUE	1	plívik	0.35880999490190246	2
jölt	TRUE	1	jöltik	0.4488487870180232	3
kög	TRUE	1	kögik	0.40735187939582873	3
plit	TRUE	1	plitik	0.4076974170959102	3
szök	TRUE	1	szökik	0.43124503284898935	3
rőd	TRUE	1	rődik	0.41243701434562796	3
pűg	TRUE	1	pűgik	0.472721976872717	4
műg	TRUE	1	műgik	0.4761009921243037	4
röt	TRUE	1	rötik	0.49191302236133966	4
kűj	TRUE	1	kűjik	0.5052552765702865	4
röz	TRUE	1	rözik	0.5048062266871319	4
let	TRUE	1	letik	0.5040029184936481	4
kíz	TRUE	1	kízik	0.5025617584679863	4
strőd	TRUE	1	strődik	0.5078083850544447	5
mín	TRUE	1	mínik	0.5210976223554518	5
bőt	TRUE	1	bőtik	0.5167272804074244	5
míz	TRUE	1	mízik	0.5092390045234784	5
pöz	TRUE	1	pözik	0.527137299938027	5
vént	TRUE	1	véntik	0.5360022264221858	5
kek	TRUE	1	kekik	0.5088540982760554	5
nén	TRUE	1	nénik	0.5278833780300923	5
gek	TRUE	1	gekik	0.539376162112539	5
nöz	TRUE	1	nözik	0.5249065383162739	5
déz	TRUE	1	dézik	0.5777689874656494	6
tről	TRUE	1	trőlik	0.5425285977374936	6
sét	TRUE	1	sétik	0.5711715581682321	6
jőnt	TRUE	1	jőntik	0.5725863898968651	6
sőz	TRUE	1	sőzik	0.5838789118249412	6
trűk	TRUE	1	trűkik	0.5562187665779645	6
kit	TRUE	1	kitik	0.5847886306842011	6
tik	TRUE	1	tikik	0.5467479350725656	6
pir	TRUE	1	pirik	0.6274823128562768	7
jíl	TRUE	1	jílik	0.6436867133053794	7
kíl	TRUE	1	kílik	0.6444449848397737	7
zsez	TRUE	1	zsezik	0.6316460980289236	7
mét	TRUE	1	métik	0.5923000364583596	7
dőnt	TRUE	1	dőntik	0.6559088002749031	8
piz	TRUE	1	pizik	0.6643836304347864	8
led	TRUE	1	ledik	0.6997257401492889	8
tég	TRUE	1	tégik	0.7054580717295887	8
keg	TRUE	1	kegik	0.6940592055750983	8
prőz	TRUE	1	prőzik	0.6780838372948174	8
tür	TRUE	1	türik	0.7078119945636342	8
sünt	TRUE	1	süntik	0.7013694453633814	8
zet	TRUE	1	zetik	0.7654355278193035	9
dert	TRUE	1	dertik	0.7948712179231416	9
nül	TRUE	1	nülik	0.7867658462857434	9
kül	TRUE	1	külik	0.7684307316048724	9
spűt	TRUE	1	spűtik	0.7483431225977863	9
seg	TRUE	1	segik	0.7619270949117927	9
jül	TRUE	1	jülik	0.7868471635960022	9
met	TRUE	1	metik	0.7654461125829539	9
szűld	TRUE	1	szűldik	0.7587149739026968	9
mel	TRUE	1	melik	0.9673863781427023	10
med	TRUE	1	medik	0.8453789422575524	10
töl	TRUE	1	tölik	0.9490059943264642	10
szig	TRUE	1	szigik	0.8803622815579301	10
def	TRUE	1	defik	0.8020146219962574	10
tent	TRUE	1	tentik	0.8918750195543215	10
mél	TRUE	1	mélik	0.8661027313802081	10
szir	TRUE	1	szirik	0.878268985721534	10
szűg	TRUE	1	szűgik	0.8791855253662836	10
gűltök	TRUE	2	gűltökik	0.20600718598724468	1
nűköz	TRUE	2	nűközik	0.20516191355384927	1
fűfög	TRUE	2	fűfögik	0.17955823393452985	1
tördüt	TRUE	2	tördütik	0.16927542829849707	1
teltüd	TRUE	2	teltüdik	0.23956749753514106	1
vűktüt	TRUE	2	vűktütik	0.2553288396443206	1
földöt	TRUE	2	földötik	0.18873643680696817	1
lűrgüz	TRUE	2	lűrgüzik	0.33695203417674013	2
kűtöng	TRUE	2	kűtöngik	0.34494646613101904	2
vűntid	TRUE	2	vűntidik	0.3020046723623819	2
límküz	TRUE	2	límküzik	0.2958754993549653	2
métíng	TRUE	2	métíngik	0.366979201917555	2
lürtit	TRUE	2	lürtitik	0.38288653237821696	2
pölíg	TRUE	2	pölígik	0.3445479600613155	2
vöküjt	TRUE	2	vöküjtik	0.2949374085669866	2
műpzük	TRUE	2	műpzükik	0.43821274517917996	3
lölsük	TRUE	2	lölsükik	0.38438190862356936	3
kétren	TRUE	2	kétrenik	0.42072042130033477	3
bíbüd	TRUE	2	bíbüdik	0.40492527851185006	3
gügyit	TRUE	2	gügyitik	0.4265398150064476	3
mégyvök	TRUE	2	mégyvökik	0.40985349522933157	3
fébüng	TRUE	2	fébüngik	0.4441059732436815	3
bűrtít	TRUE	2	bűrtítik	0.42659503790073505	3
fötkiz	TRUE	2	fötkizik	0.43386591662876833	3
mefögy	TRUE	2	mefögyik	0.42331965205829913	3
pűvök	TRUE	2	pűvökik	0.47746456185863	4
kipöjt	TRUE	2	kipöjtik	0.4716037657810527	4
pűldöt	TRUE	2	pűldötik	0.4766302701784409	4
tőtríl	TRUE	2	tőtrílik	0.49399927355738654	4
drűfel	TRUE	2	drűfelik	0.5025687276686033	4
türvig	TRUE	2	türvigik	0.4973918444760099	4
deszüz	TRUE	2	deszüzik	0.5350063379989922	5
műgüz	TRUE	2	műgüzik	0.5259257263787827	5
röpek	TRUE	2	röpekik	0.5153487052155582	5
szérgíl	TRUE	2	szérgílik	0.5070548550203363	5
réndön	TRUE	2	réndönik	0.535337493284931	5
tűngyük	TRUE	2	tűngyükik	0.5064483347880099	5
vézild	TRUE	2	vézildik	0.5098470432665015	5
tűldüz	TRUE	2	tűldüzik	0.5667138407204041	6
déring	TRUE	2	déringik	0.5488573452775384	6
fértíl	TRUE	2	fértílik	0.5461807281085768	6
tüjüg	TRUE	2	tüjügik	0.5849308050016832	6
bisztük	TRUE	2	bisztükik	0.5615380445005735	6
kíbölt	TRUE	2	kíböltik	0.5679233508250274	6
dődít	TRUE	2	dődítik	0.5697211636433819	6
szinlüt	TRUE	2	szinlütik	0.5662219925113805	6
lümijz	TRUE	2	lümijzik	0.5697507959419724	6
körpiz	TRUE	2	körpizik	0.6167263043479154	7
pőntet	TRUE	2	pőntetik	0.5975755775907543	7
metrüt	TRUE	2	metrütik	0.6070845909736287	7
kűregy	TRUE	2	kűregyik	0.6118468690546247	7
sésztöjt	TRUE	2	sésztöjtik	0.6285626638132737	7
tőstilt	TRUE	2	tőstiltik	0.6218226863281128	7
gőndül	TRUE	2	gőndülik	0.5935017100191601	7
péslíl	TRUE	2	péslílik	0.645200768760434	7
skűrdír	TRUE	2	skűrdírik	0.6833588331105602	8
kőrint	TRUE	2	kőrintik	0.686186451488852	8
mílep	TRUE	2	mílepik	0.7020071423495801	8
stőszel	TRUE	2	stőszelik	0.6857962165519085	8
zésíl	TRUE	2	zésílik	0.6465403211537653	8
tőlzök	TRUE	2	tőlzökik	0.706849343181933	8
relzíl	TRUE	2	relzílik	0.6471420931644631	8
sümek	TRUE	2	sümekik	0.7015412880070488	8
bégig	TRUE	2	bégigik	0.6559739553351758	8
külbüng	TRUE	2	külbüngik	0.6580375058688023	8
rünlel	TRUE	2	rünlelik	0.7253215862091864	9
szözset	TRUE	2	szözsetik	0.7746390550300959	9
kűjiz	TRUE	2	kűjizik	0.7455411416095479	9
bőgdel	TRUE	2	bőgdelik	0.7662036520297661	9
szőgrük	TRUE	2	szőgrükik	0.7743438684825388	9
víszöt	TRUE	2	víszötik	0.7877982223102105	9
reröd	TRUE	2	rerödik	0.7860107650677455	9
tűgyel	TRUE	2	tűgyelik	0.8453261161560501	10
slepül	TRUE	2	slepülik	0.9086802855268653	10
penyek	TRUE	2	penyekik	0.8517501103619467	10
rönyer	TRUE	2	rönyerik	0.8430998491708321	10
límpül	TRUE	2	límpülik	0.8077805805019815	10
szetyök	TRUE	2	szetyökik	0.9353487465245823	10
spösek	TRUE	2	spösekik	0.8606315156755903	10
kígler	TRUE	2	kíglerik	0.8961633222957085	10
szöpek	TRUE	2	szöpekik	0.9885267681248674	10
mépebid	TRUE	3	mépebidik	0.2630171809583824	1
pövíjtöt	TRUE	3	pövíjtötik	0.2520863681952779	1
kőjtíböz	TRUE	3	kőjtíbözik	0.27945778382667474	1
fifügöz	TRUE	3	fifügözik	0.268118128123968	1
píködün	TRUE	3	píködünik	0.14541231755121706	1
kővösügy	TRUE	3	kővösügyik	0.23096178328482395	1
vűksígűl	TRUE	3	vűksígűlik	0.25371503761492326	1
téterkőt	TRUE	3	téterkőtik	0.25917425355845364	1
műtötrűn	TRUE	3	műtötrűnik	0.11525270732689202	1
szűnüpűt	TRUE	3	szűnüpűtik	0.2988406476296485	2
mőrügüt	TRUE	3	mőrügütik	0.321480399924609	2
fűtyükég	TRUE	3	fűtyükégik	0.3753453602821534	2
mídödül	TRUE	3	mídödülik	0.29176086162498777	2
südürmél	TRUE	3	südürmélik	0.30385585918125635	2
pűbömír	TRUE	3	pűbömírik	0.3814928045410737	2
szősköfül	TRUE	3	szősköfülik	0.3586271537022024	2
rőpötkég	TRUE	3	rőpötkégik	0.3061909166047918	2
jőrününg	TRUE	3	jőrününgik	0.4268555638256296	3
dűngüvil	TRUE	3	dűngüvilik	0.4499913956367763	3
kűküjlög	TRUE	3	kűküjlögik	0.3843797719546867	3
rűföpöl	TRUE	3	rűföpölik	0.4232635955982768	3
sílölkék	TRUE	3	sílölkékik	0.4129741879286414	3
letöszel	TRUE	3	letöszelik	0.44924626078072094	3
bönyigtönt	TRUE	3	bönyigtöntik	0.39819352689817994	3
jöpkeszel	TRUE	3	jöpkeszelik	0.4425808234446247	3
ménükűz	TRUE	3	ménükűzik	0.42918212261931155	3
lüpüsül	TRUE	3	lüpüsülik	0.44377443314969245	3
zefezslök	TRUE	3	zefezslökik	0.47948671167705337	4
pűndöszir	TRUE	3	pűndöszirik	0.45529672920124514	4
dűmíkik	TRUE	3	dűmíkikik	0.4973766207427338	4
böpöjüz	TRUE	3	böpöjüzik	0.4775876718097296	4
dűmetet	TRUE	3	dűmetetik	0.4800127269429139	4
ségyölét	TRUE	3	ségyölétik	0.48250858061926727	4
bűszöszök	TRUE	3	bűszöszökik	0.4712315254859549	4
setüköt	TRUE	3	setükötik	0.4752450205116566	4
tőtölbel	TRUE	3	tőtölbelik	0.49051804094980345	4
bijüpüz	TRUE	3	bijüpüzik	0.5154881010945692	5
pűrürön	TRUE	3	pűrürönik	0.5127727626194214	5
képrügínt	TRUE	3	képrügíntik	0.5302986453300109	5
kűmüsök	TRUE	3	kűmüsökik	0.5163831841351206	5
vőlírkil	TRUE	3	vőlírkilik	0.5110058099181727	5
férjödül	TRUE	3	férjödülik	0.5111350927956954	5
bevílök	TRUE	3	bevílökik	0.5303805585680607	5
fébökek	TRUE	3	fébökekik	0.5260217451608528	5
pűjüszüz	TRUE	3	pűjüszüzik	0.5214449661558638	5
tüdrilit	TRUE	3	tüdrilitik	0.5731372266697059	6
kédelél	TRUE	3	kédelélik	0.5641196050348374	6
sűrölül	TRUE	3	sűrölülik	0.5600494176171689	6
pérkípit	TRUE	3	pérkípitik	0.5519972898237517	6
pűtirít	TRUE	3	pűtirítik	0.5513903390329213	6
tőszkörbőt	TRUE	3	tőszkörbőtik	0.5714081868904519	6
dősemíl	TRUE	3	dősemílik	0.5768039683061563	6
södedüt	TRUE	3	södedütik	0.5758425284994023	6
rökíjüg	TRUE	3	rökíjügik	0.5669866154483182	6
bebímlün	TRUE	3	bebímlünik	0.6419050789595135	7
lüvetöz	TRUE	3	lüvetözik	0.6429856528994718	7
közídül	TRUE	3	közídülik	0.5985469871717994	7
pünírék	TRUE	3	pünírékik	0.6130173173805935	7
neríröl	TRUE	3	nerírölik	0.6237213242766525	7
köközünd	TRUE	3	köközündik	0.5946942848857959	7
dösíbíl	TRUE	3	dösíbílik	0.5910840588492262	7
dérökőt	TRUE	3	dérökőtik	0.5885407336490854	7
töbökét	TRUE	3	töbökétik	0.6028839678988704	7
sébílög	TRUE	3	sébílögik	0.6083149680075064	7
férmömek	TRUE	3	férmömekik	0.6605049890174282	8
prükedént	TRUE	3	prükedéntik	0.6555077743840828	8
fűptöfel	TRUE	3	fűptöfelik	0.6676046834878974	8
tebisök	TRUE	3	tebisökik	0.6540162011096544	8
sösötek	TRUE	3	sösötekik	0.6764477268521881	8
pűjeszéd	TRUE	3	pűjeszédik	0.7072828677543851	8
kőpínted	TRUE	3	kőpíntedik	0.7007704756904055	8
süresik	TRUE	3	süresikik	0.6648224179032333	8
szénjöfük	TRUE	3	szénjöfükik	0.6857252723394245	8
gészezüt	TRUE	3	gészezütik	0.7135533842868131	8
szűmedet	TRUE	3	szűmedetik	0.7498963614176579	9
pézsidel	TRUE	3	pézsidelik	0.7246364360077271	9
bíkíril	TRUE	3	bíkírilik	0.7806104261168682	9
pekedűg	TRUE	3	pekedűgik	0.7247594281008135	9
mertílüt	TRUE	3	mertílütik	0.7295397096774643	9
möpíleg	TRUE	3	möpílegik	0.7632531806977497	9
möremel	TRUE	3	möremelik	0.7225324570790533	9
kőnigyít	TRUE	3	kőnigyítik	0.7313230118284068	9
kümpifíg	TRUE	3	kümpifígik	0.7187189211169775	9
kűspiktűl	TRUE	3	kűspiktűlik	0.7173121073978667	9
kükemid	TRUE	3	kükemidik	0.8491650004005952	10
leszentel	TRUE	3	leszentelik	0.8689863392330014	10
szövirűt	TRUE	3	szövirűtik	0.9447002060231177	10
jesibet	TRUE	3	jesibetik	0.8505137379030727	10
főzsgüvét	TRUE	3	főzsgüvétik	0.8115866182638372	10
küvíret	TRUE	3	küvíretik	0.8712183283772861	10
kődílel	TRUE	3	kődílelik	0.8288564090491258	10
tübinel	TRUE	3	tübinelik	0.8177558619542796	10
küferél	TRUE	3	küferélik	0.8680726376543946	10
